{
"type": "FeatureCollection",
"name": "example_germany_eez",
"crs": { "type": "name", "properties": { "name": "urn:ogc:def:crs:OGC:1.3:CRS84" } },
"features": [
{ "type": "Feature", "properties": { "region": "Germany" }, "geometry": { "type": "MultiPolygon", "coordinates": [ [ [ [ 14.222442030875072, 53.864237427615308 ], [ 14.221540863420273, 53.861877775638959 ], [ 14.219767496572786, 53.857243043931362 ], [ 14.219720798376159, 53.857116566876243 ], [ 14.217979645244441, 53.852566025202066 ], [ 14.217900732432895, 53.852355357214151 ], [ 14.216191793916323, 53.847889007371975 ], [ 14.216080667388951, 53.847594148451265 ], [ 14.215318045891081, 53.845601019671335 ], [ 14.21514445515254, 53.844922068398716 ], [ 14.215104792352349, 53.844769692667342 ], [ 14.214845869441319, 53.843757120794578 ], [ 14.214806199446571, 53.843604591278961 ], [ 14.214643191030575, 53.842967189584158 ], [ 14.214534540336786, 53.842703808733859 ], [ 14.21451379117849, 53.842652948474949 ], [ 14.214295581475938, 53.842123926777901 ], [ 14.21427659498886, 53.842077394955993 ], [ 14.214056623514409, 53.841544044821944 ], [ 14.214039400597983, 53.841501842336186 ], [ 14.213817664653561, 53.840964165563946 ], [ 14.213802205307559, 53.840926290615926 ], [ 14.213578706692033, 53.840384286305891 ], [ 14.213565011815888, 53.840350739794872 ], [ 14.213339748730505, 53.839804408846419 ], [ 14.21332781832416, 53.839775188973874 ], [ 14.213100790769033, 53.839224531387117 ], [ 14.213090625731866, 53.839199639951516 ], [ 14.212861832807505, 53.838644655726398 ], [ 14.212853434038891, 53.838624090929045 ], [ 14.212682504394252, 53.838209435117506 ], [ 14.212622874845806, 53.838064780065679 ], [ 14.212616242345746, 53.838048542806121 ], [ 14.212383916884335, 53.837484906203485 ], [ 14.212379051552034, 53.837472994683026 ], [ 14.212144958922806, 53.836905032341463 ], [ 14.212141860758436, 53.836897448358627 ], [ 14.211906001860484, 53.836325159378703 ], [ 14.211904669964667, 53.836321901134852 ], [ 14.211667488164039, 53.835746364703027 ], [ 14.211667044798389, 53.835745299006533 ], [ 14.211430327947255, 53.835170856150228 ], [ 14.211428092232723, 53.835165474606981 ], [ 14.211193167730642, 53.834595346698052 ], [ 14.211189139667056, 53.834585648409131 ], [ 14.210956006614481, 53.834019835447123 ], [ 14.210950187101616, 53.834005821311678 ], [ 14.210718844599114, 53.833444324196364 ], [ 14.210711233636573, 53.833425993315018 ], [ 14.210481681684371, 53.832868812046058 ], [ 14.210472280171757, 53.832846164419038 ], [ 14.210244518769684, 53.832293298097397 ], [ 14.210233326706714, 53.832266333724419 ], [ 14.210007354955565, 53.831717784148566 ], [ 14.209994374141104, 53.831686503029687 ], [ 14.209770190242068, 53.831142270199678 ], [ 14.209755420676231, 53.831106671435748 ], [ 14.209533025528799, 53.830566754452263 ], [ 14.209516467211245, 53.830526838043284 ], [ 14.209295859916153, 53.829991238704679 ], [ 14.209277512847052, 53.829947004650592 ], [ 14.20905869430328, 53.829415722058059 ], [ 14.209038559382009, 53.829367170358694 ], [ 14.208821527791258, 53.828840204511948 ], [ 14.208799605917193, 53.828787335167476 ], [ 14.20858436038003, 53.828264686965781 ], [ 14.208560651553, 53.828207499976259 ], [ 14.208347192968631, 53.827689169419614 ], [ 14.208321698087957, 53.827627663885607 ], [ 14.208110025557232, 53.827113650074921 ], [ 14.208082743723764, 53.827047826895807 ], [ 14.207872857246684, 53.826538130730171 ], [ 14.207843790258721, 53.82646798900646 ], [ 14.20763568893608, 53.825962611385478 ], [ 14.207604835894529, 53.825888151117283 ], [ 14.207398519725928, 53.825387091141408 ], [ 14.207365881530336, 53.825308312328787 ], [ 14.207161350516003, 53.824811570897339 ], [ 14.207126928065293, 53.824728473540404 ], [ 14.206924181306022, 53.824236049754063 ], [ 14.2068879737011, 53.824148633852474 ], [ 14.206687011196664, 53.82366052861056 ], [ 14.206649019336908, 53.823568794164601 ], [ 14.206449841087363, 53.823085006567965 ], [ 14.206410064972488, 53.822988953577465 ], [ 14.206212670978005, 53.822509484525142 ], [ 14.206171110608295, 53.822409112091009 ], [ 14.205975499969497, 53.82193396248249 ], [ 14.205932156244103, 53.821829271503759 ], [ 14.205738329860196, 53.821358439540461 ], [ 14.20569320187991, 53.821249429117927 ], [ 14.205501157952085, 53.820782916598432 ], [ 14.205454246616341, 53.820669587631414 ], [ 14.205263986943578, 53.820207393656403 ], [ 14.205215292251921, 53.820089744346205 ], [ 14.205026815035524, 53.819631869815055 ], [ 14.204976337887729, 53.819509901960544 ], [ 14.204737292692016, 53.818929164749193 ], [ 14.204497823016254, 53.818344275368133 ], [ 14.204257931558459, 53.817755233817138 ], [ 14.20401761651982, 53.817162039196774 ], [ 14.203776877900737, 53.816564692406814 ], [ 14.203535716600015, 53.815963193446635 ], [ 14.203294132618225, 53.81535754231686 ], [ 14.203052125055649, 53.814747738117717 ], [ 14.2028096939124, 53.814133781748808 ], [ 14.202566840087684, 53.813515672310473 ], [ 14.202323562682352, 53.812893411601749 ], [ 14.202079862595554, 53.812266997823826 ], [ 14.201835738928366, 53.811636431875968 ], [ 14.201591192579656, 53.811001712858854 ], [ 14.20140242218406, 53.810509406883682 ], [ 14.210299986255393, 53.809996822995117 ], [ 14.210494809987608, 53.809985265807541 ], [ 14.210689461949187, 53.809973383964632 ], [ 14.210883942140242, 53.809961177466448 ], [ 14.211078251460208, 53.809948648111799 ], [ 14.211272389009594, 53.809935794101705 ], [ 14.211466354788513, 53.809922616335768 ], [ 14.211660148796909, 53.809909113914557 ], [ 14.211853771034782, 53.80989528773739 ], [ 14.212047222401566, 53.809881137804439 ], [ 14.212240501098222, 53.809866663215985 ], [ 14.212433608923959, 53.809851864871746 ], [ 14.212626544979173, 53.809836741872175 ], [ 14.21281931016307, 53.809821296016025 ], [ 14.213011902677295, 53.809805525504714 ], [ 14.213204324320202, 53.809789430338071 ], [ 14.21331486898606, 53.809779989255162 ], [ 14.213491601056603, 53.80974467287848 ], [ 14.213693027611157, 53.809704051400956 ], [ 14.213894182570527, 53.809663113362035 ], [ 14.214095065934714, 53.809621858761943 ], [ 14.214295676804113, 53.809580287600284 ], [ 14.214496016977705, 53.809538400776717 ], [ 14.214696084656566, 53.809496196492375 ], [ 14.21489588163962, 53.809453676546013 ], [ 14.215095406128114, 53.809410839138991 ], [ 14.215294659021424, 53.809367686069947 ], [ 14.215493640319323, 53.809324216439563 ], [ 14.215692350022096, 53.809280430247838 ], [ 14.215890788129457, 53.809236327494546 ], [ 14.216088954641634, 53.809191909079516 ], [ 14.216286849558628, 53.809147173203485 ], [ 14.216484472880211, 53.809102121665717 ], [ 14.21668182370729, 53.809056753566381 ], [ 14.216878903838335, 53.809011068905704 ], [ 14.217075711475047, 53.808965067683857 ], [ 14.217272247516348, 53.808918749900499 ], [ 14.217468511962295, 53.808872115555744 ], [ 14.217664505712378, 53.808825165549024 ], [ 14.217860226967957, 53.808777898081587 ], [ 14.218055675728976, 53.808730314952129 ], [ 14.218250853793961, 53.80868241526133 ], [ 14.218445760263762, 53.808634199009191 ], [ 14.218640395138209, 53.808585666195711 ], [ 14.218834757518096, 53.808536816820833 ], [ 14.219028849202118, 53.808487651783821 ], [ 14.219222668391467, 53.808438169286262 ], [ 14.219416215985575, 53.808388371126512 ], [ 14.219609492883876, 53.808338256405591 ], [ 14.219802497287446, 53.808287825123159 ], [ 14.219995230095833, 53.808237077279387 ], [ 14.220187691309036, 53.808186012874387 ], [ 14.220379880027508, 53.808134631907706 ], [ 14.220571798050116, 53.808082935279401 ], [ 14.220763444477541, 53.808030921190209 ], [ 14.220954818410235, 53.807978591438996 ], [ 14.221104390055643, 53.807937386301376 ], [ 14.221145963015829, 53.807925993689707 ], [ 14.221240210167593, 53.807899974504323 ], [ 14.221337085138373, 53.807873369860147 ], [ 14.221376024883682, 53.807862595982215 ], [ 14.221528184777981, 53.807820719051108 ], [ 14.22171905059372, 53.807767796646544 ], [ 14.221909643915126, 53.807714556781377 ], [ 14.222099963842425, 53.80766099945572 ], [ 14.222290012174312, 53.807607124669119 ], [ 14.222479787112491, 53.807552931522594 ], [ 14.222669289556109, 53.807498420915579 ], [ 14.22285851860579, 53.807443592847619 ], [ 14.223047476060287, 53.807388446419736 ], [ 14.223236160120791, 53.807332983430513 ], [ 14.223424571686621, 53.807277202081366 ], [ 14.223612709858685, 53.807221103271331 ], [ 14.223800576435565, 53.80716468700075 ], [ 14.223988169618508, 53.807107952370245 ], [ 14.22417549030672, 53.807050900278853 ], [ 14.224362537601166, 53.806993531626233 ], [ 14.224549313300258, 53.806935843714371 ], [ 14.224735815605584, 53.806877839240997 ], [ 14.224922045416179, 53.806819517307019 ], [ 14.225108001832837, 53.806760877013005 ], [ 14.225293685755105, 53.806701919258217 ], [ 14.225479098082019, 53.806642644042938 ], [ 14.225664236115676, 53.806583050467509 ], [ 14.225849102554093, 53.806523140330739 ], [ 14.226033695598744, 53.806462911834046 ], [ 14.226218016148493, 53.806402365876465 ], [ 14.22640206420408, 53.806341501559189 ], [ 14.22658583976488, 53.806280320680287 ], [ 14.226769341931572, 53.806218821441519 ], [ 14.226952571603931, 53.806157004742033 ], [ 14.227135528781673, 53.806094870582001 ], [ 14.227318213464855, 53.806032418961081 ], [ 14.227500624754157, 53.805969648980238 ], [ 14.227682763548671, 53.80590656153862 ], [ 14.227864629848852, 53.805843156636513 ], [ 14.22804622275504, 53.805779434273632 ], [ 14.22822754406593, 53.805715393550713 ], [ 14.228408591982998, 53.805651036266397 ], [ 14.228589366506185, 53.805586360622158 ], [ 14.228769869434018, 53.805521367517258 ], [ 14.228950098967857, 53.805456056052208 ], [ 14.229130056007364, 53.805390428025987 ], [ 14.229309740552139, 53.805324481639673 ], [ 14.229489152602298, 53.805258217792641 ], [ 14.229668291258747, 53.805191636484892 ], [ 14.229847157420465, 53.80512473681722 ], [ 14.230025751087624, 53.805057520588207 ], [ 14.230204071360788, 53.8049899859991 ], [ 14.230382120038826, 53.80492213394939 ], [ 14.230559895323097, 53.804853963539642 ], [ 14.230737398112467, 53.804785476568554 ], [ 14.230914627508241, 53.804716671237486 ], [ 14.231091584409114, 53.804647548445757 ], [ 14.231268268815597, 53.804578108193255 ], [ 14.23144468072752, 53.804508350480035 ], [ 14.231620820144883, 53.804438274406948 ], [ 14.231796686168309, 53.804367880873087 ], [ 14.231972279697004, 53.80429716987868 ], [ 14.232147600731309, 53.804226141423385 ], [ 14.232322648371508, 53.804154794608166 ], [ 14.232497424416692, 53.804083131231607 ], [ 14.232671927067827, 53.804011149495125 ], [ 14.232846156325138, 53.803938850297754 ], [ 14.233020113987095, 53.803866232740631 ], [ 14.233193798255286, 53.803793298621997 ], [ 14.233367210028803, 53.803720046143383 ], [ 14.233540349307702, 53.803646476204108 ], [ 14.233713215192836, 53.803572588804059 ], [ 14.233885809482672, 53.803498383043973 ], [ 14.234058130378514, 53.80342386072266 ], [ 14.234230177880477, 53.80334902004131 ], [ 14.234401953787199, 53.803273861899356 ], [ 14.234573456299984, 53.803198385397138 ], [ 14.234744686318265, 53.80312259233375 ], [ 14.23491564384193, 53.803046480910496 ], [ 14.235086327971715, 53.802970052026467 ], [ 14.235256740506316, 53.80289330568155 ], [ 14.235426879646923, 53.802816241876258 ], [ 14.23559674539365, 53.802738859710701 ], [ 14.235766339544966, 53.80266116008454 ], [ 14.235822413173935, 53.802635323461573 ], [ 14.235935841965613, 53.802583354338367 ], [ 14.235991069332499, 53.802557906222376 ], [ 14.23610534438626, 53.802505548592364 ], [ 14.236159726390383, 53.802480489882726 ], [ 14.236274846806907, 53.802427742846135 ], [ 14.236328382548948, 53.802403073543076 ], [ 14.236444349227327, 53.802349937099962 ], [ 14.236497039606718, 53.802325656304049 ], [ 14.236613851647974, 53.802272132253279 ], [ 14.236665695765225, 53.802248239964399 ], [ 14.236783354068621, 53.802194326507106 ], [ 14.236834352823166, 53.802170823624749 ], [ 14.236952856489268, 53.802116520760876 ], [ 14.237003008981731, 53.802093406385779 ], [ 14.237122359809234, 53.802038715014874 ], [ 14.237171666039615, 53.802015990045902 ], [ 14.237291862229711, 53.801960909268644 ], [ 14.237340322198179, 53.801938573706252 ], [ 14.237461364650358, 53.801883103522471 ], [ 14.23750897925612, 53.801861156467282 ], [ 14.237630867070948, 53.801805297776411 ], [ 14.237677635414627, 53.801783740127632 ], [ 14.237800369491595, 53.801727492030238 ], [ 14.237846292472568, 53.801706323787982 ], [ 14.237969871912242, 53.801649686284009 ], [ 14.238014948631132, 53.801628907448105 ], [ 14.238139374332661, 53.801571880538006 ], [ 14.238183605688846, 53.801551490209135 ], [ 14.238308876753308, 53.801494074791776 ], [ 14.238352261847581, 53.801474073869485 ], [ 14.238478379173955, 53.801416269045774 ], [ 14.238520918905351, 53.801396657529835 ], [ 14.238647881594602, 53.801338463299601 ], [ 14.238689575063859, 53.801319241190185 ], [ 14.238817384015192, 53.801260657553371 ], [ 14.2388582321218, 53.801241823951159 ], [ 14.238986886435839, 53.801182851807198 ], [ 14.239026888280364, 53.801164407611509 ], [ 14.239156388856316, 53.801105045161762 ], [ 14.239195545338248, 53.801086991271688 ], [ 14.239325891276962, 53.80102723941576 ], [ 14.239364201496812, 53.801009574932039 ], [ 14.239495393697553, 53.80094943366953 ], [ 14.239532858554753, 53.800932158592389 ], [ 14.2396648961182, 53.800871627923357 ], [ 14.239701514713317, 53.800854742252739 ], [ 14.23983439763947, 53.800793822177127 ], [ 14.239870171771202, 53.800777325912861 ], [ 14.240003900060117, 53.800716016431124 ], [ 14.240038827929595, 53.800699909573211 ], [ 14.240173402480536, 53.800638210684951 ], [ 14.240207484987479, 53.800622492334242 ], [ 14.240342904901183, 53.800560404938892 ], [ 14.240376141146044, 53.800545075994592 ], [ 14.24051240732183, 53.800482599192719 ], [ 14.240544798203985, 53.800467659654942 ], [ 14.240681909742477, 53.800404792547113 ], [ 14.240713455261869, 53.800390243315064 ], [ 14.240851412163067, 53.80032698680111 ], [ 14.240882111420433, 53.800312826975414 ], [ 14.241020914583714, 53.80024918105488 ], [ 14.241050768478374, 53.800235410635764 ], [ 14.241190417004191, 53.800171375308878 ], [ 14.241219424636711, 53.800157994296114 ], [ 14.241359918525461, 53.800093569562705 ], [ 14.241388081694652, 53.800080577956294 ], [ 14.241472885065718, 53.800041688573231 ], [ 14.241529420946051, 53.800015762917269 ], [ 14.241556737853216, 53.800003161616644 ], [ 14.241698923366698, 53.799937957171096 ], [ 14.2417253949111, 53.799925745276994 ], [ 14.241868425787345, 53.799860151424866 ], [ 14.241894051069664, 53.799848328937344 ], [ 14.242037928207992, 53.799782345678864 ], [ 14.242062708127605, 53.799770912597694 ], [ 14.242207430628412, 53.799704539033314 ], [ 14.24223136428617, 53.79969349715725 ], [ 14.242376932149853, 53.799626733287255 ], [ 14.242400021344054, 53.7996160808176 ], [ 14.242546434570329, 53.799548927541082 ], [ 14.242568677502618, 53.79953866447795 ], [ 14.242715936990976, 53.799471121795023 ], [ 14.242737334560331, 53.79946124813813 ], [ 14.242885439411566, 53.799393315149473 ], [ 14.242905991618272, 53.79938383179848 ], [ 14.243054940932836, 53.799315509403243 ], [ 14.243074647776837, 53.79930641545883 ], [ 14.243224443353483, 53.799237703657241 ], [ 14.243243304834721, 53.79922899911918 ], [ 14.24339394577413, 53.799159897011691 ], [ 14.243411960993285, 53.799151582779359 ], [ 14.24356344819455, 53.799082091265632 ], [ 14.243580618051226, 53.799074167339086 ], [ 14.243732949715991, 53.799004285519459 ], [ 14.24374927420979, 53.798996750999436 ], [ 14.243902452136638, 53.79892647887408 ], [ 14.243917931267674, 53.798919334659615 ], [ 14.244071954557114, 53.79884867312785 ], [ 14.244086588325445, 53.798841918319965 ], [ 14.244241456078385, 53.798770866482471 ], [ 14.244255244483952, 53.798764502879635 ], [ 14.244410958498975, 53.798693060736241 ], [ 14.244423901541893, 53.798687086539815 ], [ 14.244580460919622, 53.798615254990068 ], [ 14.244592557700457, 53.798609670200165 ], [ 14.244749962440892, 53.798537448344689 ], [ 14.244761214758341, 53.798532253860515 ], [ 14.244919464861539, 53.798459642598459 ], [ 14.244929870916906, 53.798454838420241 ], [ 14.245088967282129, 53.79838183595308 ], [ 14.245098527974847, 53.798377422080421 ], [ 14.245258468803399, 53.79830403020685 ], [ 14.24526718503256, 53.798300005740771 ], [ 14.245427971224046, 53.798226223561471 ], [ 14.245435841191295, 53.798222590300497 ], [ 14.245597473644523, 53.798148417815298 ], [ 14.245604498249065, 53.798145173960677 ], [ 14.245766975165793, 53.798070611169862 ], [ 14.245773154407573, 53.798067758520403 ], [ 14.245936477586383, 53.797992805423689 ], [ 14.245941811465514, 53.797990342180583 ], [ 14.246105979107654, 53.79791499877831 ], [ 14.246110468523455, 53.797912925840933 ], [ 14.246275481528301, 53.79783719303208 ], [ 14.246279124681962, 53.797835510400603 ], [ 14.246444983948948, 53.797759386386701 ], [ 14.246447781739903, 53.797758094060782 ], [ 14.246614485470218, 53.797681580640472 ], [ 14.246616437898467, 53.797680678620509 ], [ 14.246783987890808, 53.797603773995093 ], [ 14.246785094956181, 53.797603262280859 ], [ 14.246953489412078, 53.797525967349543 ], [ 14.246953752014122, 53.797525846840415 ], [ 14.247122408172686, 53.797448429601388 ], [ 14.247122992732102, 53.79744816250286 ], [ 14.247291064331193, 53.797371011462985 ], [ 14.247459788838285, 53.797294038489213 ], [ 14.247628581693732, 53.797217513377632 ], [ 14.2477974419985, 53.797141435229094 ], [ 14.247966370651568, 53.797065804043655 ], [ 14.248135367653219, 53.796990620720635 ], [ 14.248304432104021, 53.796915884360601 ], [ 14.248473565802556, 53.796841594963723 ], [ 14.248642766950184, 53.796767752529888 ], [ 14.248812036446395, 53.796694357958415 ], [ 14.248981374291134, 53.796621410349928 ], [ 14.249150779584852, 53.796548909704597 ], [ 14.249320254126417, 53.796476856022139 ], [ 14.249489796117359, 53.796405250202156 ], [ 14.249659406456487, 53.796334091345216 ], [ 14.249829084244936, 53.796263379451489 ], [ 14.249998831281061, 53.79619311452069 ], [ 14.250168645766564, 53.796123297452311 ], [ 14.250338528600253, 53.796053927346918 ], [ 14.250508479782638, 53.795985004204681 ], [ 14.250678498413947, 53.795916528025487 ], [ 14.250848586293387, 53.795848499708654 ], [ 14.251018741621806, 53.795780918354808 ], [ 14.251188965298525, 53.795713783964118 ], [ 14.251359256424621, 53.795647097435676 ], [ 14.25152961679845, 53.795580856970957 ], [ 14.25170004462143, 53.795515064368885 ], [ 14.251870540792879, 53.795449718729571 ], [ 14.252041105312912, 53.795384820952791 ], [ 14.252211737281925, 53.795320370139052 ], [ 14.252382437599465, 53.795256366288299 ], [ 14.252553207164851, 53.795192809400703 ], [ 14.252724043280068, 53.795129699476149 ], [ 14.252894948643018, 53.795067037413958 ], [ 14.253065922354438, 53.795004822314752 ], [ 14.253236963515064, 53.794943054178702 ], [ 14.256164379982181, 53.793893952743815 ], [ 14.256221861050108, 53.793873352873049 ], [ 14.256383598724199, 53.793815822342481 ], [ 14.256545429927712, 53.793758690211462 ], [ 14.256634813545929, 53.793727372220587 ], [ 14.256707315989956, 53.793701782911057 ], [ 14.256791110321615, 53.793672430838114 ], [ 14.256869201152824, 53.793644876509859 ], [ 14.25694740619798, 53.793617489455642 ], [ 14.257031086315749, 53.793587970108888 ], [ 14.257103702074289, 53.793562547173849 ], [ 14.257192972377766, 53.793531064607066 ], [ 14.257354911499988, 53.793474384835065 ], [ 14.26174956469066, 53.791947936748045 ], [ 14.261918297291743, 53.791889800074216 ], [ 14.262087185475366, 53.791832080686049 ], [ 14.262256231040283, 53.79177477858326 ], [ 14.262425431288762, 53.791717893765849 ], [ 14.262594788019157, 53.791661427133249 ], [ 14.262764301231698, 53.791605376886821 ], [ 14.262933969127403, 53.791549743925657 ], [ 14.262983615301721, 53.791533601994331 ], [ 14.263103683788074, 53.791494233272317 ], [ 14.26315285961681, 53.791478245125006 ], [ 14.263273398448689, 53.791438723518411 ], [ 14.263322103032692, 53.791422889155058 ], [ 14.263443113109361, 53.791383213764448 ], [ 14.263491347347781, 53.791367532285904 ], [ 14.263612827769975, 53.791327703111108 ], [ 14.263660591663097, 53.791312175416635 ], [ 14.26378254243042, 53.791272193357202 ], [ 14.263829835978186, 53.791256818547481 ], [ 14.263952257091091, 53.791216683603238 ], [ 14.263999079394068, 53.791201461678156 ], [ 14.264121971751706, 53.791161172949899 ], [ 14.264168323709157, 53.791146104809059 ], [ 14.264291686412321, 53.791105663195935 ], [ 14.264337568024473, 53.791090747939734 ], [ 14.264461401072992, 53.791050153441859 ], [ 14.264506812339562, 53.791035391070579 ], [ 14.264631115733437, 53.790994642788689 ], [ 14.264676056654821, 53.790980035100631 ], [ 14.264800830394051, 53.790939133034726 ], [ 14.264845300070533, 53.790924678231363 ], [ 14.264970545054723, 53.790883623280592 ], [ 14.265014544385792, 53.790869321362209 ], [ 14.265140259715338, 53.79082811262748 ], [ 14.265183788700938, 53.790813964492884 ], [ 14.265309974375782, 53.790772602873517 ], [ 14.265353033016197, 53.790758607623786 ], [ 14.265479689036454, 53.790717093119383 ], [ 14.26552227643208, 53.790703250754461 ], [ 14.265649403697068, 53.7906615824661 ], [ 14.265691520747168, 53.790647893885307 ], [ 14.265819118357683, 53.790606072712137 ], [ 14.265860765062257, 53.790592537016039 ], [ 14.265988833018355, 53.790550562958174 ], [ 14.266030009377573, 53.790537180146885 ], [ 14.26615854767897, 53.790495053204211 ], [ 14.266199253692662, 53.79048182327756 ], [ 14.266328262339414, 53.790439542550928 ], [ 14.266368497108544, 53.790426467307611 ], [ 14.266497977000085, 53.790384032796965 ], [ 14.266537741423633, 53.790371110438514 ], [ 14.266607750047797, 53.790348166934507 ], [ 14.2666676916607, 53.790328523043001 ], [ 14.266706985738949, 53.790315753569359 ], [ 14.266837406321372, 53.790273012389719 ], [ 14.266876230054038, 53.790260396700035 ], [ 14.267007120981987, 53.790217502635755 ], [ 14.267045473469921, 53.790205039830767 ], [ 14.267176835642431, 53.790161992881792 ], [ 14.267214717785009, 53.790149682961612 ], [ 14.267346550303103, 53.790106483127829 ], [ 14.267383962100268, 53.790094326092458 ], [ 14.267516264963717, 53.790050972474546 ], [ 14.267553206415414, 53.79003896922319 ], [ 14.267685979624332, 53.789995462720583 ], [ 14.267722449831297, 53.789983612353865 ], [ 14.267855694285004, 53.78993995296662 ], [ 14.267891694146556, 53.78992825548471 ], [ 14.268025408945618, 53.789884443212486 ], [ 14.268060938461645, 53.789872898615386 ], [ 14.268195123606063, 53.789828932559374 ], [ 14.268230182776733, 53.789817541746288 ], [ 14.268364838266734, 53.789773422805411 ], [ 14.268399426192673, 53.789762184876963 ], [ 14.268534552927349, 53.789717913051277 ], [ 14.268568670507761, 53.789706828007809 ], [ 14.268704267587964, 53.78966240329737 ], [ 14.268737914823021, 53.789651471138541 ], [ 14.268873982248635, 53.789606892644031 ], [ 14.268907159138109, 53.789596114269386 ], [ 14.26904369690925, 53.789551382890068 ], [ 14.269076403453425, 53.789540757400061 ], [ 14.269213411569694, 53.789495873136104 ], [ 14.269245646869138, 53.789485400530964 ], [ 14.269383126230366, 53.789440363382198 ], [ 14.269414891184397, 53.789430043661639 ], [ 14.269552840890981, 53.789384853628235 ], [ 14.269584135499485, 53.789374686792485 ], [ 14.269722555551652, 53.789329342974895 ], [ 14.269753379814745, 53.789319329923217 ], [ 14.269892270212267, 53.789273833220989 ], [ 14.269922623230514, 53.789263973054062 ], [ 14.270061984872711, 53.789218323467026 ], [ 14.270091867545773, 53.789208616184737 ], [ 14.270231699533383, 53.789162813713062 ], [ 14.270261111860862, 53.78915325931564 ], [ 14.27043033549171, 53.789097830500452 ], [ 14.270599440412013, 53.789041978104876 ], [ 14.270768425722338, 53.78898570392721 ], [ 14.270937292322344, 53.788929007068077 ], [ 14.271106040211635, 53.788871887527705 ], [ 14.271274668491287, 53.788814345305866 ], [ 14.271443178060281, 53.788756380402788 ], [ 14.271611568918843, 53.788697992818243 ], [ 14.271779841066916, 53.788639182552402 ], [ 14.271947993605011, 53.788579950504356 ], [ 14.272116027432787, 53.788520294875809 ], [ 14.272283941650755, 53.788460217465229 ], [ 14.272451738057384, 53.788399716473805 ], [ 14.272619413954942, 53.788338793700461 ], [ 14.272786972041274, 53.788277448245708 ], [ 14.272954410517684, 53.788215680109715 ], [ 14.273121730283719, 53.788153489292199 ], [ 14.273288931339209, 53.78809087579333 ], [ 14.273456012784948, 53.788027839613278 ], [ 14.27362297551997, 53.787964380751646 ], [ 14.273789819544618, 53.787900500108151 ], [ 14.273956543959514, 53.787836195883813 ], [ 14.274123149663694, 53.787771469877555 ], [ 14.274289635758066, 53.78770632118983 ], [ 14.274456004041497, 53.787640749820923 ], [ 14.274622252714835, 53.787574754871116 ], [ 14.274788381778421, 53.787508338139446 ], [ 14.274954393030953, 53.787441499625515 ], [ 14.275120284673449, 53.787374237531139 ], [ 14.275286057605513, 53.787306552755297 ], [ 14.275451710927882, 53.787238445298044 ], [ 14.275617245539479, 53.787169916058872 ], [ 14.275782661440758, 53.787100964138233 ], [ 14.276309924963186, 53.786879671559689 ], [ 14.276477293292487, 53.786809909349984 ], [ 14.276644888251042, 53.786740532949352 ], [ 14.27681271073817, 53.786671544156547 ], [ 14.276980759854268, 53.786602941172987 ], [ 14.277149035599621, 53.786534724897706 ], [ 14.277317538873376, 53.786466895331046 ], [ 14.277486268776272, 53.786399452472949 ], [ 14.277655225308422, 53.786332395423813 ], [ 14.277824409369146, 53.786265725982446 ], [ 14.277993820058896, 53.786199442350551 ], [ 14.278163457377843, 53.786133546326255 ], [ 14.278333322225194, 53.786068036111033 ], [ 14.278503413701742, 53.786002912604488 ], [ 14.278673731807316, 53.78593817490696 ], [ 14.278844277441635, 53.785873824817259 ], [ 14.27901504970481, 53.785809861436007 ], [ 14.27918604949673, 53.785746283864 ], [ 14.279357275917675, 53.785683093000443 ], [ 14.279528728967648, 53.78562028884528 ], [ 14.279700408647045, 53.785557871398794 ], [ 14.279872315854789, 53.785495840660587 ], [ 14.280044450591106, 53.785434195731568 ], [ 14.28021681105713, 53.785372938410433 ], [ 14.280389399051671, 53.785312066898484 ], [ 14.280562214574616, 53.785251582094816 ], [ 14.280735255827437, 53.785191483999824 ], [ 14.280908524608776, 53.785131772613397 ], [ 14.281082020918575, 53.785072447935249 ], [ 14.281255742958137, 53.785013509066346 ], [ 14.281429693425707, 53.784954957805098 ], [ 14.28160386962287, 53.784896792353265 ], [ 14.281778273348664, 53.784839013609712 ], [ 14.281952903703655, 53.784781621574723 ], [ 14.282127761586992, 53.78472461624807 ], [ 14.282302845200206, 53.784667996730832 ], [ 14.282478157241201, 53.784611764821193 ], [ 14.282653695012186, 53.784555918720798 ], [ 14.282829460311405, 53.784500460228116 ], [ 14.283005452239991, 53.784445387544793 ], [ 14.285743046104812, 53.783595830383263 ], [ 14.285921285439031, 53.783540066121247 ], [ 14.286099523874043, 53.783483852198174 ], [ 14.286277760510359, 53.783427187714722 ], [ 14.286455995348092, 53.783370072670834 ], [ 14.286634229286278, 53.783312507966002 ], [ 14.286812461426109, 53.783254491801529 ], [ 14.28699069176713, 53.78319602597594 ], [ 14.287168920309455, 53.783137110489406 ], [ 14.28734714795263, 53.783077743543174 ], [ 14.287525373796996, 53.783017926935884 ], [ 14.287703597842835, 53.782957659768272 ], [ 14.28781484937582, 53.782919758739979 ], [ 14.283039743389622, 53.768902619560322 ], [ 14.282924550127916, 53.768560647855679 ], [ 14.28281124094616, 53.768220380366301 ], [ 14.282699815843955, 53.767881818890885 ], [ 14.282590274821473, 53.767544963429486 ], [ 14.282482618777919, 53.767209812183182 ], [ 14.282376845914769, 53.766876366950896 ], [ 14.282272958930037, 53.766544625933818 ], [ 14.282170955125537, 53.766214590930758 ], [ 14.282070835400759, 53.765886261941546 ], [ 14.281972600655081, 53.765559637167712 ], [ 14.281876249988954, 53.765234718407555 ], [ 14.281781783402607, 53.76491150476221 ], [ 14.281689201795302, 53.76458999623145 ], [ 14.281598504267606, 53.764270192815161 ], [ 14.281509690819632, 53.76395209541306 ], [ 14.28042966080028, 53.760021159648772 ], [ 14.280354781448125, 53.759753730950081 ], [ 14.280308229841125, 53.759590579541737 ], [ 14.280279377791146, 53.759487503745333 ], [ 14.28023209593465, 53.759321775779426 ], [ 14.280203974134281, 53.759221276540757 ], [ 14.280155962028175, 53.75905297201723 ], [ 14.280128570477302, 53.758955049336237 ], [ 14.2800798281217, 53.758784168254863 ], [ 14.280053167719643, 53.758688823030866 ], [ 14.280003694215225, 53.758515365391872 ], [ 14.279977763163288, 53.758422596725495 ], [ 14.279927561207955, 53.758246561629676 ], [ 14.279902359506252, 53.758156369520975 ], [ 14.279851427301651, 53.757977758766685 ], [ 14.279826955849444, 53.757890144114981 ], [ 14.279775294294382, 53.757708955903695 ], [ 14.279751552192408, 53.75762391780961 ], [ 14.279699161287283, 53.757440152141328 ], [ 14.279676147636224, 53.757357692403616 ], [ 14.27960044990084, 53.757092140589862 ], [ 14.279523784495098, 53.756828807403679 ], [ 14.279446153217521, 53.756567692844897 ], [ 14.279367554269356, 53.75630879511499 ], [ 14.279287989449188, 53.756052115113107 ], [ 14.279207456958659, 53.755797653738796 ], [ 14.278640048599414, 53.75404149362015 ], [ 14.274353561367775, 53.747911925894755 ], [ 14.274232935301825, 53.747743547626612 ], [ 14.27420420466035, 53.7477044064334 ], [ 14.274112052928956, 53.747575800682682 ], [ 14.274084694652913, 53.747538549864203 ], [ 14.273991169656824, 53.747408053738866 ], [ 14.273965184645704, 53.747372692396027 ], [ 14.273870286384749, 53.747240306794879 ], [ 14.27384567553753, 53.747206835827001 ], [ 14.273749403112618, 53.747072560750269 ], [ 14.273733477018425, 53.747050913169289 ], [ 14.273729671087551, 53.747019777740661 ], [ 14.273698435834206, 53.746764224589413 ], [ 14.273695714485768, 53.746739303476204 ], [ 14.273654586689815, 53.746402606295305 ], [ 14.273652232264737, 53.746380906553782 ], [ 14.273610739344178, 53.746040989800008 ], [ 14.273608749144501, 53.746022512329262 ], [ 14.273566893797238, 53.745679376901819 ], [ 14.273565263326361, 53.745664122601227 ], [ 14.273564312742906, 53.745656320083299 ], [ 14.27352305004888, 53.74531776760108 ], [ 14.273521776608845, 53.745305737370018 ], [ 14.273479209897801, 53.744956161897449 ], [ 14.2734782871932, 53.74494735663535 ], [ 14.273435373343887, 53.74459456069053 ], [ 14.273434795079822, 53.74458898309507 ], [ 14.273391540387422, 53.744232965778849 ], [ 14.273391300268372, 53.744230617648952 ], [ 14.273347815349382, 53.743872226122392 ], [ 14.273347691242975, 53.743871347484799 ], [ 14.273304369101368, 53.743513741965728 ], [ 14.27330378184422, 53.743509646453163 ], [ 14.273260925551313, 53.743155247916491 ], [ 14.273259865250623, 53.743147934629633 ], [ 14.273217487397233, 53.742796743075417 ], [ 14.273215938764736, 53.742786210215513 ], [ 14.27317405553822, 53.74243822204636 ], [ 14.273171999688202, 53.742424468714376 ], [ 14.27313063087405, 53.74207968123244 ], [ 14.273079038566891, 53.741741261849768 ], [ 14.273018962954836, 53.741423735517117 ], [ 14.272950405836639, 53.741127103133351 ], [ 14.272873365413545, 53.74085136290023 ], [ 14.272731312100404, 53.740428057408963 ], [ 14.27267204497889, 53.740205975225706 ], [ 14.272631014309923, 53.739992763955058 ], [ 14.272608220093446, 53.739788425395659 ], [ 14.272603663228494, 53.739592958648302 ], [ 14.272617342816091, 53.739406363712703 ], [ 14.272642330479243, 53.739267220605939 ], [ 14.272645395368727, 53.739226761905684 ], [ 14.272669291254886, 53.739100643679819 ], [ 14.272673489290241, 53.739047178984208 ], [ 14.272696203467092, 53.738934072149902 ], [ 14.27270163447298, 53.738867621243799 ], [ 14.272723056324082, 53.738767509612956 ], [ 14.272729841708951, 53.738688094080317 ], [ 14.272749832738612, 53.738600956968753 ], [ 14.272758127185853, 53.738508604688434 ], [ 14.2727765102278, 53.738434418713553 ], [ 14.272786514286338, 53.73832916475925 ], [ 14.27280305821472, 53.738267897545541 ], [ 14.272815033587051, 53.7381497895812 ], [ 14.272829429035085, 53.738101401558595 ], [ 14.272843731852845, 53.737970500738072 ], [ 14.273046375190177, 53.737360601210924 ], [ 14.273127595662118, 53.737177368840662 ], [ 14.273233612241484, 53.736980723081956 ], [ 14.273246926704417, 53.736959342599675 ], [ 14.273396004622043, 53.736664669838831 ], [ 14.27354037458872, 53.736322271855443 ], [ 14.273680035705183, 53.735932147750532 ], [ 14.273904921075427, 53.735202518781364 ], [ 14.274051148142121, 53.734666803430343 ], [ 14.274194561230104, 53.734078923803395 ], [ 14.274335160339547, 53.733438880799781 ], [ 14.274649065102324, 53.731861892612415 ], [ 14.274659568284505, 53.731812885856073 ], [ 14.274512455385548, 53.731735884103898 ], [ 14.274357584035329, 53.73165193958539 ], [ 14.274203732516412, 53.73156564603778 ], [ 14.274050900828513, 53.731477004360329 ], [ 14.273961538794083, 53.731423444336542 ], [ 14.273898661793964, 53.731386995713365 ], [ 14.273806499270677, 53.731331792628282 ], [ 14.273746423658622, 53.731296986167081 ], [ 14.273651459747214, 53.731240141819171 ], [ 14.27359418552328, 53.73120697572142 ], [ 14.273496419324374, 53.731148491010117 ], [ 14.273441947388108, 53.731116965275703 ], [ 14.273341378901591, 53.731056841999759 ], [ 14.273289710152142, 53.731026953031517 ], [ 14.273186337579602, 53.730965192090082 ], [ 14.273137473815552, 53.730936940787274 ], [ 14.273031296257386, 53.73087354397893 ], [ 14.27298523657953, 53.730846927643654 ], [ 14.272876254036021, 53.730781895867949 ], [ 14.27283300024294, 53.730756913600658 ], [ 14.272721211814655, 53.730690248656174 ], [ 14.27268076390618, 53.730666899557889 ], [ 14.272566168693913, 53.730598602343775 ], [ 14.272528528468911, 53.730576883716367 ], [ 14.272411125573171, 53.730506956031377 ], [ 14.272402287035959, 53.730501858673961 ], [ 14.27233659695645, 53.730369218564761 ], [ 14.268560407536825, 53.722469624973257 ], [ 14.268452427737316, 53.722237388544784 ], [ 14.268345690801084, 53.722001404641219 ], [ 14.268240196727845, 53.721761673262677 ], [ 14.268135946416862, 53.72151819530859 ], [ 14.268032938968986, 53.721270968980093 ], [ 14.26793117438433, 53.721019995176789 ], [ 14.267830652662497, 53.72076527479777 ], [ 14.26773137380394, 53.720506806044341 ], [ 14.26763333870764, 53.720244589816048 ], [ 14.26761404105531, 53.720191564888864 ], [ 14.271888118541881, 53.717224865135449 ], [ 14.272035022798093, 53.717120787494537 ], [ 14.272181098778788, 53.717015174710582 ], [ 14.272326345584474, 53.716908028582736 ], [ 14.272470764114587, 53.716799347312133 ], [ 14.272614354369125, 53.716689131798091 ], [ 14.272757115448485, 53.716577381141349 ], [ 14.272899048252498, 53.716464097140545 ], [ 14.27304015188156, 53.716349277996812 ], [ 14.273078376665751, 53.716317572398168 ], [ 14.273180983016061, 53.716233954333688 ], [ 14.273208349385811, 53.71621122217033 ], [ 14.273321809653851, 53.71611862077782 ], [ 14.273338330199863, 53.716104879136935 ], [ 14.273462630895835, 53.716003279128131 ], [ 14.273468318208472, 53.715998541499573 ], [ 14.27359826574741, 53.715892170587324 ], [ 14.273603475520133, 53.715887979746583 ], [ 14.273728167421041, 53.715785761004099 ], [ 14.273744345325383, 53.715772728029037 ], [ 14.273858077188606, 53.715679358615546 ], [ 14.273885210634148, 53.715657466419032 ], [ 14.273987995949312, 53.715572962522344 ], [ 14.274026070546824, 53.715542195815829 ], [ 14.274117921904633, 53.715466573623587 ], [ 14.274166925962902, 53.715426916219315 ], [ 14.274307462119793, 53.71531104576826 ], [ 14.274447194282743, 53.715193686939131 ], [ 14.274586121552431, 53.715074837034081 ], [ 14.274724244828064, 53.714954498751297 ], [ 14.274861563210663, 53.714832670291628 ], [ 14.274998077599264, 53.714709353453998 ], [ 14.275133787994037, 53.714584546439653 ], [ 14.275268693495548, 53.714458250148198 ], [ 14.27540279500306, 53.714330463680028 ], [ 14.275536092516688, 53.714201188833897 ], [ 14.275668585137112, 53.714070423811108 ], [ 14.275800273763707, 53.713938169510982 ], [ 14.275931157497098, 53.713804425933688 ], [ 14.276061237236433, 53.713669193078942 ], [ 14.276190512981884, 53.713532470047426 ], [ 14.276318983834187, 53.713394257738798 ], [ 14.276326701815947, 53.713385812205502 ], [ 14.276447386337907, 53.713255919525238 ], [ 14.276451816398321, 53.713251070380693 ], [ 14.276575788841626, 53.713117580412074 ], [ 14.276576930980639, 53.713116329455033 ], [ 14.276702021281437, 53.712981576838331 ], [ 14.276704203936049, 53.712979263782131 ], [ 14.276827098991589, 53.712846818825767 ], [ 14.276832625325483, 53.712840959742607 ], [ 14.27695217760089, 53.712712061712409 ], [ 14.27696104581571, 53.71270265390433 ], [ 14.277077258009172, 53.712577304598994 ], [ 14.277089465406561, 53.712564347167074 ], [ 14.277202339316602, 53.712442548385013 ], [ 14.277217884997469, 53.712426038630895 ], [ 14.27732742152341, 53.712307793070352 ], [ 14.277346303689114, 53.712287730094715 ], [ 14.2774525055288, 53.712173037755576 ], [ 14.277474721481269, 53.71214941976001 ], [ 14.277577589534189, 53.712038282440915 ], [ 14.277603139273594, 53.712011108525871 ], [ 14.277702675338276, 53.711903528025459 ], [ 14.277731556166486, 53.711872796392583 ], [ 14.277827762041625, 53.71176877450938 ], [ 14.277859972160059, 53.711734483359749 ], [ 14.27795285054367, 53.711634020993301 ], [ 14.277988388153631, 53.711596169427708 ], [ 14.278077939045716, 53.711499268376599 ], [ 14.278116804147203, 53.711457853697084 ], [ 14.278203029346457, 53.711364515759897 ], [ 14.278245218342249, 53.71131953796629 ], [ 14.278328120546462, 53.711229764042571 ], [ 14.278373632537239, 53.71118122043714 ], [ 14.27845321174641, 53.711095012325018 ], [ 14.278502046732058, 53.71104290290782 ], [ 14.27857830474494, 53.710960261506898 ], [ 14.2785963730243, 53.710940972847652 ], [ 14.278486849088949, 53.710794006538322 ], [ 14.278411877106521, 53.710695015462704 ], [ 14.27826705657958, 53.710500721431174 ], [ 14.2781967709642, 53.710407979744502 ], [ 14.27804726407004, 53.710207439921533 ], [ 14.27798166752001, 53.710120945825054 ], [ 14.277827471560727, 53.709914161109623 ], [ 14.277766566773721, 53.709833912804925 ], [ 14.277607679950563, 53.709620886794596 ], [ 14.277388542147548, 53.709332371691744 ], [ 14.27717029377402, 53.709050344298134 ], [ 14.276952934830206, 53.708774801915638 ], [ 14.276736466215084, 53.708505747242498 ], [ 14.276520887029278, 53.708243178480018 ], [ 14.276306198172563, 53.707987095628027 ], [ 14.274502216604162, 53.705881068656367 ], [ 14.27434031255541, 53.705697378531227 ], [ 14.274178024496337, 53.705518562731584 ], [ 14.274015352426602, 53.705344621257382 ], [ 14.273852297245867, 53.705175553209244 ], [ 14.273688857155037, 53.705011358587456 ], [ 14.273525033053943, 53.704852038291108 ], [ 14.272560602789724, 53.703944938907966 ], [ 14.272411848628053, 53.703810459684973 ], [ 14.272261907361155, 53.703680295409356 ], [ 14.272110778090109, 53.703554446080886 ], [ 14.271958461713723, 53.703432911699565 ], [ 14.271804957332961, 53.703315692265448 ], [ 14.2716502658472, 53.703202787778594 ], [ 14.271494385457515, 53.703094198238773 ], [ 14.271337318862265, 53.702989922746895 ], [ 14.271179063363206, 53.702889963101313 ], [ 14.271019620759034, 53.702794317503731 ], [ 14.270858991049693, 53.70270298775273 ], [ 14.270697172436599, 53.702615972049614 ], [ 14.270534166718505, 53.702533271293532 ], [ 14.270369973895299, 53.702454886384089 ], [ 14.27020459306766, 53.702380815522304 ], [ 14.270038024235532, 53.702311059607837 ], [ 14.269870268298348, 53.702245618640518 ], [ 14.269701324356674, 53.702184491720971 ], [ 14.269531193310002, 53.702127680648005 ], [ 14.269359874258782, 53.70207518452213 ], [ 14.269187367203415, 53.70202700334363 ], [ 14.269032280015892, 53.701987835170598 ], [ 14.269013798048434, 53.701982679357172 ], [ 14.268860692067392, 53.701944058871391 ], [ 14.268840229792886, 53.701938357169524 ], [ 14.268689105018325, 53.701900281672806 ], [ 14.268666660637905, 53.701894034981819 ], [ 14.268517517969201, 53.701856504474222 ], [ 14.268493091483094, 53.701849713693491 ], [ 14.268345930920077, 53.701812725477055 ], [ 14.268319521428793, 53.701805393304312 ], [ 14.268241365846507, 53.701785771896027 ], [ 14.268174344770159, 53.701768946479774 ], [ 14.268145952273983, 53.70176107291536 ], [ 14.268002757721263, 53.701725167482607 ], [ 14.267972382219853, 53.701716753425615 ], [ 14.267831171571345, 53.701681386686744 ], [ 14.267798812165552, 53.701672433935869 ], [ 14.267659585421598, 53.70163760589088 ], [ 14.267625242111365, 53.701628115345443 ], [ 14.267565909339282, 53.701613290920761 ], [ 14.267997942750981, 53.699599130595459 ], [ 14.268325209640807, 53.698072671716488 ], [ 14.258607268710648, 53.696565151660536 ], [ 14.253324508919093, 53.693822026065789 ], [ 14.25272917750965, 53.693714261204377 ], [ 14.245317220613401, 53.693720817261919 ], [ 14.244477271808705, 53.693817257860189 ], [ 14.221311569573459, 53.698418736235794 ], [ 14.217471837655239, 53.700265646042908 ], [ 14.215044856135307, 53.703244805003862 ], [ 14.217869162631871, 53.707959413596257 ], [ 14.220123410467068, 53.70939195177732 ], [ 14.221396565399289, 53.709749936810226 ], [ 14.230827569536757, 53.711547136591207 ], [ 14.252579211961233, 53.720026612138554 ], [ 14.256816148346616, 53.723075032386873 ], [ 14.256922841216237, 53.725863933473818 ], [ 14.259224176654584, 53.72802627059599 ], [ 14.266057848790808, 53.730293035195473 ], [ 14.266065716959361, 53.734666943724505 ], [ 14.272343754660596, 53.73739242552017 ], [ 14.272518635027154, 53.737715721003894 ], [ 14.271454334150178, 53.739903449584574 ], [ 14.266590118838963, 53.743428111218407 ], [ 14.266385555449062, 53.743779301873474 ], [ 14.266672015601216, 53.748271464956247 ], [ 14.265761375587147, 53.749580741158354 ], [ 14.263869047318849, 53.751671672110092 ], [ 14.257671952198905, 53.755309820092293 ], [ 14.249149203073273, 53.758495807835402 ], [ 14.24782085404928, 53.75881075850981 ], [ 14.229479551440306, 53.761605858623511 ], [ 14.229102969326732, 53.761540413159707 ], [ 14.223307132818036, 53.75716447845798 ], [ 14.220320224398961, 53.756714939742778 ], [ 14.218703270339802, 53.754116654460177 ], [ 14.20621013668864, 53.745826840536324 ], [ 14.197499632502058, 53.74316894998708 ], [ 14.190974951233045, 53.738601446199823 ], [ 14.188942909687682, 53.737565875065172 ], [ 14.183562278476529, 53.735864042991352 ], [ 14.180862426459896, 53.735530734455892 ], [ 14.174605726972857, 53.735295057221208 ], [ 14.167226433453322, 53.742088079101677 ], [ 14.162019729327199, 53.742776870756131 ], [ 14.155568122470982, 53.740844965123188 ], [ 14.144483566363647, 53.741153716770725 ], [ 14.13004064585931, 53.737791180418753 ], [ 14.125482916803264, 53.738992333829287 ], [ 14.122896313714023, 53.737185359317039 ], [ 14.110637545186648, 53.740483760517236 ], [ 14.100457310456591, 53.740279316737258 ], [ 14.096626400887828, 53.743327855696123 ], [ 14.091441750836111, 53.74329531192916 ], [ 14.073358059027271, 53.747909426678802 ], [ 14.071035147054431, 53.751284241474593 ], [ 14.064181208695857, 53.753078817933272 ], [ 14.062499999875172, 53.754743338034757 ], [ 14.058764576723945, 53.755100011856257 ], [ 14.050436258326727, 53.753139019450259 ], [ 14.047682761750195, 53.75504934764939 ], [ 14.03879404071256, 53.75490581944814 ], [ 14.037526368946772, 53.756821751322775 ], [ 14.020771145771846, 53.761436343612388 ], [ 14.018154501728873, 53.764103412642555 ], [ 14.012956500342227, 53.763997316023449 ], [ 14.005543947195463, 53.767082214572667 ], [ 13.998487234198592, 53.766980051588291 ], [ 13.982727646863566, 53.771733522584157 ], [ 13.972059965195399, 53.772302746674598 ], [ 13.967654705400435, 53.774634957637261 ], [ 13.966062069009467, 53.77703332902496 ], [ 13.959196210137122, 53.779575943574969 ], [ 13.937590480016695, 53.791321873705556 ], [ 13.932888627408317, 53.797320127821706 ], [ 13.921064734150207, 53.797731519094384 ], [ 13.916192531959894, 53.806260466347567 ], [ 13.913752436525726, 53.8061931134215 ], [ 13.907734155407127, 53.802223205536563 ], [ 13.900969624948345, 53.802554845829548 ], [ 13.894266605419546, 53.808691502011357 ], [ 13.89110553249435, 53.809404254303047 ], [ 13.887596845518033, 53.814838647885438 ], [ 13.883274317056134, 53.816125035442099 ], [ 13.882182240617965, 53.818025708519713 ], [ 13.874035954895533, 53.820499062681733 ], [ 13.873508810982969, 53.824612855798705 ], [ 13.870767354529846, 53.826570272500135 ], [ 13.872336745244638, 53.830689906713815 ], [ 13.867658972883362, 53.835642457033885 ], [ 13.858540535317445, 53.838434458083782 ], [ 13.8498114349498, 53.843456864143036 ], [ 13.842366456746618, 53.842985033932223 ], [ 13.834183216082693, 53.84462213550313 ], [ 13.81828892199627, 53.842144250556828 ], [ 13.815647721065602, 53.843986153837932 ], [ 13.821457505159742, 53.845789671356385 ], [ 13.819791316815838, 53.847057461832549 ], [ 13.813906669557298, 53.845838904741754 ], [ 13.814021944657156, 53.84859025463669 ], [ 13.816537022865418, 53.849148034854068 ], [ 13.816468834469163, 53.85161161428465 ], [ 13.816218257266826, 53.852051019439045 ], [ 13.813915848937427, 53.85447311404306 ], [ 13.808076978070233, 53.854980349663492 ], [ 13.810523152021972, 53.857488632594368 ], [ 13.80993783456347, 53.858293533020117 ], [ 13.806608676549331, 53.858046174491449 ], [ 13.806384563696781, 53.85841131183264 ], [ 13.806624769917221, 53.859304547267016 ], [ 13.811747669819226, 53.860520243614531 ], [ 13.81200885812234, 53.860674023187812 ], [ 13.814091444264818, 53.862976074486369 ], [ 13.817493557981436, 53.862646341655477 ], [ 13.825125455775208, 53.864947437874093 ], [ 13.831003904006991, 53.864881515769525 ], [ 13.829281806610254, 53.856946944845674 ], [ 13.822029709603441, 53.856624245612636 ], [ 13.825255156000651, 53.853282451224231 ], [ 13.826306939213907, 53.849486947065088 ], [ 13.846600174458672, 53.850214243192738 ], [ 13.854091644014318, 53.847734451683721 ], [ 13.86055505267359, 53.843212366357648 ], [ 13.864001751179956, 53.842422247188949 ], [ 13.876658558745532, 53.842027664245393 ], [ 13.880575061290187, 53.839873671932537 ], [ 13.88508105234871, 53.841220140497057 ], [ 13.888309955739942, 53.839765071600766 ], [ 13.894666433209466, 53.840888738524541 ], [ 13.898314356822254, 53.839693903750685 ], [ 13.91620266462138, 53.844080447754607 ], [ 13.919931412105143, 53.845911264193489 ], [ 13.942118048509258, 53.843221426127968 ], [ 13.980075359090677, 53.849418759568209 ], [ 13.990281343209517, 53.847805261603639 ], [ 13.994394421365598, 53.850046038493872 ], [ 13.996823311246999, 53.854454278642095 ], [ 14.005208730298762, 53.856061458869362 ], [ 14.010763764336332, 53.859061241083509 ], [ 14.016151547855713, 53.863548755570775 ], [ 14.017506003299559, 53.866848826811918 ], [ 14.021146178353547, 53.868387341103016 ], [ 14.026725053418545, 53.868435979137246 ], [ 14.032889604771526, 53.872262477531478 ], [ 14.039214253435148, 53.873377442614924 ], [ 14.062499999875172, 53.869140624939917 ], [ 14.074512243545314, 53.870450734813687 ], [ 14.082739949389236, 53.873400330361051 ], [ 14.087257265610447, 53.873574614476865 ], [ 14.099231958088581, 53.869985461559963 ], [ 14.115787505688957, 53.868484854592396 ], [ 14.12777757657409, 53.87047493467054 ], [ 14.139392018626836, 53.869102358787018 ], [ 14.149034858072298, 53.870807647854861 ], [ 14.166502237288455, 53.87135744119297 ], [ 14.171431302712506, 53.87241184682938 ], [ 14.180019378591567, 53.870437145158235 ], [ 14.186353564565536, 53.872424125273255 ], [ 14.194481134496925, 53.871386051325374 ], [ 14.205195903768072, 53.866675019336867 ], [ 14.219615459885745, 53.865205645824062 ], [ 14.222442030875072, 53.864237427615308 ] ], [ [ 14.248251437753765, 53.704442501420374 ], [ 14.24893474534224, 53.703380465935936 ], [ 14.250770569206566, 53.702214121684563 ], [ 14.255635142448, 53.701284170528083 ], [ 14.258473038599902, 53.703186631458038 ], [ 14.268296479898709, 53.705499410769221 ], [ 14.266660452118231, 53.709154248369998 ], [ 14.265711307630795, 53.710294961943021 ], [ 14.263009906082459, 53.710690021527341 ], [ 14.260285615888506, 53.70911955792144 ], [ 14.259545922606208, 53.708788633488837 ], [ 14.250031232955109, 53.708212137480245 ], [ 14.248801469412399, 53.70767581418761 ], [ 14.248059034097196, 53.706131100869641 ], [ 14.248251437753765, 53.704442501420374 ] ] ], [ [ [ 8.634825383194942, 54.911617648407614 ], [ 8.63664846514275, 54.911404900048453 ], [ 8.631188273619955, 54.904140472504935 ], [ 8.631182670843771, 54.899914979992445 ], [ 8.626362443172354, 54.899381637952217 ], [ 8.623607158743482, 54.895740151686823 ], [ 8.620823144572626, 54.89400935155038 ], [ 8.619504928209892, 54.893594622893602 ], [ 8.592721938666557, 54.889572501269924 ], [ 8.588122606073568, 54.888224720594451 ], [ 8.587984323617661, 54.886219620938846 ], [ 8.587430953675664, 54.885925650548415 ], [ 8.585357546913258, 54.885619521323918 ], [ 8.516855835928254, 54.883620023545348 ], [ 8.489575624715371, 54.87901484985548 ], [ 8.485251307501926, 54.877250075130917 ], [ 8.473340153925051, 54.878276228565142 ], [ 8.471443534091918, 54.87827146035977 ], [ 8.460344434148453, 54.876744032011516 ], [ 8.445994258028691, 54.877646565536566 ], [ 8.437500000324917, 54.87667405576309 ], [ 8.437500000324917, 54.876953125286661 ], [ 8.435320853974247, 54.876953125286661 ], [ 8.432898760269666, 54.878319144213265 ], [ 8.430681229055494, 54.877557158536206 ], [ 8.427685857116785, 54.879126071711028 ], [ 8.41155934368885, 54.881644845233609 ], [ 8.392259717212312, 54.887285947988289 ], [ 8.387428641019028, 54.889855742748409 ], [ 8.381428956980926, 54.890733241845794 ], [ 8.374637722952627, 54.894436955801041 ], [ 8.367012024185613, 54.902516841878935 ], [ 8.362493753783838, 54.908900618268945 ], [ 8.362313151031174, 54.926813960495906 ], [ 8.359108328786476, 54.930643439243511 ], [ 8.362800240938441, 54.943151355051157 ], [ 8.359052061803368, 54.949916243439986 ], [ 8.361834168512132, 54.95630884128002 ], [ 8.354009747451926, 54.968248009637989 ], [ 8.360638857097626, 54.973889112392669 ], [ 8.360875010073755, 54.974159359566841 ], [ 8.369508027773406, 54.987016320247108 ], [ 8.370242953749482, 54.987861752218123 ], [ 8.378494620230583, 54.995909452459443 ], [ 8.380670547907584, 54.997166871953652 ], [ 8.391806841112839, 55.001205443976232 ], [ 8.393633604307468, 55.003450751650973 ], [ 8.415531277746425, 55.007117509765351 ], [ 8.431311845365428, 55.013976454649764 ], [ 8.432379841556497, 55.014374852517506 ], [ 8.437500000324917, 55.01534593146971 ], [ 8.439371824050625, 55.015587925542491 ], [ 8.440358043089304, 55.016814112481484 ], [ 8.4389525655086, 55.019531250367038 ], [ 8.438960671098243, 55.019531250367038 ], [ 8.440535306659172, 55.021788358945628 ], [ 8.440253615611994, 55.022343635450397 ], [ 8.437500000324917, 55.023437499740965 ], [ 8.43396782845258, 55.024627924239496 ], [ 8.427576065183359, 55.029405116652867 ], [ 8.426941156409271, 55.031765579817716 ], [ 8.422296524065473, 55.034227967646643 ], [ 8.404174209072664, 55.033818722156354 ], [ 8.398372769787557, 55.035393238107531 ], [ 8.39757657030259, 55.035864233747361 ], [ 8.397898554574681, 55.041190624148101 ], [ 8.395261048958332, 55.044369578293527 ], [ 8.395251035906767, 55.044914245496102 ], [ 8.39566254588982, 55.045791267952723 ], [ 8.400520801393839, 55.047298908517973 ], [ 8.398139953296322, 55.048741459750602 ], [ 8.398162960652201, 55.048967719284917 ], [ 8.399096011771576, 55.050046563098476 ], [ 8.401366949225292, 55.05053675206949 ], [ 8.405636310667262, 55.050148010222586 ], [ 8.406136632299763, 55.049988627872949 ], [ 8.407309651319451, 55.048358440289803 ], [ 8.410344004372348, 55.049126506283358 ], [ 8.417371034345933, 55.047782420922147 ], [ 8.41869747680721, 55.047788977879065 ], [ 8.43194985410247, 55.048752665303311 ], [ 8.434662103273524, 55.048496365714868 ], [ 8.437500000324917, 55.047433019018627 ], [ 8.448007345462713, 55.04356062372392 ], [ 8.455768704262425, 55.043555855518321 ], [ 8.462713122512696, 55.045314669536481 ], [ 8.462844729300912, 55.045655369599672 ], [ 8.460818171821188, 55.046603441195828 ], [ 8.449037313821123, 55.048615217418444 ], [ 8.437500000324917, 55.049386143255902 ], [ 8.43684864025272, 55.049339413583141 ], [ 8.434478044426271, 55.050573349080935 ], [ 8.433187723234823, 55.052108049346998 ], [ 8.421227812913344, 55.055495262196587 ], [ 8.417238831307202, 55.056332349358513 ], [ 8.413023710675816, 55.056323409198058 ], [ 8.409304022962374, 55.055861235008138 ], [ 8.400188207819667, 55.05336344266874 ], [ 8.399537920638579, 55.053103446866601 ], [ 8.39518821196657, 55.049804449415944 ], [ 8.38711547819679, 55.039991736129764 ], [ 8.383544326109813, 55.035228252082163 ], [ 8.374199152369044, 55.019531250367038 ], [ 8.373579502392204, 55.019531250367038 ], [ 8.360899567860827, 55.000682830848007 ], [ 8.356217742255069, 54.996525645442318 ], [ 8.345438241581689, 54.978401422087984 ], [ 8.32520937890979, 54.954937457897358 ], [ 8.299477219298353, 54.912249564965578 ], [ 8.291814565589789, 54.892745852639166 ], [ 8.29082667830869, 54.889510869830758 ], [ 8.289573312058792, 54.881877660825467 ], [ 8.286415338197344, 54.843749999762792 ], [ 8.286554813154225, 54.843749999762792 ], [ 8.284625649554187, 54.833286761874604 ], [ 8.279757023068214, 54.751809119795155 ], [ 8.282850623457591, 54.750707745266311 ], [ 8.284951925391113, 54.747210860093219 ], [ 8.2930765149693, 54.742217659517564 ], [ 8.297348618444175, 54.741465568181525 ], [ 8.29837083824367, 54.741980552360701 ], [ 8.298495531043898, 54.74253666433566 ], [ 8.29535675051369, 54.746122121938527 ], [ 8.295127272305876, 54.746868729208529 ], [ 8.294360876353437, 54.755394578297341 ], [ 8.297600865687514, 54.757415652610405 ], [ 8.298928022210532, 54.762407541075277 ], [ 8.301162719683816, 54.763667940922915 ], [ 8.299146771506344, 54.766385317128709 ], [ 8.299800514782021, 54.775952457939695 ], [ 8.296259045718443, 54.778347730263647 ], [ 8.296054958969364, 54.778635263306853 ], [ 8.292397737265901, 54.785293817655656 ], [ 8.292397737265901, 54.788279771893997 ], [ 8.295593142709436, 54.794223428168721 ], [ 8.295291065830213, 54.797844051961476 ], [ 8.299932241179988, 54.803500056482392 ], [ 8.297296524315186, 54.81155312028045 ], [ 8.299409628051933, 54.817157745633608 ], [ 8.296057701002269, 54.820479631729711 ], [ 8.294389366875748, 54.826343536125364 ], [ 8.298001646758621, 54.835290074577301 ], [ 8.296188116188659, 54.842214822855965 ], [ 8.298128843271684, 54.843749999762792 ], [ 8.298521280432851, 54.843749999762792 ], [ 8.30047094857548, 54.845564961154082 ], [ 8.300751328411138, 54.850426316621224 ], [ 8.304119348828863, 54.853080868887048 ], [ 8.303294658821585, 54.85551822228831 ], [ 8.306506752984319, 54.854727625579528 ], [ 8.307868361635769, 54.855586409785019 ], [ 8.30507075780929, 54.857946872949867 ], [ 8.330230474656787, 54.861636638420293 ], [ 8.33232235888994, 54.863161563955089 ], [ 8.303362131357403, 54.85880863660941 ], [ 8.302876353560919, 54.859011054216865 ], [ 8.301678776754329, 54.860327839758099 ], [ 8.303141474599443, 54.861389278992021 ], [ 8.301736354948957, 54.865682840290901 ], [ 8.301955937916262, 54.866439699832313 ], [ 8.30633926414589, 54.871235728546083 ], [ 8.309691429515851, 54.870489239986568 ], [ 8.310056924787432, 54.874066234069517 ], [ 8.310776352746586, 54.874141335554384 ], [ 8.311963915602291, 54.874015211932601 ], [ 8.311874628211626, 54.871257901331262 ], [ 8.313244223741947, 54.871074915375118 ], [ 8.313881635329324, 54.871366262443189 ], [ 8.316844343891546, 54.87653493873654 ], [ 8.31762695282174, 54.876754522603164 ], [ 8.321240425205588, 54.877139449526055 ], [ 8.323086022901805, 54.876999258708906 ], [ 8.327656746261937, 54.875900864533435 ], [ 8.326898217578673, 54.878556967230338 ], [ 8.329186916642925, 54.879404663694288 ], [ 8.329744100609787, 54.878297448068793 ], [ 8.333210468188724, 54.877607345202932 ], [ 8.328592538514897, 54.8676084281866 ], [ 8.32890844337004, 54.867393255494505 ], [ 8.33269190830498, 54.868291377844855 ], [ 8.33325600625983, 54.868466138601491 ], [ 8.3327363725856, 54.871154308424764 ], [ 8.335423946158357, 54.8764871361725 ], [ 8.340519070498772, 54.880643129077157 ], [ 8.347152233389011, 54.87629425497596 ], [ 8.365064025184722, 54.875409245640299 ], [ 8.365578651433736, 54.875238060588003 ], [ 8.367634415296152, 54.870603322585396 ], [ 8.377720356109705, 54.858584165826642 ], [ 8.37845194380219, 54.858168721309482 ], [ 8.403686762134555, 54.848422646887627 ], [ 8.404667735427722, 54.848152518424058 ], [ 8.415914655137385, 54.847128510772222 ], [ 8.422168850911817, 54.848783850594259 ], [ 8.42670965202899, 54.852591752807143 ], [ 8.428817152989382, 54.852165102737388 ], [ 8.437500000324917, 54.854352712607749 ], [ 8.445354938079902, 54.856644630345443 ], [ 8.452461958252798, 54.857212662834229 ], [ 8.454960345943334, 54.859350443068479 ], [ 8.462369442096076, 54.861358046436862 ], [ 8.480826854375891, 54.872171878729205 ], [ 8.509950756722219, 54.881763458616888 ], [ 8.521516561640112, 54.883091449710662 ], [ 8.528780340840115, 54.883370518334914 ], [ 8.588119745330118, 54.885079502717019 ], [ 8.590923070643328, 54.884650468544351 ], [ 8.594663858250442, 54.883002757671193 ], [ 8.603098273266824, 54.877925157519996 ], [ 8.602459669178472, 54.874074459268911 ], [ 8.60597383932128, 54.870155334301216 ], [ 8.603717803633742, 54.857334256570709 ], [ 8.605968714085009, 54.848153829635635 ], [ 8.60469412833146, 54.844846009835521 ], [ 8.605806350482794, 54.843749999762792 ], [ 8.607108354766751, 54.839407920938811 ], [ 8.607343316141225, 54.839190840784795 ], [ 8.617334246278631, 54.833829522514577 ], [ 8.618890404368642, 54.830741524901555 ], [ 8.625663518856413, 54.824953675271956 ], [ 8.634179830634707, 54.821735501692046 ], [ 8.642746329079898, 54.812633872455308 ], [ 8.64863944075762, 54.809804439823097 ], [ 8.648878217056108, 54.809584855956473 ], [ 8.656529307281858, 54.798464059868536 ], [ 8.660205721416901, 54.797586917801993 ], [ 8.657639146229712, 54.79521465283409 ], [ 8.666739940895638, 54.79144620927525 ], [ 8.668645739209467, 54.788584231976756 ], [ 8.673408150365958, 54.789316057989879 ], [ 8.674746275020766, 54.789183974560899 ], [ 8.675563811820609, 54.78865230076326 ], [ 8.676265716489752, 54.786993980587852 ], [ 8.679386377479489, 54.785842538102656 ], [ 8.688438177080343, 54.775566935665665 ], [ 8.689755558872093, 54.771180748692757 ], [ 8.69279694552273, 54.769993305446803 ], [ 8.692253947461779, 54.766554236788693 ], [ 8.695095777248412, 54.759453177322371 ], [ 8.705309033285403, 54.74845385536122 ], [ 8.706432103958491, 54.739836931029629 ], [ 8.699604511239386, 54.732979774896762 ], [ 8.693616867324636, 54.730209350381358 ], [ 8.689427137252608, 54.732156634421131 ], [ 8.688377261501444, 54.731469273588175 ], [ 8.690704465039062, 54.730150342264551 ], [ 8.686565875814495, 54.730061769835004 ], [ 8.692114114574849, 54.729169249361462 ], [ 8.694349646618946, 54.725071430002629 ], [ 8.707512259883003, 54.723974347038563 ], [ 8.711394310299227, 54.721699953490031 ], [ 8.712725639676648, 54.716907978020799 ], [ 8.715418458095542, 54.717895626981658 ], [ 8.717674732103376, 54.716269135612151 ], [ 8.721860527641297, 54.715721130126212 ], [ 8.723096608921423, 54.713734626651785 ], [ 8.731933951690678, 54.712750554294644 ], [ 8.733817815539737, 54.711020470018809 ], [ 8.737206339600903, 54.710875749316358 ], [ 8.744672179377744, 54.707982063721431 ], [ 8.747634649619442, 54.702600002588099 ], [ 8.751634955488953, 54.699747442990144 ], [ 8.75053322302989, 54.69051444528543 ], [ 8.754198551222146, 54.683701157182668 ], [ 8.75167834777767, 54.681113719522671 ], [ 8.754305601122667, 54.68077814559507 ], [ 8.772294759795386, 54.670970439734106 ], [ 8.770275950874463, 54.669552445389229 ], [ 8.77346837506559, 54.66905844239318 ], [ 8.773516416849304, 54.669873714700316 ], [ 8.774029850597287, 54.669731379000098 ], [ 8.777006149714111, 54.667968750057923 ], [ 8.777535915150452, 54.667968750057923 ], [ 8.779339313058983, 54.666659951395729 ], [ 8.789062499734655, 54.66406249978462 ], [ 8.798986434876042, 54.661149740468204 ], [ 8.807017445498786, 54.654686212198953 ], [ 8.808794855698068, 54.653912067687827 ], [ 8.815176010564471, 54.652841567784151 ], [ 8.814303040452955, 54.650838255980773 ], [ 8.817329406626811, 54.649219155240019 ], [ 8.817609071501522, 54.646489023949357 ], [ 8.822509646403148, 54.645863652485616 ], [ 8.820984602157807, 54.643700242472335 ], [ 8.826016545527125, 54.640998959634373 ], [ 8.824708342216297, 54.638869047568676 ], [ 8.825116157784635, 54.634964346827246 ], [ 8.827334761889858, 54.633438110080817 ], [ 8.826706170853242, 54.63151407261654 ], [ 8.827070832452989, 54.631027340639321 ], [ 8.833924412881515, 54.625944614352534 ], [ 8.833376050364507, 54.624731778748696 ], [ 8.837084651235728, 54.62343203985688 ], [ 8.837638258598872, 54.621047854375149 ], [ 8.840827465015479, 54.618643045640226 ], [ 8.839191555945604, 54.617019653334523 ], [ 8.841809272879686, 54.614934801799734 ], [ 8.835459232757501, 54.614617228702286 ], [ 8.835192561287727, 54.612624644911534 ], [ 8.831848025765908, 54.611331701297104 ], [ 8.831135153864352, 54.608349204052558 ], [ 8.830671906783095, 54.608079552229583 ], [ 8.823866367239077, 54.605039834720571 ], [ 8.817219138052792, 54.602844953831607 ], [ 8.816256165589607, 54.602725505877515 ], [ 8.809461236247046, 54.60347485518048 ], [ 8.813300252304828, 54.597426772327822 ], [ 8.814180135504898, 54.596682548261072 ], [ 8.818127155643879, 54.594640374054109 ], [ 8.825662851159677, 54.599407315095675 ], [ 8.844028115305377, 54.600583672398614 ], [ 8.859612822274073, 54.599777579471777 ], [ 8.871990322895101, 54.603036641627739 ], [ 8.874864459027606, 54.60616552871619 ], [ 8.878934026184425, 54.606231808750977 ], [ 8.877048850224412, 54.600255250779298 ], [ 8.880497216972969, 54.598503708679289 ], [ 8.884058952258897, 54.593605757100022 ], [ 8.883547544683609, 54.591297268454298 ], [ 8.881400823389356, 54.59035897248873 ], [ 8.882555961188814, 54.589494466796282 ], [ 8.887364744987167, 54.590424060921862 ], [ 8.887114644425367, 54.59259164289 ], [ 8.890350222584743, 54.592445015625003 ], [ 8.887246251213639, 54.588382125035196 ], [ 8.884081244653828, 54.58708643938769 ], [ 8.88005733517798, 54.577880263063662 ], [ 8.87697672819354, 54.577643155907026 ], [ 8.878304838897293, 54.576369643044757 ], [ 8.875941872919213, 54.57138514520841 ], [ 8.870073437739109, 54.563312053508525 ], [ 8.87001824364711, 54.559638261796465 ], [ 8.875758529032964, 54.551420569004051 ], [ 8.878233909367452, 54.54207193826943 ], [ 8.872090458807634, 54.528426647172068 ], [ 8.850774765443134, 54.513979315493145 ], [ 8.833957672508745, 54.506948948135573 ], [ 8.830376028930743, 54.507800817453926 ], [ 8.813211440655607, 54.502944349802078 ], [ 8.808716773860056, 54.498489141660627 ], [ 8.805634140703091, 54.497746228805511 ], [ 8.805455326701974, 54.49751985056082 ], [ 8.80779314044122, 54.492187500353054 ], [ 8.808195114013358, 54.492187500353054 ], [ 8.809521555575429, 54.49007105833283 ], [ 8.810621738502618, 54.489302635308377 ], [ 8.817963122899869, 54.487025141796948 ], [ 8.818615674573721, 54.485702157228786 ], [ 8.818223953272991, 54.484472632006543 ], [ 8.810184955771206, 54.478156328152011 ], [ 8.807311415889217, 54.474567055625187 ], [ 8.806375264806718, 54.472219347544979 ], [ 8.807296633732733, 54.470088004657725 ], [ 8.81425356874729, 54.466837644341922 ], [ 8.828101277451992, 54.462164163545424 ], [ 8.836120247951214, 54.462885141036622 ], [ 8.842394352017891, 54.460687041473818 ], [ 8.876278877668085, 54.459536910200427 ], [ 8.879732727583303, 54.458488344761292 ], [ 8.895439029187855, 54.45913970483366 ], [ 8.917790532007473, 54.464885950026598 ], [ 8.91815233196462, 54.465029954868612 ], [ 8.92826354462693, 54.472527145911158 ], [ 8.929575562861999, 54.477995276660749 ], [ 8.933332324227422, 54.481722473713262 ], [ 8.942054867638205, 54.487107276879499 ], [ 8.940321922618693, 54.488422512888633 ], [ 8.940813541511829, 54.489609479493993 ], [ 8.94134485737942, 54.49010825159462 ], [ 8.945726513567877, 54.491568803657401 ], [ 8.949909210042051, 54.491626858492793 ], [ 8.950915574794124, 54.492187500353054 ], [ 8.95473575635026, 54.494009852372869 ], [ 8.95492780207644, 54.496617436645465 ], [ 8.959093212681637, 54.497330903898217 ], [ 8.960099220402867, 54.500636458306019 ], [ 8.962641954562628, 54.501437068066366 ], [ 8.962769746426829, 54.504701733897946 ], [ 8.964612841309588, 54.50628972079403 ], [ 8.963008761045614, 54.508573770363228 ], [ 8.964889645440849, 54.509664415980069 ], [ 8.963776945749544, 54.513022780377128 ], [ 8.96799695509543, 54.513790845471192 ], [ 8.967116713965311, 54.515385031394146 ], [ 8.971749305286323, 54.518035053774895 ], [ 8.981652140533981, 54.520969748455229 ], [ 8.984201908291425, 54.519109010672366 ], [ 8.989050149844729, 54.519224405382147 ], [ 8.990150213161996, 54.516969322976024 ], [ 8.988330363955185, 54.514146447300732 ], [ 8.990182280288195, 54.511528730366706 ], [ 8.995144963269524, 54.509011507275375 ], [ 8.997171520749248, 54.504249453149782 ], [ 9.004522442456846, 54.499870657704776 ], [ 9.010950326996124, 54.492187500353054 ], [ 9.011001229523117, 54.492187500353054 ], [ 9.012081742478529, 54.490353703560743 ], [ 9.012112140463103, 54.484538316690021 ], [ 9.004987358679671, 54.479285478242275 ], [ 9.021677374711146, 54.474704742729728 ], [ 9.023387908625125, 54.473268031694431 ], [ 9.022883772967816, 54.472243547401831 ], [ 9.021249533039509, 54.472143411489299 ], [ 9.010620117524468, 54.474978923538629 ], [ 9.001826643684694, 54.471058249039118 ], [ 8.998272538247193, 54.47060024770343 ], [ 8.997934340997062, 54.462414503326841 ], [ 8.979457140035095, 54.457901239450791 ], [ 8.975079655801551, 54.459188938219029 ], [ 8.968698858865366, 54.45927071537119 ], [ 8.961565971492519, 54.457768678481841 ], [ 8.947988033321224, 54.448809742875483 ], [ 8.94587206884097, 54.444678068538053 ], [ 8.933832049609578, 54.439018607023172 ], [ 8.934070110047628, 54.437262416327542 ], [ 8.930302619770146, 54.436500311040618 ], [ 8.928981542664133, 54.43315100641388 ], [ 8.92420101196717, 54.430657625249239 ], [ 8.922193765629856, 54.430980324482448 ], [ 8.92199230220308, 54.428393364362364 ], [ 8.916447043796154, 54.423537731281328 ], [ 8.915788531415672, 54.42315471182053 ], [ 8.901314615777039, 54.416523337682008 ], [ 8.898656368196953, 54.414197921996617 ], [ 8.893618345410459, 54.412293315284444 ], [ 8.866311073597274, 54.404335140754199 ], [ 8.856057643945235, 54.403256178230095 ], [ 8.855327248753611, 54.403326153579144 ], [ 8.842179417646037, 54.407331823904542 ], [ 8.829498648543904, 54.409011244873057 ], [ 8.819346070664722, 54.412045359605713 ], [ 8.814898610182865, 54.412885308410409 ], [ 8.806645631590811, 54.412916779286093 ], [ 8.791216849977786, 54.410186529284886 ], [ 8.789062499734655, 54.410435318635109 ], [ 8.784076810296654, 54.410096407323465 ], [ 8.782260776014084, 54.408849477521358 ], [ 8.738689660699436, 54.406726121513373 ], [ 8.73586237474882, 54.405709147459277 ], [ 8.734273075741896, 54.40655994388635 ], [ 8.724239111245993, 54.406058668972491 ], [ 8.72505402562291, 54.403488517181358 ], [ 8.710121154467799, 54.402232647219023 ], [ 8.707846045059, 54.400706410472651 ], [ 8.706998705625892, 54.40175640583351 ], [ 8.694119215129774, 54.400818348188238 ], [ 8.692900418819306, 54.398552178939894 ], [ 8.683502316378849, 54.400193452465885 ], [ 8.671852708136157, 54.400511264783177 ], [ 8.666900157816087, 54.397381901953338 ], [ 8.653578162202393, 54.393307924521082 ], [ 8.651184320699997, 54.393229961393786 ], [ 8.651486158359546, 54.394202113237043 ], [ 8.645811438946794, 54.393506765524876 ], [ 8.641230344604878, 54.391055226217816 ], [ 8.642773628000498, 54.393352866341843 ], [ 8.640807151528918, 54.393475771289957 ], [ 8.634696006415595, 54.391092419479662 ], [ 8.63849997499392, 54.394161105051069 ], [ 8.637364267946737, 54.394472122090917 ], [ 8.621412634885189, 54.390316844147151 ], [ 8.608947754335418, 54.386036753793178 ], [ 8.607159733934679, 54.384909748586153 ], [ 8.603953957509248, 54.379045724580578 ], [ 8.604752421487206, 54.37626910193768 ], [ 8.602562427513988, 54.373412966635158 ], [ 8.606160641100814, 54.370787501142331 ], [ 8.613322258215817, 54.369450211957883 ], [ 8.623325944336898, 54.369419574753636 ], [ 8.624088525365266, 54.376307726020798 ], [ 8.62609970533731, 54.376942276864668 ], [ 8.628985047022354, 54.375295877203087 ], [ 8.635253071672082, 54.375756501861133 ], [ 8.635032057883279, 54.372900009527996 ], [ 8.637819051508131, 54.368659258218258 ], [ 8.64309430106124, 54.368418336137381 ], [ 8.64340543771084, 54.3668818471196 ], [ 8.646045923680617, 54.366430043911578 ], [ 8.654578804568359, 54.365665555421117 ], [ 8.654303431258427, 54.371963023874457 ], [ 8.659170508212526, 54.370189428599417 ], [ 8.660760522180453, 54.36830115357543 ], [ 8.66924834253706, 54.366215944110593 ], [ 8.680582761785217, 54.368248701516336 ], [ 8.680364370419454, 54.367053866742651 ], [ 8.675916313687082, 54.365622758483539 ], [ 8.676952242751895, 54.363681674369843 ], [ 8.672683715880908, 54.363145351077208 ], [ 8.672786950857244, 54.360347509829808 ], [ 8.6807317731529, 54.359752655061016 ], [ 8.681766509716738, 54.357175946312964 ], [ 8.683448314787938, 54.358228207066134 ], [ 8.684854626939625, 54.35734081272841 ], [ 8.684767722752326, 54.356671452725436 ], [ 8.683986306323163, 54.355997443227409 ], [ 8.67634594411021, 54.353411316778988 ], [ 8.675103545092611, 54.353315353720689 ], [ 8.666533470043703, 54.355079650905282 ], [ 8.665141343798098, 54.354949355328642 ], [ 8.664084911089844, 54.354317426907755 ], [ 8.663039803544109, 54.352333426246787 ], [ 8.658009052675766, 54.352703571012967 ], [ 8.656895518413478, 54.351172923991385 ], [ 8.649307369939265, 54.350940823360418 ], [ 8.649816155091628, 54.349318265625527 ], [ 8.644794821923483, 54.347867131263115 ], [ 8.643813371989552, 54.345757842450553 ], [ 8.637730955719178, 54.346589565156364 ], [ 8.638120055496302, 54.342363119362517 ], [ 8.63322722915342, 54.344073414956199 ], [ 8.634375452964946, 54.342121601031124 ], [ 8.638963461294793, 54.340178370235662 ], [ 8.632195353332918, 54.341899633061587 ], [ 8.625576138927727, 54.345186352967971 ], [ 8.620400547747181, 54.344916701144939 ], [ 8.616500854431024, 54.348361372579461 ], [ 8.617582678597785, 54.349914311995974 ], [ 8.621996879452581, 54.349899649449242 ], [ 8.619542360691526, 54.35558092581914 ], [ 8.60441517841781, 54.358099221801751 ], [ 8.604188561852823, 54.358006715737417 ], [ 8.595937252402393, 54.350039601046944 ], [ 8.586804628031302, 54.336010455917972 ], [ 8.585996270611531, 54.332745551765925 ], [ 8.582482457499452, 54.320000648411224 ], [ 8.581951379952329, 54.316406249748809 ], [ 8.581840753448091, 54.316406249748809 ], [ 8.580050945195069, 54.309070110197467 ], [ 8.580632329018783, 54.30400455016985 ], [ 8.582393527139629, 54.300285339097229 ], [ 8.582645058522758, 54.300012349890153 ], [ 8.589051842268759, 54.293715000147188 ], [ 8.59363126746905, 54.289936542637463 ], [ 8.599706650141911, 54.287312746286261 ], [ 8.603442668644277, 54.287050604701733 ], [ 8.610995769639089, 54.283804059309887 ], [ 8.62085294720589, 54.282362341748751 ], [ 8.613397359700457, 54.288145541883353 ], [ 8.602944970334192, 54.292111277813206 ], [ 8.592343210770593, 54.300586343085342 ], [ 8.591651439662314, 54.303007603118544 ], [ 8.601698040532256, 54.295052647262025 ], [ 8.611606001915504, 54.292436122828803 ], [ 8.607010841277372, 54.299398541010021 ], [ 8.602113723369769, 54.30307161776102 ], [ 8.602754234920042, 54.305156350585264 ], [ 8.599039316311575, 54.307291269176858 ], [ 8.599933862957585, 54.308031320389148 ], [ 8.603608250920161, 54.30647563893973 ], [ 8.602451443979078, 54.309976935287523 ], [ 8.607314348078773, 54.302688241269379 ], [ 8.611343979940727, 54.300867915422032 ], [ 8.615723729566639, 54.296576976546305 ], [ 8.620312451958227, 54.296477675204585 ], [ 8.623987317460774, 54.293016075831417 ], [ 8.624418616126377, 54.290347575979922 ], [ 8.635091543540057, 54.283946156689808 ], [ 8.635231256817065, 54.280775666064244 ], [ 8.642753958928097, 54.277113676155409 ], [ 8.645307540710576, 54.272748112435636 ], [ 8.650781274236579, 54.275222659098517 ], [ 8.650532841917254, 54.276960849863315 ], [ 8.647902726929374, 54.277983665913496 ], [ 8.656320452327179, 54.277592539963905 ], [ 8.663136601173221, 54.271026849609484 ], [ 8.681183934291312, 54.267828941352718 ], [ 8.688354849496761, 54.268795847450463 ], [ 8.689496278930221, 54.27017533822135 ], [ 8.68576037913823, 54.271414160635061 ], [ 8.688193321364736, 54.272978305604511 ], [ 8.689488410761726, 54.276478409451101 ], [ 8.696825861524417, 54.278520226627222 ], [ 8.696217656319845, 54.280235052105979 ], [ 8.702883362976877, 54.285542965035972 ], [ 8.7098226550915, 54.287528276009198 ], [ 8.720143914310313, 54.285820245807827 ], [ 8.724498152867568, 54.286800861170946 ], [ 8.722876668023957, 54.285614847847 ], [ 8.725211501409774, 54.285229205963219 ], [ 8.733528614254283, 54.288817167278637 ], [ 8.743599414981134, 54.290146827514263 ], [ 8.750120162615588, 54.287719249743645 ], [ 8.768237948622527, 54.286752700676686 ], [ 8.771965741925555, 54.281296253019832 ], [ 8.782173514795886, 54.280763149300071 ], [ 8.789062499734655, 54.281528949901144 ], [ 8.793102264258096, 54.282291770149186 ], [ 8.8050725455617, 54.28575241534179 ], [ 8.818315029415203, 54.290991067883624 ], [ 8.819069028213164, 54.291200637799307 ], [ 8.823344349462161, 54.291389942391959 ], [ 8.829565048188442, 54.289865851427919 ], [ 8.831392645953827, 54.289148569251154 ], [ 8.840921163580845, 54.280085444487781 ], [ 8.843368768354139, 54.273856043921398 ], [ 8.843374729060542, 54.267658948801454 ], [ 8.839663744086636, 54.266380548123891 ], [ 8.842198610077901, 54.265321135961813 ], [ 8.846157432019993, 54.265465736154965 ], [ 8.851716518402668, 54.265757441153085 ], [ 8.852019071922655, 54.266559600445305 ], [ 8.858413577224837, 54.267222642710863 ], [ 8.855530143001886, 54.270907163335096 ], [ 8.859507321905426, 54.277958751095582 ], [ 8.849561571909078, 54.285016655694278 ], [ 8.842155456109481, 54.287245035430146 ], [ 8.843405127944322, 54.288347244529746 ], [ 8.85078656634704, 54.286504626287581 ], [ 8.851290344973506, 54.284597754183096 ], [ 8.855699539302407, 54.283843517064838 ], [ 8.860917568591105, 54.279316306502494 ], [ 8.86134815229542, 54.27576160391493 ], [ 8.85904455146499, 54.270548343731207 ], [ 8.860013246314452, 54.26900792107881 ], [ 8.861737847423854, 54.268755435515004 ], [ 8.862580418651589, 54.269013523855222 ], [ 8.866520643512956, 54.271573900914916 ], [ 8.871162772144316, 54.271017670229412 ], [ 8.871899843003462, 54.271237015775739 ], [ 8.871866702985983, 54.273026824028818 ], [ 8.878157258350939, 54.274207472896535 ], [ 8.886894822238446, 54.281137943561305 ], [ 8.901634455166004, 54.286010980322601 ], [ 8.906105756675458, 54.290412068162539 ], [ 8.925142049965814, 54.298386454771162 ], [ 8.944854855567144, 54.312857150836976 ], [ 8.951067209484165, 54.31395590294261 ], [ 8.952240348113605, 54.3151046033949 ], [ 8.955192446474371, 54.315536141279949 ], [ 8.96451652032124, 54.315598964320941 ], [ 8.968909263351918, 54.316406249748809 ], [ 8.970486402625511, 54.316990375605428 ], [ 8.975656271419894, 54.322963953223962 ], [ 8.981317043246975, 54.327054858595034 ], [ 8.985730647851085, 54.329604625453157 ], [ 8.991375445920255, 54.331648826732135 ], [ 8.994182347837182, 54.335213780691561 ], [ 8.994203448630287, 54.338609337451032 ], [ 8.993710040985775, 54.339097261029906 ], [ 8.982361674152003, 54.346230745552646 ], [ 8.981711744901133, 54.347251176600594 ], [ 8.980439544149817, 54.357195854605038 ], [ 8.982168674245088, 54.361581564037976 ], [ 8.982368349819637, 54.361909747336995 ], [ 8.988604426053541, 54.368414759533664 ], [ 8.992897749031897, 54.371761680057659 ], [ 8.997884750580852, 54.374963760269509 ], [ 9.006938934284449, 54.378896236572132 ], [ 9.02227962010852, 54.378567338312052 ], [ 9.028160452443046, 54.375938534535749 ], [ 9.030691862339665, 54.371557354988113 ], [ 9.036813616755069, 54.368570446568981 ], [ 9.051334738707396, 54.366979240999228 ], [ 9.065369367902008, 54.363590478617766 ], [ 9.076975345535914, 54.362507343239372 ], [ 9.082556009352459, 54.363207817087186 ], [ 9.085678219874069, 54.368554354100297 ], [ 9.08593344657146, 54.368831873192448 ], [ 9.088943242736434, 54.370595574126583 ], [ 9.091480850760775, 54.370113372933986 ], [ 9.103629112393719, 54.365132212481683 ], [ 9.105662345540907, 54.363973259758211 ], [ 9.10707104179528, 54.362776875452482 ], [ 9.108233332802172, 54.357174873421854 ], [ 9.119853258021578, 54.352899551273254 ], [ 9.128574728541025, 54.351891040738963 ], [ 9.134811639345742, 54.349700331804911 ], [ 9.136661649115979, 54.347357153609778 ], [ 9.137298226132316, 54.339431762965603 ], [ 9.137626529041086, 54.339037180021819 ], [ 9.140625000043769, 54.337890625352145 ], [ 9.141772150964186, 54.337691545128735 ], [ 9.151317834850374, 54.337863921782684 ], [ 9.152420043949974, 54.337669253633123 ], [ 9.155207515114796, 54.335837840943725 ], [ 9.155424356049366, 54.335582852566631 ], [ 9.151993035949829, 54.332745551765925 ], [ 9.15192091481839, 54.332685947398659 ], [ 9.144281148856123, 54.330228924924995 ], [ 9.145459175300857, 54.321848631109447 ], [ 9.146932244127811, 54.32024764990922 ], [ 9.147418260244535, 54.319947123461077 ], [ 9.165258169229105, 54.317243337809884 ], [ 9.17076814183639, 54.317200541771683 ], [ 9.170846819924918, 54.318316340526792 ], [ 9.164428711016228, 54.322664380057176 ], [ 9.162880659415009, 54.324337959029606 ], [ 9.161234140143506, 54.327799678012923 ], [ 9.168109059685435, 54.332745551765925 ], [ 9.168292522282229, 54.332877516484189 ], [ 9.176790833230484, 54.335350036974774 ], [ 9.189558267300299, 54.334536432910113 ], [ 9.194198727689241, 54.333088517221427 ], [ 9.194727063203572, 54.332745551765925 ], [ 9.197175502547452, 54.33134555825103 ], [ 9.197440624485409, 54.330984711575297 ], [ 9.198008656074649, 54.327760457679062 ], [ 9.192607640830147, 54.321333646930441 ], [ 9.191326379408906, 54.316406249748809 ], [ 9.193239808470537, 54.316406249748809 ], [ 9.197273134747377, 54.320749044433001 ], [ 9.211173415121095, 54.326817870148773 ], [ 9.211772203524447, 54.326935410640772 ], [ 9.224815249224491, 54.32291054698419 ], [ 9.225579261973394, 54.323190808109416 ], [ 9.225817918662074, 54.331514477911014 ], [ 9.226465940450851, 54.332745551765925 ], [ 9.228989362569052, 54.337538718836868 ], [ 9.227485418217611, 54.340029239258001 ], [ 9.218139051975754, 54.343715548633838 ], [ 9.217747926925369, 54.345022439833883 ], [ 9.219263673080093, 54.346546649508241 ], [ 9.219957947901037, 54.346358775736974 ], [ 9.223081707954464, 54.343006849586629 ], [ 9.231005668676744, 54.339046239792197 ], [ 9.231228113286818, 54.338626027069608 ], [ 9.228511452941291, 54.332745551765925 ], [ 9.228248715106247, 54.332176447285235 ], [ 9.227805733347907, 54.323944926517299 ], [ 9.227605700742686, 54.323388457511498 ], [ 9.225627422467653, 54.321805835071302 ], [ 9.225053548882158, 54.321612238913872 ], [ 9.222592711484481, 54.321596265155563 ], [ 9.221024155340501, 54.32192146810138 ], [ 9.217291950862943, 54.324202656927127 ], [ 9.211603641794738, 54.32549417061955 ], [ 9.198058247390236, 54.31929624092885 ], [ 9.195631265870304, 54.316406249748809 ], [ 9.196004152669559, 54.316285371872539 ], [ 9.191703439062451, 54.315081000687712 ], [ 9.190835356766286, 54.315198540280505 ], [ 9.189891457125157, 54.316406249748809 ], [ 9.190420270179516, 54.320944428442772 ], [ 9.195061564239893, 54.327828646075147 ], [ 9.195501327324507, 54.329036116323778 ], [ 9.195127963884602, 54.330791831277963 ], [ 9.19286525252943, 54.332002043559498 ], [ 9.180971622242737, 54.333955645336914 ], [ 9.17637312422039, 54.33395516869615 ], [ 9.171952247698073, 54.333118200244769 ], [ 9.163615703202311, 54.32852721246087 ], [ 9.163200259584471, 54.327685832835016 ], [ 9.163202762397532, 54.326937675133706 ], [ 9.163943051930346, 54.325823664230825 ], [ 9.172943949903413, 54.319669723079301 ], [ 9.173272371522728, 54.319341659390204 ], [ 9.173791051016224, 54.317098378787307 ], [ 9.169422268622952, 54.31591117386165 ], [ 9.161192655316938, 54.316406249748809 ], [ 9.148089408999112, 54.318667769502099 ], [ 9.144516706480886, 54.320566058476857 ], [ 9.143640518595078, 54.321519255309397 ], [ 9.142563343023937, 54.330962419180366 ], [ 9.14631104461904, 54.332745551765925 ], [ 9.150777459212463, 54.334870576915762 ], [ 9.150602936776295, 54.335528969686266 ], [ 9.148990154671992, 54.336207032428774 ], [ 9.140625000043769, 54.336216450129143 ], [ 9.140625000043769, 54.336495518753168 ], [ 9.139029026268588, 54.336524009275649 ], [ 9.133568405757444, 54.338353037862589 ], [ 9.133236170113321, 54.338776707579143 ], [ 9.135306954452517, 54.344472646495547 ], [ 9.134555578077538, 54.34873783598249 ], [ 9.128967523632411, 54.350950241060843 ], [ 9.116884827972399, 54.352538227956927 ], [ 9.107813716329929, 54.356136203223286 ], [ 9.106178522221114, 54.356996179030489 ], [ 9.104897618730092, 54.362895130905713 ], [ 9.092675328503617, 54.368594526816139 ], [ 9.087905645429373, 54.368559122305669 ], [ 9.08625364299121, 54.365017771952807 ], [ 9.082712650568396, 54.362380742976995 ], [ 9.068979740322789, 54.361881137204819 ], [ 9.048975706363876, 54.366320133267607 ], [ 9.036988377511648, 54.367594957341453 ], [ 9.030310750341016, 54.370385647180001 ], [ 9.025783062238702, 54.376490473656474 ], [ 9.022277355615529, 54.377731442751951 ], [ 9.013153552694405, 54.378348231085965 ], [ 9.007894634829654, 54.378041505611122 ], [ 9.006426930458645, 54.377553701642171 ], [ 8.999050617292312, 54.374229431443098 ], [ 8.989511847393885, 54.367751717268106 ], [ 8.985983371735244, 54.364523053096548 ], [ 8.982397914132605, 54.357319474514213 ], [ 8.982289553020507, 54.349469542385521 ], [ 8.985834956618078, 54.345534205339391 ], [ 8.991843342496338, 54.342686653166481 ], [ 8.993913650194941, 54.341115116669471 ], [ 8.995166539804075, 54.339402556582854 ], [ 8.99557602361466, 54.33477377928665 ], [ 8.995384335818528, 54.33443844277997 ], [ 8.993738412797541, 54.332003116450778 ], [ 8.993449806863168, 54.331769704608178 ], [ 8.98189997660262, 54.326250433910502 ], [ 8.979032754458103, 54.324042916647443 ], [ 8.977786421805945, 54.322620869057914 ], [ 8.97753465210252, 54.319714904119508 ], [ 8.97103655299469, 54.316406249748809 ], [ 8.970580101190819, 54.316151857622231 ], [ 8.963101506329565, 54.314202666120138 ], [ 8.953109145370831, 54.314080953673113 ], [ 8.949416756578046, 54.311355352267697 ], [ 8.946353555072619, 54.308823823660703 ], [ 8.943196654102337, 54.303622126959624 ], [ 8.944609641921488, 54.302582144650444 ], [ 8.941227555207547, 54.296486734974962 ], [ 8.940114617195945, 54.291404128297927 ], [ 8.940114855516242, 54.290912747725258 ], [ 8.941863536872916, 54.288623452410491 ], [ 8.938000440568032, 54.283285618136915 ], [ 8.93250560804745, 54.280504345998963 ], [ 8.932656168947062, 54.27876913558714 ], [ 8.924635172275373, 54.276762247180045 ], [ 8.920096635651362, 54.274626374407717 ], [ 8.916329264983688, 54.272240161854143 ], [ 8.902870535546811, 54.260189056679735 ], [ 8.90067327055516, 54.258957863214846 ], [ 8.897794842857877, 54.258293866768611 ], [ 8.893293380784939, 54.257947325608711 ], [ 8.88646113857078, 54.25907146917308 ], [ 8.877471804979905, 54.258014201894071 ], [ 8.8459370135825, 54.257740855656152 ], [ 8.845496177606606, 54.257740855656152 ], [ 8.845496177606606, 54.263234138644634 ], [ 8.844136953058069, 54.263255476858831 ], [ 8.844404935739249, 54.257641554314432 ], [ 8.841640233609951, 54.256606340210624 ], [ 8.839245915466734, 54.252255558647164 ], [ 8.835835575651402, 54.251404523899794 ], [ 8.837609171825875, 54.249514579734182 ], [ 8.8326443430621, 54.247297644770583 ], [ 8.831554412406319, 54.244681715688671 ], [ 8.832364201546795, 54.239312529249958 ], [ 8.830171703861197, 54.236435055733409 ], [ 8.834285259557248, 54.235580921022745 ], [ 8.837974310066386, 54.231384038642602 ], [ 8.834244251371217, 54.217296004107368 ], [ 8.831267476513005, 54.213818430975891 ], [ 8.822955131873869, 54.209632039187454 ], [ 8.816682219409074, 54.204110503097411 ], [ 8.812085628848763, 54.192871331946492 ], [ 8.809185743327362, 54.190027833018121 ], [ 8.809883713462739, 54.180158972358754 ], [ 8.807952404080311, 54.173164844082407 ], [ 8.809942126228236, 54.170639157471271 ], [ 8.817928552960439, 54.166789650821784 ], [ 8.821401954137059, 54.160276412526457 ], [ 8.823430777008923, 54.149832844610216 ], [ 8.825859904311244, 54.144999623533863 ], [ 8.830030441052088, 54.140625000043713 ], [ 8.830338955278705, 54.140625000043713 ], [ 8.83430564359071, 54.136793374614683 ], [ 8.838271856161384, 54.136555075856222 ], [ 8.836359977531004, 54.135499000178811 ], [ 8.841735601316941, 54.132304430205465 ], [ 8.843137860224147, 54.131729007088097 ], [ 8.855178714026522, 54.128772974193566 ], [ 8.855736136313737, 54.128436207764764 ], [ 8.860748052680606, 54.122149467324164 ], [ 8.869045615163031, 54.12328052487635 ], [ 8.880020856877081, 54.128462553404233 ], [ 8.895352363321024, 54.133717775055288 ], [ 8.910967111243281, 54.134736061220394 ], [ 8.92691934145455, 54.131891011860716 ], [ 8.943955659426138, 54.104472160262105 ], [ 8.948339938937124, 54.09568321720684 ], [ 8.948364138794034, 54.091674923558912 ], [ 8.951786279513271, 54.090360760440831 ], [ 8.95569264849712, 54.085736036388937 ], [ 8.979248643010465, 54.069566250282264 ], [ 8.985650300620875, 54.061234355281272 ], [ 8.985815524966597, 54.060842156440401 ], [ 8.98231303701715, 54.046679735381588 ], [ 8.976981163449921, 54.041043758762498 ], [ 8.966178775030414, 54.035743832711773 ], [ 8.959809541577215, 54.034385204413752 ], [ 8.954443455101455, 54.035650252856954 ], [ 8.944041847753226, 54.034629106847774 ], [ 8.924217224045776, 54.042835354867748 ], [ 8.878652453847792, 54.046244502182049 ], [ 8.854860543779239, 54.042857408942439 ], [ 8.848599552727251, 54.040483116902465 ], [ 8.847149133325956, 54.038542747749659 ], [ 8.841472029810461, 54.037007569943455 ], [ 8.837401867302447, 54.028064847314909 ], [ 8.820195912911061, 54.024431347928555 ], [ 8.819876432351577, 54.024131178511198 ], [ 8.821042537383278, 54.021281957196663 ], [ 8.8350126743955, 54.023262024223129 ], [ 8.831062078552122, 54.021469354327394 ], [ 8.831367016175022, 54.019131541487525 ], [ 8.835740447163914, 54.015262365765693 ], [ 8.835231662011779, 54.013250827863544 ], [ 8.838341712799888, 54.01161170012 ], [ 8.843680143324036, 54.002632141260506 ], [ 8.847232818839586, 54.001026749784728 ], [ 8.854785203974075, 53.991937637312105 ], [ 8.863318443691412, 53.991113423945421 ], [ 8.869629621409956, 53.982244729910406 ], [ 8.876516819395761, 53.978768706310802 ], [ 8.874108910697714, 53.976084232701339 ], [ 8.874120712500996, 53.975675820882486 ], [ 8.876725435130766, 53.973070263681734 ], [ 8.874462127525248, 53.968514323377462 ], [ 8.874564051289951, 53.967914700403242 ], [ 8.877034664318444, 53.966575145826482 ], [ 8.877162814112694, 53.964849114794958 ], [ 8.877390741889258, 53.964484333585233 ], [ 8.882718205181106, 53.962998866704368 ], [ 8.889045477167087, 53.956760048437559 ], [ 8.897948742040853, 53.946240663176241 ], [ 8.903502345257095, 53.936603426507077 ], [ 8.913760900145519, 53.927737474505022 ], [ 8.91469061388085, 53.925359964690756 ], [ 8.918045639994318, 53.924169659802146 ], [ 8.922593951349938, 53.919969558748164 ], [ 8.929521918301873, 53.917100548751478 ], [ 8.938434362555768, 53.909963369813852 ], [ 8.949014901716509, 53.904785871171214 ], [ 8.950555443978601, 53.902381658686636 ], [ 8.958167314769923, 53.899070024861885 ], [ 8.964031935025787, 53.894618153205329 ], [ 8.969889163753976, 53.892886161467231 ], [ 8.970563411572243, 53.892785548914105 ], [ 8.980940819063619, 53.892049550946069 ], [ 8.998437762592687, 53.89444410830896 ], [ 9.011862516541896, 53.894281625996371 ], [ 9.028775334214288, 53.898507953079729 ], [ 9.029352903114045, 53.898570656510628 ], [ 9.037118316057445, 53.897951722394225 ], [ 9.050321221647096, 53.898926258340168 ], [ 9.05159592611119, 53.898623228179588 ], [ 9.054040313110136, 53.896507859050644 ], [ 9.06901657565453, 53.894747853430829 ], [ 9.080381035856249, 53.890542745851178 ], [ 9.085616111794309, 53.889432668582856 ], [ 9.094627857389753, 53.888143658603042 ], [ 9.107124448034881, 53.887858629272387 ], [ 9.112590670423231, 53.889455557228302 ], [ 9.118290424263705, 53.88804495351178 ], [ 9.124109864378909, 53.889768242510399 ], [ 9.124360680800919, 53.887099146408616 ], [ 9.126242756797865, 53.886458635757492 ], [ 9.127110004523217, 53.886576771600801 ], [ 9.12723457771375, 53.886615634004443 ], [ 9.138468742338773, 53.890942454031119 ], [ 9.137846946579373, 53.891830563329961 ], [ 9.163609027534619, 53.904676080136994 ], [ 9.164165258220123, 53.904984951394454 ], [ 9.165948867446332, 53.907833456848721 ], [ 9.174483656695543, 53.909963369813852 ], [ 9.192069053943783, 53.919552445089323 ], [ 9.196320414555601, 53.922329425662497 ], [ 9.226369142821738, 53.945498347470789 ], [ 9.271498441499887, 53.977305412215117 ], [ 9.282907963132061, 53.98700094203997 ], [ 9.29237771006342, 54.000658631191016 ], [ 9.299915670971473, 54.030479430781213 ], [ 9.298702001696199, 54.033388019041922 ], [ 9.301795244155358, 54.036639452249062 ], [ 9.306292056733128, 54.055090427181483 ], [ 9.320378065095667, 54.083149433299752 ], [ 9.319423437441799, 54.084088445125701 ], [ 9.327978015373162, 54.098739504724506 ], [ 9.327081203335013, 54.119559049310737 ], [ 9.329090237524497, 54.127291202626964 ], [ 9.332167864155736, 54.132687806697049 ], [ 9.33569240528027, 54.136536836705716 ], [ 9.340840101289643, 54.140625000043713 ], [ 9.347996950199274, 54.144451021797352 ], [ 9.350569247772569, 54.145482301367224 ], [ 9.381427407249134, 54.156583547992454 ], [ 9.422398209310018, 54.167279720183046 ], [ 9.444919943900345, 54.174328446300876 ], [ 9.539431571909631, 54.195168852460597 ], [ 9.542217970183174, 54.195913434457566 ], [ 9.559314846702875, 54.202754020581779 ], [ 9.582778215542362, 54.214000463650507 ], [ 9.589759707444614, 54.217795252848759 ], [ 9.599777579471834, 54.225882172524337 ], [ 9.608952522341099, 54.241231203157497 ], [ 9.613131880532023, 54.245386242780967 ], [ 9.623609542646307, 54.26554882541808 ], [ 9.637049913322983, 54.281384825449379 ], [ 9.65151774864529, 54.288551926630191 ], [ 9.652179718019738, 54.288734078015352 ], [ 9.680086016556402, 54.293555259867503 ], [ 9.70012390639323, 54.298270105880817 ], [ 9.703042268486058, 54.299802065013353 ], [ 9.706825971741296, 54.303007960149387 ], [ 9.710255265668138, 54.30785334095907 ], [ 9.711170672988203, 54.311785459331645 ], [ 9.711175322483257, 54.311825156306043 ], [ 9.705454826678874, 54.311725378323729 ], [ 9.704416751831673, 54.313412904881716 ], [ 9.707490443928975, 54.316011428484728 ], [ 9.711135745118554, 54.32335996608964 ], [ 9.714072227651229, 54.325753569271797 ], [ 9.714317679617409, 54.332745551765925 ], [ 9.713902950061254, 54.334690570413613 ], [ 9.714398980128976, 54.33506071607917 ], [ 9.729047655624868, 54.340650916306913 ], [ 9.744515419251229, 54.34121084230668 ], [ 9.745012640920777, 54.342019915586718 ], [ 9.75353062184081, 54.346470356421946 ], [ 9.758833646955338, 54.347943543959389 ], [ 9.783195853106236, 54.359820246307379 ], [ 9.783692241104177, 54.360008239688625 ], [ 9.808115362833803, 54.364118337491334 ], [ 9.851642251288922, 54.364118337491334 ], [ 9.857293248384792, 54.363530754640692 ], [ 9.860643148362669, 54.362934112919049 ], [ 9.873281001816849, 54.359881520715703 ], [ 9.922282457469464, 54.343701958978386 ], [ 9.935955524128246, 54.341268420501308 ], [ 9.961258530856526, 54.342688679339176 ], [ 9.968000650210001, 54.344213366553674 ], [ 9.978620052673364, 54.344063043974415 ], [ 9.989400148697882, 54.346936106316377 ], [ 10.015139341007853, 54.359239578343875 ], [ 10.026389956031835, 54.360977053248462 ], [ 10.053875803525671, 54.359962344586677 ], [ 10.059974551484402, 54.360834360517401 ], [ 10.066884517606525, 54.36356031895366 ], [ 10.075777173178096, 54.369228840238918 ], [ 10.076420307151579, 54.369484066936252 ], [ 10.084823250392674, 54.371123075069931 ], [ 10.091729402489989, 54.37199425732922 ], [ 10.101153850569915, 54.372459173552102 ], [ 10.113397240690119, 54.371160507551565 ], [ 10.123184203688197, 54.368832349833212 ], [ 10.146657705189, 54.369040250607156 ], [ 10.153954505695935, 54.368762373584786 ], [ 10.154339074688551, 54.368919849371707 ], [ 10.15882062936862, 54.375679373304479 ], [ 10.165282130566027, 54.37768507011009 ], [ 10.165557980516553, 54.378297567778645 ], [ 10.161013364475366, 54.382093429868007 ], [ 10.161165952446765, 54.385574102063288 ], [ 10.176898360471114, 54.389974355332413 ], [ 10.191842079248715, 54.389795541331296 ], [ 10.188745736826434, 54.392609358135417 ], [ 10.18938827544855, 54.397746920584098 ], [ 10.192202210064011, 54.401885748128961 ], [ 10.190962433469565, 54.408046603268247 ], [ 10.187582612147935, 54.413285255810081 ], [ 10.182129859805286, 54.416392326244932 ], [ 10.171941280265969, 54.426481127801992 ], [ 10.171109557560101, 54.43233060797121 ], [ 10.168693304052795, 54.433740973367208 ], [ 10.174621343600222, 54.435578942114546 ], [ 10.185935616235838, 54.447423339016041 ], [ 10.195073247132711, 54.449218750045304 ], [ 10.195312500071964, 54.449218750045304 ], [ 10.195646524467691, 54.449218630435553 ], [ 10.199090361331173, 54.454973816688266 ], [ 10.19904720826213, 54.455496072785706 ], [ 10.195312500071964, 54.456194042920856 ], [ 10.190280914632638, 54.457204460917239 ], [ 10.183435678114222, 54.460842132258676 ], [ 10.170313119754837, 54.469771146521225 ], [ 10.160200953811113, 54.474274754376552 ], [ 10.136561870933633, 54.483664631617444 ], [ 10.126864552357233, 54.484902739969471 ], [ 10.116926312599333, 54.484904408211946 ], [ 10.111732363557792, 54.484429001397359 ], [ 10.082477450673935, 54.479992509047179 ], [ 10.06736421598589, 54.480048656420536 ], [ 10.059542060317995, 54.477891802464796 ], [ 10.019090056460982, 54.47482025614994 ], [ 9.995624065198513, 54.468272447915297 ], [ 9.959741711810693, 54.466796755765813 ], [ 9.956820726395563, 54.465174317640617 ], [ 9.947893142954342, 54.463381647744939 ], [ 9.92495274517313, 54.461678027818891 ], [ 9.925229072663626, 54.460670233144867 ], [ 9.934102773224481, 54.460973978266566 ], [ 9.913808941729371, 54.452234148986861 ], [ 9.891253232550753, 54.451016068536887 ], [ 9.86898064613996, 54.447429656753286 ], [ 9.867810845793997, 54.447361827186626 ], [ 9.856428623082593, 54.450415253960841 ], [ 9.85271024747999, 54.453342557113388 ], [ 9.855846643008135, 54.455637931845104 ], [ 9.849308252473918, 54.4552402498378 ], [ 9.848626852347536, 54.455466031831975 ], [ 9.845031738723833, 54.45885896706784 ], [ 9.843749999762849, 54.460379361818184 ], [ 9.843749999762849, 54.462053537041186 ], [ 9.840534448605922, 54.467568278753163 ], [ 9.840873837457707, 54.472011566380786 ], [ 9.842075944149599, 54.472656249886143 ], [ 9.843749999762849, 54.472656249886143 ], [ 9.844527244236986, 54.473572850606615 ], [ 9.843749999762849, 54.474051356484892 ], [ 9.839152455021861, 54.475801229443277 ], [ 9.842554211707579, 54.476841450072925 ], [ 9.843749999762849, 54.476841450072925 ], [ 9.850151538662715, 54.476855635978836 ], [ 9.855658530916571, 54.474110126281403 ], [ 9.857007741514224, 54.471822142178269 ], [ 9.859269619197562, 54.47093713284238 ], [ 9.864236832064194, 54.469929218558605 ], [ 9.870857357681018, 54.471165776479381 ], [ 9.869645357547313, 54.473585844011552 ], [ 9.873194456459146, 54.475346922522647 ], [ 9.889433264633567, 54.479562878624051 ], [ 9.911553144362131, 54.487587213579104 ], [ 9.926772356059473, 54.490756750024161 ], [ 9.929846764016986, 54.492187500353054 ], [ 9.930199742524223, 54.492187500353054 ], [ 9.934876561604142, 54.493728637966456 ], [ 9.93975257871864, 54.494023561638073 ], [ 9.940467715113016, 54.495425343904515 ], [ 9.953076839724474, 54.499948501222548 ], [ 9.965051174272389, 54.502713679992439 ], [ 9.976161718088917, 54.510582566232472 ], [ 9.983828664261637, 54.512026906216761 ], [ 9.987213969649076, 54.515608668505308 ], [ 9.990211248150558, 54.517634153093695 ], [ 9.996764778771706, 54.520187854485926 ], [ 10.000448942364926, 54.523291707146711 ], [ 10.006697535362946, 54.531387328662447 ], [ 10.012877940864314, 54.542791247518039 ], [ 10.015259743142735, 54.545061349501793 ], [ 10.016464352647859, 54.545730114153628 ], [ 10.023163437642665, 54.547381043700284 ], [ 10.024106859743824, 54.547775268713792 ], [ 10.026676416183818, 54.549762725469407 ], [ 10.026905656071335, 54.550143003796677 ], [ 10.025354742827233, 54.579092264096744 ], [ 10.029529571132912, 54.581768870437202 ], [ 10.025776863011913, 54.585519552385506 ], [ 10.025362968026627, 54.596399068462347 ], [ 10.026789546400437, 54.607861757114449 ], [ 10.032620907029298, 54.616773128477234 ], [ 10.033939480422703, 54.621791243870859 ], [ 10.032928347465258, 54.631470203687059 ], [ 10.030244946746905, 54.63811957865579 ], [ 10.030628323238716, 54.650679111052284 ], [ 10.033352613432328, 54.657408356610347 ], [ 10.031826615006423, 54.66025531253274 ], [ 10.024533749033424, 54.65791165859622 ], [ 10.016332149609127, 54.659848809075356 ], [ 10.015059828348512, 54.660992741322104 ], [ 10.015206456512828, 54.661559104669038 ], [ 10.018242359097655, 54.66334247557495 ], [ 10.032069206228869, 54.662233352487362 ], [ 10.034899950072656, 54.667968750057923 ], [ 10.034722208962819, 54.667968750057923 ], [ 10.033232450517346, 54.669872045558463 ], [ 10.032939553018025, 54.669812202870901 ], [ 10.03279304536278, 54.667968750057923 ], [ 10.032979011672126, 54.667968750057923 ], [ 10.0330631729272, 54.667259931400793 ], [ 10.030877709738604, 54.666783451694982 ], [ 10.029838442390371, 54.664051413841776 ], [ 10.029357910339399, 54.663933157489339 ], [ 10.017044901900761, 54.664339900166397 ], [ 10.013630866771166, 54.662168979914668 ], [ 10.01180863346184, 54.661867618895656 ], [ 10.010282754645459, 54.661950826869145 ], [ 10.009273409540185, 54.662269949498636 ], [ 10.005177021002851, 54.66752970193437 ], [ 10.005304813766259, 54.667968750057923 ], [ 10.003980636697065, 54.672937750776725 ], [ 10.001803755738763, 54.673816561984893 ], [ 9.999087572033943, 54.671549916095728 ], [ 9.999035358295203, 54.667968750057923 ], [ 9.99887931332978, 54.667968750057923 ], [ 9.997294664717117, 54.666033625751254 ], [ 9.989792704569822, 54.666152477455 ], [ 9.988793373415433, 54.667968750057923 ], [ 9.988425851072236, 54.667968750057923 ], [ 9.988199353217624, 54.669780731096012 ], [ 9.984331846637531, 54.669856310120622 ], [ 9.975737213801551, 54.67348480208193 ], [ 9.969378113908874, 54.673577547366108 ], [ 9.964032531076441, 54.675194621035018 ], [ 9.949590921783681, 54.67422854860871 ], [ 9.944540857974232, 54.667968750057923 ], [ 9.944127678849384, 54.667968750057923 ], [ 9.941343545967982, 54.666874409126763 ], [ 9.940714239970248, 54.663643956203657 ], [ 9.9367805720658, 54.659943461821456 ], [ 9.938635468752011, 54.659385561994156 ], [ 9.941123843390756, 54.655260563324418 ], [ 9.940230846276677, 54.652586579407284 ], [ 9.938158750725847, 54.651727914811488 ], [ 9.93661415611848, 54.649877905940741 ], [ 9.937550067981306, 54.644878864268208 ], [ 9.944671631091012, 54.6410491463011 ], [ 9.945060133718243, 54.6364418268289 ], [ 9.936198711601435, 54.628514528722576 ], [ 9.939485907248866, 54.626244544550218 ], [ 9.937115549742828, 54.622998952439787 ], [ 9.932984948296905, 54.623576044698893 ], [ 9.933017968704462, 54.622090220787186 ], [ 9.928791880840606, 54.621967912089588 ], [ 9.925672173132455, 54.618741512410963 ], [ 9.905277609474126, 54.614063143799171 ], [ 9.894762515777586, 54.607735156852129 ], [ 9.889178872506989, 54.606539845437624 ], [ 9.879418849600313, 54.599710345256256 ], [ 9.875812172493852, 54.598243832487071 ], [ 9.860890746111181, 54.595394849492834 ], [ 9.854473471773474, 54.591825961898678 ], [ 9.844527125526611, 54.588529348550708 ], [ 9.843749999762849, 54.588448643390279 ], [ 9.844170212485437, 54.590501427798699 ], [ 9.843749999762849, 54.590680838050332 ], [ 9.842149972743186, 54.590914845244015 ], [ 9.841885447055745, 54.590653657840051 ], [ 9.83940076863064, 54.583693742472292 ], [ 9.827647566582073, 54.581533909062728 ], [ 9.820328473680149, 54.582910537291582 ], [ 9.818716644857375, 54.57831764204559 ], [ 9.807308435336154, 54.571822047549517 ], [ 9.801775455373104, 54.566521406537731 ], [ 9.786478042227998, 54.559145450402241 ], [ 9.7775702474691, 54.553294659021446 ], [ 9.776741147186272, 54.55290186393006 ], [ 9.775591969194011, 54.552959442124745 ], [ 9.775572061801313, 54.553271412445781 ], [ 9.779732107950508, 54.556513070921653 ], [ 9.775796412974159, 54.557906508378778 ], [ 9.771133304058822, 54.557573556874218 ], [ 9.763775348753484, 54.553915858530161 ], [ 9.761774659373089, 54.548848748071293 ], [ 9.748865246633954, 54.546340823070636 ], [ 9.744067549677823, 54.536282539107958 ], [ 9.739226818362965, 54.535937905410037 ], [ 9.742067456547943, 54.531946420990607 ], [ 9.74162840842439, 54.52990722623764 ], [ 9.738507747434653, 54.527897835017086 ], [ 9.734465956738575, 54.528029441805302 ], [ 9.736996054524468, 54.524972915967396 ], [ 9.728919744150915, 54.523062944799165 ], [ 9.72685587379965, 54.520730018875383 ], [ 9.724298715413454, 54.5203037258363 ], [ 9.723106860992971, 54.520950317703125 ], [ 9.724159002136275, 54.526921749539213 ], [ 9.72642695923696, 54.528053760372927 ], [ 9.723456144185718, 54.528965115347887 ], [ 9.720329642099387, 54.528659344053551 ], [ 9.719605445934633, 54.528420448145141 ], [ 9.716560960220249, 54.523235321453058 ], [ 9.715688466749384, 54.517319560349506 ], [ 9.706645130668335, 54.516884445860512 ], [ 9.701152324320446, 54.515769958317037 ], [ 9.700715541589034, 54.515446544122767 ], [ 9.700351953779716, 54.514647602604839 ], [ 9.700804352339048, 54.513850212417537 ], [ 9.709436774687561, 54.507465243526156 ], [ 9.712817549290605, 54.495281457773046 ], [ 9.715996265115564, 54.492187500353054 ], [ 9.715561151525947, 54.492187500353054 ], [ 9.715577363604552, 54.491614222118699 ], [ 9.708998441524898, 54.491863250688596 ], [ 9.706551433002346, 54.490867256918477 ], [ 9.692637443363481, 54.489994526026635 ], [ 9.691892504335669, 54.490107059093589 ], [ 9.690210342233627, 54.492187500353054 ], [ 9.690061449576319, 54.492187500353054 ], [ 9.684014320005019, 54.495555639481154 ], [ 9.676566958598301, 54.495281099843055 ], [ 9.671666145376435, 54.497759938070715 ], [ 9.671347141457488, 54.497933507225639 ], [ 9.668075919568025, 54.504330873271272 ], [ 9.663963436763254, 54.50638794924464 ], [ 9.647113919671824, 54.509831666498258 ], [ 9.642035603660361, 54.510251880120165 ], [ 9.636158347030175, 54.508710622897013 ], [ 9.628484011128307, 54.511327505260226 ], [ 9.624413729010371, 54.511358141565097 ], [ 9.613053202443439, 54.508048176881971 ], [ 9.608147621015974, 54.507055043855303 ], [ 9.595585107366901, 54.505644441038157 ], [ 9.594666242153494, 54.505441069250139 ], [ 9.587450743057502, 54.5034432415124 ], [ 9.580729365667878, 54.500859022525901 ], [ 9.581942438692693, 54.493982076811506 ], [ 9.580558418935937, 54.492187500353054 ], [ 9.580197572260204, 54.492187500353054 ], [ 9.577447533576844, 54.488620042681021 ], [ 9.582461714436704, 54.483491420392909 ], [ 9.582733273721772, 54.478080868737152 ], [ 9.576510548822853, 54.47532117403307 ], [ 9.57490432277632, 54.475250244503286 ], [ 9.57335734406621, 54.475441217338357 ], [ 9.573637843511733, 54.479910730995471 ], [ 9.57440185536143, 54.484212517493859 ], [ 9.576259851111388, 54.485643267822581 ], [ 9.571094751421754, 54.488218903679524 ], [ 9.57039034393938, 54.488867640429362 ], [ 9.568717956568548, 54.492187500353054 ], [ 9.568551540621229, 54.492187500353054 ], [ 9.567167639575018, 54.494409323131947 ], [ 9.567340970409475, 54.494929910087365 ], [ 9.577514648182614, 54.500384330672432 ], [ 9.570378660846643, 54.501870751733861 ], [ 9.561680674323782, 54.500899076531141 ], [ 9.556993842192128, 54.503349542947092 ], [ 9.55173075237235, 54.50326836114607 ], [ 9.547705054144956, 54.506328105657701 ], [ 9.550926208078067, 54.507700562830848 ], [ 9.545137048136439, 54.509208202496552 ], [ 9.548438429689782, 54.512117028178409 ], [ 9.552003145329081, 54.512464761839453 ], [ 9.558344006970515, 54.510927199930393 ], [ 9.563917755899752, 54.511902808767672 ], [ 9.573167443223042, 54.511622548541766 ], [ 9.586610912963295, 54.510047673761164 ], [ 9.594563603427673, 54.517134547321689 ], [ 9.60500276106859, 54.52114176717896 ], [ 9.604801416352416, 54.523396611264786 ], [ 9.602811932524787, 54.522146344078635 ], [ 9.59967780148952, 54.523142456559185 ], [ 9.604262948176597, 54.526579260724304 ], [ 9.614930033594192, 54.527700423935471 ], [ 9.627689838715128, 54.530905247079602 ], [ 9.630955815758455, 54.529669165799419 ], [ 9.633176446036146, 54.52669453582422 ], [ 9.632505058961328, 54.524737953693773 ], [ 9.626662254459575, 54.522425532312639 ], [ 9.63307034941721, 54.514402508569106 ], [ 9.635454177868098, 54.51543021243441 ], [ 9.637309670804825, 54.520837903346717 ], [ 9.643085360700923, 54.522068262240623 ], [ 9.648919820393587, 54.521283507527983 ], [ 9.646098852180387, 54.522645234889808 ], [ 9.646930932816474, 54.52385747424313 ], [ 9.650752544294562, 54.522326707611455 ], [ 9.655710577781065, 54.523107052048886 ], [ 9.659249067390704, 54.522464275106302 ], [ 9.66968882128208, 54.525172948572788 ], [ 9.696288943579987, 54.527187943468903 ], [ 9.700855970726479, 54.525951147227829 ], [ 9.701099872261352, 54.520223140285793 ], [ 9.702787518429261, 54.51936137662625 ], [ 9.712121963258085, 54.519701242118629 ], [ 9.713248014284545, 54.520074844778378 ], [ 9.719461917733383, 54.529984951044639 ], [ 9.71465861800084, 54.533001303267611 ], [ 9.719320416604035, 54.534425019998764 ], [ 9.724542021597188, 54.530549645250005 ], [ 9.73454797311058, 54.532464027592994 ], [ 9.73823606943921, 54.537800907685835 ], [ 9.740082740925857, 54.544588446399871 ], [ 9.752555608354726, 54.553766846262931 ], [ 9.753527879807905, 54.557958960437645 ], [ 9.767823458086241, 54.56453061059932 ], [ 9.768368243999305, 54.565976739335213 ], [ 9.764271378821206, 54.566420554764932 ], [ 9.763603210419888, 54.567541360945086 ], [ 9.768539071121381, 54.579734444788983 ], [ 9.771956205314723, 54.58052253688561 ], [ 9.774870515062389, 54.578432560114607 ], [ 9.780162453334697, 54.579455375265411 ], [ 9.779931545204761, 54.577814221349342 ], [ 9.77395701430487, 54.576070427808133 ], [ 9.774039745637936, 54.575034618353072 ], [ 9.788274765368215, 54.573191404759541 ], [ 9.789782643354386, 54.573259472646725 ], [ 9.791869044420878, 54.573855876947221 ], [ 9.796884536492144, 54.577258825234651 ], [ 9.811381459486824, 54.579569340053069 ], [ 9.811600327493238, 54.579725742049504 ], [ 9.814653158016881, 54.583375453514464 ], [ 9.809377312213257, 54.587065816134555 ], [ 9.803323506974323, 54.579723954197107 ], [ 9.802029013828019, 54.579882979516071 ], [ 9.801813006565112, 54.582511544072474 ], [ 9.804133654044961, 54.587813854226113 ], [ 9.805247068697383, 54.58842050989864 ], [ 9.810126542805847, 54.589262008235266 ], [ 9.812829851816275, 54.587974548686532 ], [ 9.813381672226456, 54.585897922351251 ], [ 9.819754719704633, 54.583564877716981 ], [ 9.819937110309468, 54.583634734355485 ], [ 9.818729042911173, 54.585034847480301 ], [ 9.821540117682389, 54.58647632582182 ], [ 9.821730732587355, 54.589960813840662 ], [ 9.833422064876515, 54.593998670901954 ], [ 9.837890625252271, 54.594168543843296 ], [ 9.832909345190274, 54.595033049535743 ], [ 9.83226001218992, 54.595580577481769 ], [ 9.832494736143246, 54.596466064357571 ], [ 9.835708856478618, 54.598185777651679 ], [ 9.843029618522166, 54.599888444296312 ], [ 9.843749999762849, 54.599888444296312 ], [ 9.843749999762849, 54.601004361761966 ], [ 9.852681756058303, 54.600486516839453 ], [ 9.853724002860588, 54.600657224351551 ], [ 9.858838677563028, 54.602440953187511 ], [ 9.860909103972006, 54.604908942893417 ], [ 9.875906228989436, 54.609855413796367 ], [ 9.878563999928758, 54.614984154795025 ], [ 9.892595410449871, 54.623203754150097 ], [ 9.907798409169345, 54.627539753556903 ], [ 9.90864253082816, 54.628106236513645 ], [ 9.908982753351552, 54.62860262361238 ], [ 9.905490755993583, 54.631487726977127 ], [ 9.908208847160665, 54.63422584514683 ], [ 9.911847233463163, 54.633359908633054 ], [ 9.911043166708794, 54.630443454002318 ], [ 9.913223147630276, 54.628819108415257 ], [ 9.932828665010845, 54.627568841229106 ], [ 9.937249541533163, 54.63249480758941 ], [ 9.936005830404724, 54.633618116582795 ], [ 9.932213902849526, 54.633251547520956 ], [ 9.930252074973339, 54.6349060536715 ], [ 9.929973364279363, 54.641450762842567 ], [ 9.932139038785749, 54.64283907416393 ], [ 9.931219458611281, 54.645331144116994 ], [ 9.933776378676953, 54.65122735485869 ], [ 9.934710144757446, 54.652624964270728 ], [ 9.935226321437653, 54.653035044332 ], [ 9.937300444060327, 54.655061364390576 ], [ 9.934108018969994, 54.659328103409223 ], [ 9.93525981938518, 54.662840247379563 ], [ 9.937670945857576, 54.664707064579375 ], [ 9.937403917357074, 54.667968750057923 ], [ 9.937307119727961, 54.667968750057923 ], [ 9.939473748414912, 54.67036855226695 ], [ 9.937800646083019, 54.672464251424117 ], [ 9.942825079214117, 54.674013733846834 ], [ 9.944876909441973, 54.676254034096473 ], [ 9.949250340430865, 54.677693844195744 ], [ 9.950795054648211, 54.677950620424781 ], [ 9.960974216486989, 54.678062916070814 ], [ 9.968279003872965, 54.683124542463702 ], [ 9.977159857641425, 54.682554244582775 ], [ 9.979657769590574, 54.687003374206427 ], [ 9.973835349122112, 54.689292907841434 ], [ 9.975335121518697, 54.691257953491913 ], [ 9.974146842802554, 54.693198203934003 ], [ 9.982620238932896, 54.696897745035017 ], [ 9.981311440270929, 54.697977543029367 ], [ 9.983169317310171, 54.700967312191892 ], [ 9.987714171671826, 54.701110959103517 ], [ 9.992655515539582, 54.698848604779357 ], [ 9.991380333535687, 54.693977117550105 ], [ 9.994365454102422, 54.691194772520873 ], [ 9.994567155849666, 54.689319848832042 ], [ 9.994365454102422, 54.688539505293988 ], [ 9.990029573406161, 54.685789823641471 ], [ 9.987585544337435, 54.686160445048472 ], [ 9.987176656777365, 54.685690045659157 ], [ 9.98708784602735, 54.684940933777114 ], [ 9.988960027683277, 54.682679176602903 ], [ 9.991953611769816, 54.681154251067881 ], [ 9.995777129810847, 54.680784940872456 ], [ 9.995715141340838, 54.684568643228374 ], [ 9.998074173684358, 54.686717033664195 ], [ 10.01287746422372, 54.689561367163435 ], [ 10.014961957828064, 54.692465543350238 ], [ 10.015898942582226, 54.692495465593424 ], [ 10.021919965733957, 54.691889047341817 ], [ 10.022620916222365, 54.69152772402532 ], [ 10.020386338358946, 54.68884301209539 ], [ 10.020735859872218, 54.688014745484168 ], [ 10.02126491034744, 54.687790632631618 ], [ 10.026773810063446, 54.687731146974897 ], [ 10.027869939746097, 54.689287543385547 ], [ 10.028567314529937, 54.688809156217644 ], [ 10.028995514131793, 54.68818795670893 ], [ 10.021833539086572, 54.683883905717721 ], [ 10.026950955822088, 54.683950305362487 ], [ 10.030281901688454, 54.685859560670281 ], [ 10.024380564811338, 54.682044506149111 ], [ 10.025050878095669, 54.681169033224364 ], [ 10.028614640453384, 54.681785344917785 ], [ 10.028863906444201, 54.68157517875153 ], [ 10.029862045996708, 54.680597067101019 ], [ 10.029838562000123, 54.68042874369155 ], [ 10.027504801505359, 54.679794669488444 ], [ 10.027261853252014, 54.678425430989023 ], [ 10.030346155550774, 54.678666353069843 ], [ 10.031476974782606, 54.673367499910228 ], [ 10.034033656528209, 54.672211170509286 ], [ 10.034655451388062, 54.672429800195175 ], [ 10.037512421261397, 54.682577251938596 ], [ 10.037624240266439, 54.68762385875425 ], [ 10.035632967687434, 54.690057277621349 ], [ 10.033658623946508, 54.691811442144513 ], [ 10.02200472323949, 54.6967420579997 ], [ 10.018034577034257, 54.699064731652015 ], [ 10.004049300834595, 54.708679317996143 ], [ 9.995489835987257, 54.710953832053804 ], [ 9.993688822181468, 54.714302659140571 ], [ 9.988948107169449, 54.716859579206243 ], [ 9.980096101853633, 54.733127475053038 ], [ 9.979992747267602, 54.733434677168702 ], [ 9.976837515439115, 54.756511330333751 ], [ 9.972192049423654, 54.762738346797278 ], [ 9.963419556767292, 54.769428014991092 ], [ 9.956649422632722, 54.779003262290871 ], [ 9.955803156090894, 54.77955126777681 ], [ 9.941609024936554, 54.783792972367962 ], [ 9.925523043054056, 54.791638969962492 ], [ 9.907568573930689, 54.797088503631642 ], [ 9.907109260484049, 54.796852231045762 ], [ 9.903118848955899, 54.789428948986881 ], [ 9.904462933417733, 54.78230905501897 ], [ 9.902153611100402, 54.776817917812707 ], [ 9.902114868306683, 54.774436354754073 ], [ 9.906664014232945, 54.769086003716154 ], [ 9.906003952320646, 54.763818144791628 ], [ 9.905656456980068, 54.763667940922915 ], [ 9.904291153014356, 54.763564229305814 ], [ 9.900781035216653, 54.767128825335192 ], [ 9.89666652713862, 54.768152118025967 ], [ 9.893965602230878, 54.767446636752879 ], [ 9.894746065378683, 54.769667506250471 ], [ 9.892708421056966, 54.770160436355184 ], [ 9.89215540904496, 54.770003318498482 ], [ 9.881266355657772, 54.762151837737122 ], [ 9.879764080447956, 54.760505556786086 ], [ 9.878011942097487, 54.754070759158196 ], [ 9.877138853275596, 54.753366350776446 ], [ 9.874897718454974, 54.75215077403908 ], [ 9.873208880685411, 54.751865029747364 ], [ 9.865216136215736, 54.752151012359377 ], [ 9.86477053203447, 54.754053831219323 ], [ 9.851784467379389, 54.754213929429397 ], [ 9.843749999762849, 54.756138443534439 ], [ 9.843068003385781, 54.756152749050159 ], [ 9.831866979677386, 54.760449051482567 ], [ 9.828740119660836, 54.764331579438931 ], [ 9.809378624324211, 54.777366756970252 ], [ 9.795080661943075, 54.790255666066173 ], [ 9.794548273184375, 54.794759273921386 ], [ 9.79234015967063, 54.796862244996703 ], [ 9.791947841220008, 54.796985745295899 ], [ 9.785517573477421, 54.795742153777439 ], [ 9.771677255401073, 54.795238852690943 ], [ 9.760921001303188, 54.801023364037121 ], [ 9.711421132379428, 54.808812975938224 ], [ 9.680465936953453, 54.81881213217423 ], [ 9.669415712465309, 54.819975971813676 ], [ 9.661814808906456, 54.82297885399106 ], [ 9.649598479386384, 54.821907043775184 ], [ 9.622946858310968, 54.831430315656689 ], [ 9.612677454900677, 54.829586147882424 ], [ 9.604963540734957, 54.830411314530693 ], [ 9.594007611062466, 54.839749217252688 ], [ 9.591582655715001, 54.843050241775416 ], [ 9.591531634477462, 54.843749999762792 ], [ 9.591457844204228, 54.843749999762792 ], [ 9.589578509340811, 54.85227906662567 ], [ 9.591379761466953, 54.853317022762553 ], [ 9.5934660438229, 54.860434174697559 ], [ 9.597329140127783, 54.86477804227286 ], [ 9.600474118785712, 54.867715358477199 ], [ 9.613214850185216, 54.87432515608117 ], [ 9.613324880438938, 54.875783800682029 ], [ 9.589372873059688, 54.875814676206403 ], [ 9.585958361289443, 54.872276306206743 ], [ 9.587629675768994, 54.867385149005486 ], [ 9.584389567724543, 54.864719152866655 ], [ 9.575191021248713, 54.864086151554829 ], [ 9.565917015358025, 54.855208873490881 ], [ 9.54429423768903, 54.850046754154448 ], [ 9.532418847451993, 54.844728946883492 ], [ 9.531411409808811, 54.843749999762792 ], [ 9.530767679584869, 54.843749999762792 ], [ 9.530069946870583, 54.84158766264062 ], [ 9.525720357808325, 54.839488744809785 ], [ 9.515874743724453, 54.838248371964823 ], [ 9.503145575807764, 54.828877568445193 ], [ 9.500539541067042, 54.824230313678072 ], [ 9.496125936462931, 54.822005152615873 ], [ 9.492187500352941, 54.822265625058606 ], [ 9.472684263767917, 54.823821544828547 ], [ 9.46540212670692, 54.822616577393205 ], [ 9.464804649515088, 54.82241582892749 ], [ 9.461034178884233, 54.820211052798015 ], [ 9.455395340622488, 54.815220117614501 ], [ 9.453453540648354, 54.812410831594661 ], [ 9.454476713729377, 54.810299515710255 ], [ 9.452947854559966, 54.807588816071075 ], [ 9.43990600136101, 54.804379463041869 ], [ 9.438220262655022, 54.802834510504226 ], [ 9.436024904225917, 54.798375964079582 ], [ 9.435531258260937, 54.788733601274828 ], [ 9.433293343013531, 54.791997432535538 ], [ 9.43451523748837, 54.793930172739351 ], [ 9.429139733312184, 54.800506234075556 ], [ 9.435075759738652, 54.803318262128244 ], [ 9.439554214455598, 54.80794894688637 ], [ 9.432496547277992, 54.810965418719263 ], [ 9.429196953576593, 54.813762902935594 ], [ 9.420922279739443, 54.825441002600314 ], [ 9.420380949920968, 54.826655745666301 ], [ 9.419914245845803, 54.830229759396047 ], [ 9.420396804968561, 54.831056952216613 ], [ 9.421533226976976, 54.831432342728533 ], [ 9.422324167226634, 54.8293045818412 ], [ 9.422397658925036, 54.829255851176754 ], [ 9.422546382509779, 54.829164910832219 ], [ 9.422625839411126, 54.829112554101187 ], [ 9.422768595994, 54.829025243420347 ], [ 9.422854017199256, 54.828969257025847 ], [ 9.422990808579073, 54.828885578706604 ], [ 9.423082193188804, 54.828825959950279 ], [ 9.423213021164088, 54.828745915791615 ], [ 9.42331036648045, 54.828682661975392 ], [ 9.423435231950577, 54.828606254675151 ], [ 9.423538538872549, 54.828539364000676 ], [ 9.423657443636273, 54.82846659535727 ], [ 9.423766709466236, 54.828396066025732 ], [ 9.423879653523386, 54.828326936938765 ], [ 9.423994878261226, 54.828252768051016 ], [ 9.424101864309705, 54.828187279419581 ], [ 9.424223047056159, 54.828109469176752 ], [ 9.424296481197814, 54.828064513866309 ], [ 9.424310668003102, 54.828052661701236 ], [ 9.424415119761989, 54.82796145785511 ], [ 9.424439320518445, 54.827941188934915 ], [ 9.424491769879353, 54.827897261549595 ], [ 9.424563519590947, 54.82783456531314 ], [ 9.424672322269998, 54.827766042369205 ], [ 9.424687634127224, 54.827755960069794 ], [ 9.42483134579021, 54.827665184300997 ], [ 9.424833425022655, 54.827664132993505 ], [ 9.424852417804971, 54.827655004874828 ], [ 9.425014457651173, 54.827573141387461 ], [ 9.425032042095154, 54.827564685062384 ], [ 9.425195490279748, 54.827482148882154 ], [ 9.425211667284714, 54.827474366149318 ], [ 9.425376522908437, 54.827391156376905 ], [ 9.425391291575067, 54.82738404723608 ], [ 9.425557554637578, 54.827300163871655 ], [ 9.425570915865308, 54.827293728323014 ], [ 9.425738586366776, 54.827209170467029 ], [ 9.425750541054867, 54.827203410309323 ], [ 9.425919617196712, 54.827118177062403 ], [ 9.425930165345051, 54.827113092295463 ], [ 9.426100648026704, 54.827027183657776 ], [ 9.426109790534611, 54.827022774281772 ], [ 9.426281678856526, 54.826936190253093 ], [ 9.426289414824794, 54.826932457167288 ], [ 9.426462709686461, 54.826845195949318 ], [ 9.426469039115034, 54.826842140952351 ], [ 9.426643739617077, 54.826754202544635 ], [ 9.426648664304594, 54.82675182383781 ], [ 9.426824769547693, 54.826663208240632 ], [ 9.426828288594777, 54.826661507622703 ], [ 9.427005798578932, 54.826572213936629 ], [ 9.42700791288496, 54.826571191407595 ], [ 9.427186828509491, 54.826481218733477 ], [ 9.42718753807452, 54.826480876091807 ], [ 9.42736716236476, 54.826390574265702 ], [ 9.427367846748837, 54.826390216335653 ], [ 9.427546785755737, 54.826300285030243 ], [ 9.427548854196459, 54.826299206743101 ], [ 9.427726410045921, 54.826209995794784 ], [ 9.427729862543231, 54.82620819715072 ], [ 9.427906034336161, 54.826119705660119 ], [ 9.427910870890059, 54.826117187558282 ], [ 9.428085658626344, 54.826029415525284 ], [ 9.428091880136378, 54.8260261779659 ], [ 9.428265282017321, 54.825939123591866 ], [ 9.428272889382583, 54.825935169272896 ], [ 9.428444906307561, 54.825848832557881 ], [ 9.428453898628732, 54.82584416147904 ], [ 9.428624530597745, 54.825758540624292 ], [ 9.428634908774256, 54.825753152786035 ], [ 9.428804154887928, 54.825668247791498 ], [ 9.428815919818987, 54.825662144992179 ], [ 9.428983778278962, 54.82557795495876 ], [ 9.428996930863889, 54.825571137198324 ], [ 9.429163402569145, 54.825487661226816 ], [ 9.42917794190862, 54.825480129404696 ], [ 9.429343026859328, 54.825397367494645 ], [ 9.429358952953351, 54.825389122510217 ], [ 9.429522651149512, 54.825307072863325 ], [ 9.429539964897629, 54.825298115615738 ], [ 9.429601338231294, 54.825267359701172 ], [ 9.429702275439752, 54.825216778231834 ], [ 9.429720976841736, 54.825207108721315 ], [ 9.429881898830729, 54.825126482701137 ], [ 9.42990198968522, 54.825116101826836 ], [ 9.430061523120912, 54.82503618717044 ], [ 9.430083002528704, 54.825025095831734 ], [ 9.430241147411152, 54.824945891639743 ], [ 9.430264015372188, 54.824934089836461 ], [ 9.430420771701336, 54.824855596109046 ], [ 9.430445029114992, 54.824843083841358 ], [ 9.430600395991689, 54.824765299678972 ], [ 9.430626041958476, 54.824752077846256 ], [ 9.430780020281873, 54.824675002349693 ], [ 9.430807055701109, 54.824661071851153 ], [ 9.430959643672736, 54.824584705919619 ], [ 9.430988070343346, 54.824570066755427 ], [ 9.43113926796309, 54.824494408590226 ], [ 9.431169084086207, 54.824479061659531 ], [ 9.431318892253273, 54.82440411036157 ], [ 9.431350098728217, 54.824388055664429 ], [ 9.431498516543513, 54.824313813032347 ], [ 9.431531113370397, 54.824297051467909 ], [ 9.431678140833696, 54.824223514803521 ], [ 9.431712128012464, 54.824206046372183 ], [ 9.43185776512388, 54.824133216574864 ], [ 9.43189314355385, 54.824115041276286 ], [ 9.432037389414063, 54.824042918346095 ], [ 9.432074158196087, 54.824024037079766 ], [ 9.432217013704303, 54.823952619218289 ], [ 9.432255173737474, 54.823933031984041 ], [ 9.432396637994657, 54.823862320090086 ], [ 9.43243618927886, 54.823842027787521 ], [ 9.43257626228484, 54.82377202096211 ], [ 9.432617204820247, 54.823751023591115 ], [ 9.43275588657508, 54.823681721834248 ], [ 9.43279822126101, 54.823660019394595 ], [ 9.432935510865263, 54.823591421806896 ], [ 9.432979236802453, 54.823569015198075 ], [ 9.433115134256241, 54.823501121779543 ], [ 9.433160253243216, 54.823478011900932 ], [ 9.433294758546481, 54.823410822651567 ], [ 9.433341269683979, 54.823387007704355 ], [ 9.433474382836664, 54.823320521724781 ], [ 9.433522286124742, 54.823296004407212 ], [ 9.433654007126847, 54.8232302216976 ], [ 9.433703302565505, 54.823205000210692 ], [ 9.433833631417201, 54.823139920770871 ], [ 9.433884319905644, 54.823113996913662 ], [ 9.434013255707271, 54.823049620743518 ], [ 9.434065336346407, 54.823022993616348 ], [ 9.434192879997624, 54.82295931981696 ], [ 9.434246353686376, 54.822931990319375 ], [ 9.434372504287808, 54.822869018890231 ], [ 9.434427370127139, 54.822840987022175 ], [ 9.434552128577991, 54.822778717963672 ], [ 9.434608387467279, 54.822749983724862 ], [ 9.434731752868231, 54.822688416137737 ], [ 9.434789404807418, 54.822658980427889 ], [ 9.434970979727154, 54.822568372832279 ], [ 9.435154276848436, 54.822478984717634 ], [ 9.435339297071096, 54.822390816982818 ], [ 9.435526038595867, 54.822303870527435 ], [ 9.435714502322639, 54.822218143552789 ], [ 9.435904689150163, 54.822133637857348 ], [ 9.436096598179631, 54.822050351642645 ], [ 9.436290229410702, 54.821968286707317 ], [ 9.436485582843488, 54.821887441252557 ], [ 9.436682658478048, 54.821807816178023 ], [ 9.436881456314381, 54.821729412382581 ], [ 9.437081977251694, 54.82165222806799 ], [ 9.437284219491346, 54.821576265032832 ], [ 9.437488184831977, 54.821501521478183 ], [ 9.437596358884946, 54.821462854227491 ], [ 9.437644369192526, 54.821452146899276 ], [ 9.437836244946936, 54.821410889601111 ], [ 9.438029216075563, 54.821370923729432 ], [ 9.4382232816792, 54.821332249284069 ], [ 9.438418442657223, 54.821294867164625 ], [ 9.438614699009349, 54.821258775572176 ], [ 9.438812049836429, 54.821223976305589 ], [ 9.438833608384414, 54.821220335850001 ], [ 9.438916989027973, 54.821218588467332 ], [ 9.439109990733641, 54.821215985829213 ], [ 9.439303603978374, 54.821214812214066 ], [ 9.439497826963247, 54.821215067621495 ], [ 9.43967146086942, 54.821216568589875 ], [ 9.439692595836789, 54.821216597368277 ], [ 9.439865804363592, 54.821218096538132 ], [ 9.43988736381101, 54.821218127115117 ], [ 9.44006014785765, 54.821219624486218 ], [ 9.440082131785175, 54.821219656861956 ], [ 9.440254491351823, 54.821221152434475 ], [ 9.440276899759226, 54.821221186608568 ], [ 9.440448834845995, 54.821222680382562 ], [ 9.440471668632767, 54.821222716355408 ], [ 9.440643178340167, 54.821224208330648 ], [ 9.440666436606989, 54.82122424610219 ], [ 9.440837521834396, 54.821225736278905 ], [ 9.440861204581154, 54.82122577584903 ], [ 9.441031865328569, 54.821227263327785 ], [ 9.441055973454525, 54.821227305595869 ], [ 9.44122620882257, 54.821228791275871 ], [ 9.441250741428746, 54.821228836242028 ], [ 9.441420552316742, 54.821230319223957 ], [ 9.441445509402911, 54.821230365988868 ], [ 9.441614895810915, 54.821231847172214 ], [ 9.441640277377132, 54.82123189573565 ], [ 9.441809239305144, 54.8212333751203 ], [ 9.441835046250503, 54.821233425482319 ], [ 9.442003582799316, 54.821234903068557 ], [ 9.442029814224725, 54.821234955229102 ], [ 9.442197926293488, 54.821236431016644 ], [ 9.442224582198889, 54.821236485875318 ], [ 9.442392269787661, 54.821237958065524 ], [ 9.442408833500906, 54.821237993139164 ], [ 9.442419351072431, 54.821238015622157 ], [ 9.442586613281719, 54.82123948601361 ], [ 9.442614119046482, 54.82123954536894 ], [ 9.442780957675268, 54.821241013961867 ], [ 9.442808887020647, 54.821241075115609 ], [ 9.44297530116944, 54.821242541909896 ], [ 9.443003655894245, 54.821242605761768 ], [ 9.44303520860808, 54.82124288365236 ], [ 9.443040438165838, 54.821247186908238 ], [ 9.443133595339361, 54.821324874843299 ], [ 9.443184068889877, 54.821366407333983 ], [ 9.443275916650407, 54.821443013384567 ], [ 9.44332769871454, 54.821485626860294 ], [ 9.443418237961396, 54.821561152825154 ], [ 9.44347132943841, 54.821604847286039 ], [ 9.443560559272555, 54.821679291366422 ], [ 9.443614959263016, 54.821724067711727 ], [ 9.443702880583601, 54.821797430806896 ], [ 9.443758589087849, 54.821843288137416 ], [ 9.44384520189476, 54.821915569348164 ], [ 9.443902219811719, 54.821962508563161 ], [ 9.443987523205749, 54.822033707889602 ], [ 9.444045849636382, 54.822081728988849 ], [ 9.444129844516738, 54.82215184643087 ], [ 9.444189479461045, 54.822200949414594 ], [ 9.444272165827954, 54.822269984972081 ], [ 9.444333109285708, 54.822320169840111 ], [ 9.444414488038319, 54.822388123513178 ], [ 9.444427824510473, 54.822399106932274 ], [ 9.444476739110371, 54.822439391165176 ], [ 9.444541004633971, 54.822493062701071 ], [ 9.444556809349478, 54.822506262054446 ], [ 9.444570418615205, 54.822517471202943 ], [ 9.444620368035658, 54.822558611590864 ], [ 9.444699130660524, 54.822624399696508 ], [ 9.4447497612882, 54.822666105160692 ], [ 9.444841747848614, 54.822741876336693 ], [ 9.444935569419101, 54.822818083301982 ], [ 9.444984900133136, 54.822858152381968 ], [ 9.445092859766431, 54.822944613200427 ], [ 9.445128588413752, 54.822973226933129 ], [ 9.445272811791028, 54.823087101788474 ], [ 9.445417571164057, 54.823199776048966 ], [ 9.445562865633974, 54.82331124881523 ], [ 9.445708696998963, 54.823421520986585 ], [ 9.445783283166895, 54.82347710303646 ], [ 9.445855062561293, 54.823530593462237 ], [ 9.445948810617841, 54.823599432983691 ], [ 9.446001965018752, 54.823638464443718 ], [ 9.446058310945855, 54.823679230709288 ], [ 9.446149401673665, 54.823745134830347 ], [ 9.446297375223878, 54.823850605521216 ], [ 9.446382874449235, 54.823910635261811 ], [ 9.446445883870638, 54.823954874717856 ], [ 9.446512368561178, 54.824000850768833 ], [ 9.446594928513264, 54.824057943319531 ], [ 9.446674449846565, 54.824112099582663 ], [ 9.446744508252607, 54.824159811326354 ], [ 9.44689462398793, 54.824260478738381 ], [ 9.4470452748198, 54.824359945555216 ], [ 9.447196461647479, 54.824458211777198 ], [ 9.44728709892064, 54.824516197364744 ], [ 9.447347966835423, 54.824555763937497 ], [ 9.447439614946404, 54.824614401533609 ], [ 9.447499472023196, 54.824653316997171 ], [ 9.447592130072962, 54.824712606601679 ], [ 9.447650977210969, 54.824750870056846 ], [ 9.44774464519935, 54.8248108107706 ], [ 9.447802482398743, 54.824848422217144 ], [ 9.447897160325738, 54.824909015838671 ], [ 9.447953987586686, 54.824945974377442 ], [ 9.448007798830252, 54.824980416607772 ], [ 9.448049675452353, 54.825007220007365 ], [ 9.4480754991864, 54.82502401754207 ], [ 9.448105492774459, 54.825043527436947 ], [ 9.448202190578741, 54.825105425075435 ], [ 9.448256997962233, 54.825141079597245 ], [ 9.448354705705299, 54.825203629244299 ], [ 9.448408503150006, 54.825238631757543 ], [ 9.448507220831686, 54.825301834312427 ], [ 9.448560009237156, 54.825336183917898 ], [ 9.448659735958245, 54.825400039380497 ], [ 9.448711514424929, 54.825433736977573 ], [ 9.448795012992727, 54.82548720516241 ], [ 9.448812251084689, 54.825498243549191 ], [ 9.44882153243643, 54.825504284845699 ], [ 9.448863019612872, 54.825531289137871 ], [ 9.448964765311871, 54.825596448617432 ], [ 9.449014524800646, 54.825628840398792 ], [ 9.449117280438259, 54.825694653685503 ], [ 9.449166029988419, 54.825726392559091 ], [ 9.449269795564817, 54.825792858753573 ], [ 9.449317536075569, 54.825823944719389 ], [ 9.449422309791885, 54.8258910638217 ], [ 9.449469041263342, 54.825921496879687 ], [ 9.449574824918443, 54.825989268889771 ], [ 9.449620546451285, 54.826019049039985 ], [ 9.449727339145625, 54.826087473957841 ], [ 9.449738939216926, 54.826095030345002 ], [ 9.449741543937307, 54.826096727082472 ], [ 9.449747137888444, 54.826100370966792 ], [ 9.449772052538435, 54.826116600300963 ], [ 9.449879854272012, 54.826185679026082 ], [ 9.449923557726208, 54.826214152461262 ], [ 9.450013687658465, 54.826271912434592 ], [ 9.450032368499251, 54.826283884094153 ], [ 9.450052233813532, 54.826296828035872 ], [ 9.450075063813358, 54.826311703722354 ], [ 9.450117871715873, 54.826339140241338 ], [ 9.450151472012923, 54.82636067540502 ], [ 9.450151472012976, 54.826360675405056 ], [ 9.450190712131814, 54.826375504326279 ], [ 9.450258574973418, 54.826401740248343 ], [ 9.4503697455674, 54.826443747581038 ], [ 9.450437632690694, 54.826469995194373 ], [ 9.4505487790031, 54.826511991735231 ], [ 9.45061669040814, 54.826538250140231 ], [ 9.450727812438799, 54.82658023498999 ], [ 9.450795748125415, 54.826606505086318 ], [ 9.450906846773762, 54.826648479144126 ], [ 9.450940531780361, 54.826661505823949 ], [ 9.450974805842861, 54.826674760032347 ], [ 9.451085880209291, 54.826716722399112 ], [ 9.451153864459513, 54.826743014978433 ], [ 9.451264913644991, 54.826784966553078 ], [ 9.451332922176789, 54.826811270823669 ], [ 9.45144394708052, 54.826853209808007 ], [ 9.451511979894065, 54.826879525769698 ], [ 9.451622981415653, 54.8269214539622 ], [ 9.451691037611511, 54.826947780715727 ], [ 9.451802014851182, 54.826989697216959 ], [ 9.451870095328786, 54.827016035661643 ], [ 9.451981048286882, 54.827057940471718 ], [ 9.452049153046062, 54.827084291507049 ], [ 9.452160081722639, 54.827126184625911 ], [ 9.452228210763508, 54.827152546453078 ], [ 9.452339116057544, 54.82719442788067 ], [ 9.452407268480783, 54.827220801399164 ], [ 9.452518149493244, 54.8272626711356 ], [ 9.452586326198229, 54.8272890572444 ], [ 9.452697182928773, 54.827330915289792 ], [ 9.452765383915505, 54.827357312190429 ], [ 9.45287621636453, 54.827399158544551 ], [ 9.452944441632781, 54.827425567136515 ], [ 9.453055250699435, 54.827467401799311 ], [ 9.453123499350227, 54.827493822981751 ], [ 9.453234284135135, 54.827535645953503 ], [ 9.453302557067502, 54.82756207792778 ], [ 9.453413317570721, 54.827603889208262 ], [ 9.453481614784778, 54.827630332873809 ], [ 9.453592351905627, 54.827672132463249 ], [ 9.453660672502281, 54.827698588719102 ], [ 9.453771385341327, 54.827740375718008 ], [ 9.453839730219556, 54.827766843665131 ], [ 9.453950418777026, 54.827808619872144 ], [ 9.454018787936832, 54.827835099510366 ], [ 9.454129453111989, 54.82787686312696 ], [ 9.454197845654278, 54.827903354456396 ], [ 9.454376906069456, 54.827970925018349 ], [ 9.454555972780099, 54.82803671042609 ], [ 9.454735047584506, 54.828100709780131 ], [ 9.454914127784946, 54.82816292397996 ], [ 9.455093216079149, 54.828223352126201 ], [ 9.455272310668818, 54.828281996017552 ], [ 9.455451412452874, 54.828338852955881 ], [ 9.455630520532168, 54.828393925639375 ], [ 9.456243770034064, 54.828576367505605 ], [ 9.456415322909038, 54.8286291010524 ], [ 9.456586029521816, 54.828683279809695 ], [ 9.456755891671207, 54.828738903777548 ], [ 9.456924909357269, 54.828795973855279 ], [ 9.457093080781078, 54.828854489143509 ], [ 9.4572501311888, 54.828910767817888 ], [ 9.4572604599025, 54.828914358810778 ], [ 9.457420996082249, 54.828971851569804 ], [ 9.457427839922957, 54.828974229377422 ], [ 9.457591860975697, 54.829032934422514 ], [ 9.457595218144945, 54.829034100843273 ], [ 9.457762597266196, 54.829093971409918 ], [ 9.457762725869259, 54.829094018174601 ], [ 9.457929993474579, 54.829153812298784 ], [ 9.457933585366845, 54.829155135201631 ], [ 9.458097389682905, 54.829213654986347 ], [ 9.458104445763809, 54.829216250429852 ], [ 9.458264784991911, 54.82927349677459 ], [ 9.458275305261168, 54.829277365658129 ], [ 9.458432180301088, 54.829333340361586 ], [ 9.458446164758925, 54.829338480886406 ], [ 9.458599575610094, 54.829393183948525 ], [ 9.458617025155718, 54.829399594316101 ], [ 9.458760529974597, 54.829450733364808 ], [ 9.458766970019894, 54.829453028434727 ], [ 9.458787885552624, 54.829460707745568 ], [ 9.458934364429524, 54.829512872920873 ], [ 9.458958745050211, 54.829521820275943 ], [ 9.459101757939948, 54.829572718306395 ], [ 9.459129605447174, 54.829582932806261 ], [ 9.459269151450371, 54.829632563691973 ], [ 9.45930046584391, 54.829644043537996 ], [ 9.459436544960795, 54.829692409976872 ], [ 9.459471326240873, 54.829705154269618 ], [ 9.459603938471218, 54.829752257161147 ], [ 9.459642187537156, 54.829766265001354 ], [ 9.459771331082266, 54.829812105244628 ], [ 9.459813047933949, 54.829827373934393 ], [ 9.459938722793993, 54.829871953328222 ], [ 9.459983909230232, 54.829888482867432 ], [ 9.460106114505663, 54.829931801411703 ], [ 9.460154769627025, 54.829949590901037 ], [ 9.460273506217561, 54.829991651293938 ], [ 9.460325630923307, 54.830010698035551 ], [ 9.46049658574907, 54.830071214315353 ], [ 9.460667834653066, 54.830129885186182 ], [ 9.460839376735976, 54.830186710648377 ], [ 9.461011211997914, 54.830241690701598 ], [ 9.461183341338369, 54.830294825346016 ], [ 9.461355763857512, 54.83034611458163 ], [ 9.461528479555739, 54.830395558408441 ], [ 9.461701489332427, 54.830443157725824 ], [ 9.461874792288029, 54.830488910734857 ], [ 9.462048388422488, 54.83053281833503 ], [ 9.462152082053024, 54.830557901326188 ], [ 9.462222173414716, 54.830575539729466 ], [ 9.462305639493763, 54.830595621590817 ], [ 9.462395962903486, 54.83061823594295 ], [ 9.462459189740059, 54.830633367036512 ], [ 9.462569755989534, 54.830660907874744 ], [ 9.462612730992817, 54.830671135864407 ], [ 9.462743552672919, 54.83070355372621 ], [ 9.462917580482156, 54.83074474717256 ], [ 9.46391771383162, 54.830970433838729 ], [ 9.464083344670769, 54.831006076669269 ], [ 9.464102347345602, 54.831009968935177 ], [ 9.464249009684238, 54.831041589098163 ], [ 9.46427438495499, 54.831046795273551 ], [ 9.464414675597027, 54.831077097929949 ], [ 9.46444642166523, 54.831083625209317 ], [ 9.464580341509645, 54.831112604962982 ], [ 9.464618459274618, 54.831120456943779 ], [ 9.464746009221017, 54.831148109297942 ], [ 9.464752745143244, 54.831149499649939 ], [ 9.464790495085481, 54.83115729227535 ], [ 9.464911676932388, 54.831183610935113 ], [ 9.464962531795493, 54.831194128506468 ], [ 9.465077344643987, 54.831219110773588 ], [ 9.465134567606356, 54.831230968334751 ], [ 9.465243014153884, 54.831254607913934 ], [ 9.465306602517785, 54.83126780996156 ], [ 9.465408683664009, 54.83129010235649 ], [ 9.465478637429271, 54.831304655185818 ], [ 9.465650545536391, 54.83134226303514 ], [ 9.465822159565164, 54.83138165424009 ], [ 9.465993477717006, 54.831422829699932 ], [ 9.466164500891125, 54.831465789414835 ], [ 9.466335228188314, 54.831510532485254 ], [ 9.466505661407325, 54.831557058911301 ], [ 9.466675798749236, 54.831605369592296 ], [ 9.466845641113594, 54.831655464528296 ], [ 9.467015188500341, 54.831707342819811 ], [ 9.467184440010044, 54.831761004467069 ], [ 9.46735339744157, 54.831816450369161 ], [ 9.467522058995996, 54.831873680526087 ], [ 9.467690425572869, 54.831932694038755 ], [ 9.467858497172131, 54.831993490907109 ], [ 9.468026272894349, 54.832056072030298 ], [ 9.46819375453822, 54.832120437408435 ], [ 9.468360940305274, 54.8321865861422 ], [ 9.468527831094661, 54.83225451823165 ], [ 9.468694426007119, 54.832324234575992 ], [ 9.468860726841172, 54.832395735175226 ], [ 9.469026731798351, 54.832469019130144 ], [ 9.46905531135377, 54.832481965770342 ], [ 9.469192687292832, 54.832542607055757 ], [ 9.469221857702735, 54.832555818096694 ], [ 9.469358641887993, 54.832616194082334 ], [ 9.469388403152379, 54.832629671322479 ], [ 9.469524597382474, 54.832689782007947 ], [ 9.469554948602138, 54.832703523648888 ], [ 9.469690551977635, 54.832763369933787 ], [ 9.469721494951102, 54.83277737597524 ], [ 9.469856506572739, 54.83283695785957 ], [ 9.469888040400917, 54.832851229201026 ], [ 9.47002246206705, 54.832910545785182 ], [ 9.470036521168709, 54.832916907589436 ], [ 9.470054585850676, 54.832925081527378 ], [ 9.470188416662211, 54.832984133710966 ], [ 9.470221132199697, 54.832998933853958 ], [ 9.470354372156692, 54.833057721636806 ], [ 9.470387677649285, 54.833072786180367 ], [ 9.470520326751853, 54.833131309562418 ], [ 9.47055422399842, 54.833146638506719 ], [ 9.470686281346957, 54.833204897488201 ], [ 9.470720769448064, 54.833220490833128 ], [ 9.470852236841495, 54.833278485413985 ], [ 9.470887315797199, 54.833294343159707 ], [ 9.471018191436599, 54.833352073339597 ], [ 9.471053861246844, 54.833368195486059 ], [ 9.471220638721661, 54.8334417573314 ], [ 9.471388479195127, 54.83351397738835 ], [ 9.471557383566505, 54.833584857455321 ], [ 9.471727351835966, 54.833654396633278 ], [ 9.471898384003453, 54.833722595821314 ], [ 9.47207048006868, 54.833789454120108 ], [ 9.472243640032161, 54.833854971529888 ], [ 9.472417862994121, 54.833919148949747 ], [ 9.472593149854163, 54.833981985480364 ], [ 9.472769500612173, 54.834043481121853 ], [ 9.472946915268096, 54.834103636773705 ], [ 9.473125393821988, 54.834162451536145 ], [ 9.473304936274019, 54.834219925409457 ], [ 9.473437092548011, 54.834261001044467 ], [ 9.473592155453844, 54.834276206781738 ], [ 9.473608461061872, 54.834277666381297 ], [ 9.473771972198961, 54.834293712085241 ], [ 9.473789937056097, 54.834295322771084 ], [ 9.473951788944078, 54.834311218288349 ], [ 9.473971413050322, 54.834312979160813 ], [ 9.474131606588401, 54.834328723591852 ], [ 9.474152889044774, 54.8343306355506 ], [ 9.474311424232951, 54.834346229794903 ], [ 9.474334365938375, 54.834348292839593 ], [ 9.474491240978068, 54.834363735098407 ], [ 9.474515841932771, 54.834365949229323 ], [ 9.474671058622562, 54.834381240402138 ], [ 9.474697317926996, 54.834383606518315 ], [ 9.474850876267112, 54.834398745705641 ], [ 9.474878793921391, 54.834401263807479 ], [ 9.475030693012229, 54.834416250109939 ], [ 9.475060270814993, 54.834418921096415 ], [ 9.475210510656723, 54.83443375541367 ], [ 9.475241746809218, 54.834436579284954 ], [ 9.475390328301216, 54.834451259817968 ], [ 9.47542322280367, 54.83445423657389 ], [ 9.475570145945596, 54.834468764222322 ], [ 9.475604698797895, 54.83447189476243 ], [ 9.47574996359009, 54.83448626862662 ], [ 9.475786175691667, 54.834489552950743 ], [ 9.475929781234584, 54.834503773030804 ], [ 9.475967651685892, 54.834507211139055 ], [ 9.476109598879077, 54.834521276535895 ], [ 9.476149127680287, 54.834524869327424 ], [ 9.4762894165234, 54.834538780940079 ], [ 9.476330604573889, 54.834542528415113 ], [ 9.476469234167951, 54.834556284445227 ], [ 9.476512080568114, 54.834560186603426 ], [ 9.476649052711821, 54.834573787950148 ], [ 9.476693557461942, 54.834577845691172 ], [ 9.476828870356314, 54.834591291455126 ], [ 9.476875033456167, 54.834595504778861 ], [ 9.477008688000637, 54.834608794960047 ], [ 9.477056509450563, 54.83461316386655 ], [ 9.477188505645131, 54.834626298465025 ], [ 9.477237986344164, 54.834630822954239 ], [ 9.477368324188831, 54.834643801070797 ], [ 9.47741946233856, 54.834648482041985 ], [ 9.477548141833381, 54.834661304575775 ], [ 9.477600939232161, 54.83466614202905 ], [ 9.477727960377251, 54.834678807181319 ], [ 9.477782415226386, 54.834683801116739 ], [ 9.477907778021745, 54.834696309787091 ], [ 9.477963892120158, 54.834701461103634 ], [ 9.478087596565445, 54.834713812392692 ], [ 9.47814536811444, 54.8347191210907 ], [ 9.478267414209938, 54.834731314998294 ], [ 9.478326844108665, 54.834736781077765 ], [ 9.478447232753808, 54.834748817604066 ], [ 9.478508321002437, 54.834754441964037 ], [ 9.478627050398188, 54.834766319310461 ], [ 9.478689797896038, 54.834772101951103 ], [ 9.478806868942058, 54.834783821016629 ], [ 9.478871273890263, 54.834789761938168 ], [ 9.478986687485758, 54.834801323622401 ], [ 9.479052750784035, 54.83480742282444 ], [ 9.479166506029628, 54.834818825328625 ], [ 9.47923422677826, 54.834825083710882 ], [ 9.479346323674122, 54.834836327035021 ], [ 9.479415703672032, 54.834842744597154 ], [ 9.479526142217821, 54.834853828741416 ], [ 9.479597179666257, 54.834860405483425 ], [ 9.479705960761692, 54.834871329548434 ], [ 9.479778656559859, 54.834878066369868 ], [ 9.479885779305391, 54.834888831254659 ], [ 9.479893300335789, 54.834889529128588 ], [ 9.479960132554311, 54.834895728155516 ], [ 9.480065597849261, 54.834906332061678 ], [ 9.480141609447912, 54.834913389041958 ], [ 9.480245416392961, 54.834923833768073 ], [ 9.480323086341514, 54.834931050827549 ], [ 9.480425234936831, 54.834941334575092 ], [ 9.480504562335909, 54.834948711713821 ], [ 9.480605053480531, 54.834958835382167 ], [ 9.480686039229511, 54.834966373499469 ], [ 9.480784872024458, 54.834976336189186 ], [ 9.480867516123112, 54.834984035285117 ], [ 9.480964690568157, 54.834993836996205 ], [ 9.481048992117508, 54.835001697970085 ], [ 9.481144509112028, 54.835011336903847 ], [ 9.481230469011109, 54.835019359755734 ], [ 9.481324328555104, 54.835028837710865 ], [ 9.481411945904711, 54.835037021541552 ], [ 9.481504147098804, 54.835046337618508 ], [ 9.481593421899106, 54.835054684226577 ], [ 9.481683965642674, 54.835063837526206 ], [ 9.481774898792708, 54.835072346911375 ], [ 9.481863784186373, 54.835081338333225 ], [ 9.481956375686309, 54.835090008697193 ], [ 9.48204360362962, 54.835098838241038 ], [ 9.482137851680591, 54.835107671382218 ], [ 9.48222342217332, 54.83511633814868 ], [ 9.482319328574363, 54.835125334067016 ], [ 9.48240324071719, 54.835133837157002 ], [ 9.482500805467964, 54.835142997651417 ], [ 9.482583060160266, 54.835151337064644 ], [ 9.482682282361566, 54.835160660336385 ], [ 9.482762878704136, 54.835168836972457 ], [ 9.482863758355961, 54.83517832302141 ], [ 9.482942698147212, 54.835186335980779 ], [ 9.483045235249563, 54.835195986605584 ], [ 9.483122516690912, 54.835203835888422 ], [ 9.483226712143164, 54.835213649290608 ], [ 9.483302336133988, 54.835221334896914 ], [ 9.483408189036936, 54.835231312874953 ], [ 9.483482155577235, 54.83523883390518 ], [ 9.483589665031161, 54.835248976459184 ], [ 9.483661974120935, 54.835256332913616 ], [ 9.483771141924763, 54.835266640043528 ], [ 9.483841793563954, 54.835273831921938 ], [ 9.483952618818535, 54.83528430362793 ], [ 9.484021613007201, 54.835291330930374 ], [ 9.484134095712136, 54.83530196811148 ], [ 9.4842014315509, 54.83530882903932 ], [ 9.484315572605738, 54.835319631695882 ], [ 9.484381250994147, 54.835326328047756 ], [ 9.484497049499339, 54.835337295280056 ], [ 9.484561070437223, 54.835343826156873 ], [ 9.484678525493791, 54.835354959763777 ], [ 9.4847408898803, 54.835361325165138 ], [ 9.484860002387393, 54.835372624247384 ], [ 9.484920709323376, 54.835378823274255 ], [ 9.485041479280994, 54.835390287831729 ], [ 9.485100527867246, 54.835396321383371 ], [ 9.485222956174596, 54.835407952315279 ], [ 9.485280347310322, 54.83541381949226 ], [ 9.485404433068368, 54.835425616799057 ], [ 9.485460166753398, 54.835431317601376 ], [ 9.485585909961969, 54.835443281282608 ], [ 9.485639986196645, 54.835448815710436 ], [ 9.485767386855571, 54.835460946665535 ], [ 9.485819805639721, 54.835466313819552 ], [ 9.485948863749172, 54.835478611149085 ], [ 9.485999625082798, 54.835483811029292 ], [ 9.486130340642944, 54.835496275632863 ], [ 9.486179444525874, 54.835501309138351 ], [ 9.486311816637169, 54.83551394101579 ], [ 9.486493369973289, 54.835532557881493 ], [ 9.486675026731177, 54.835552476965518 ], [ 9.486856786911403, 54.835573696469169 ], [ 9.487038651412831, 54.835596218191085 ], [ 9.487220619336199, 54.835620041232062 ], [ 9.487402691581167, 54.835645165592041 ], [ 9.487584867247847, 54.835671591271137 ], [ 9.487767146336921, 54.835699319168441 ], [ 9.487949529747198, 54.835728347485428 ], [ 9.48813201747879, 54.835758678020682 ], [ 9.488314608632322, 54.835790309875108 ], [ 9.488497303208078, 54.835823243947686 ], [ 9.48868010210515, 54.835857478440062 ], [ 9.488863004424218, 54.835893015150702 ], [ 9.489046011064659, 54.835929853180403 ], [ 9.48922912112721, 54.835967992528992 ], [ 9.489412335510963, 54.836007433196585 ], [ 9.489595653316883, 54.836048175183237 ], [ 9.489779074544799, 54.836090219388382 ], [ 9.489962600094032, 54.836133564012982 ], [ 9.490146229964637, 54.836178210855962 ], [ 9.490329963257409, 54.836224159917265 ], [ 9.490513799972121, 54.836271409398194 ], [ 9.490697741008034, 54.836319960198182 ], [ 9.490881785466115, 54.836369813216436 ], [ 9.491065934245569, 54.83642096755375 ], [ 9.491250186447132, 54.836473423210123 ], [ 9.491274164171417, 54.836480415438906 ], [ 9.4912741641715, 54.836480415438928 ], [ 9.492309114722733, 54.837593517030641 ], [ 9.493140375228279, 54.838487547562579 ], [ 9.493255538824457, 54.838609816272275 ], [ 9.493263111103772, 54.838617855729638 ], [ 9.493386700435963, 54.838747385983197 ], [ 9.49351114322485, 54.838876138323371 ], [ 9.493513821417638, 54.838878873761971 ], [ 9.493636439470151, 54.839004112749706 ], [ 9.493762589172206, 54.839131308363221 ], [ 9.493889591431582, 54.839257726063352 ], [ 9.494017448046861, 54.839383365849756 ], [ 9.494146157219404, 54.839508227722604 ], [ 9.494275720748021, 54.839632311681896 ], [ 9.494406136833788, 54.839755616828427 ], [ 9.494537407275573, 54.839878144960608 ], [ 9.494548664862121, 54.839888518654121 ], [ 9.494669530274791, 54.839999894279913 ], [ 9.494802506730423, 54.840120865685606 ], [ 9.494847363733777, 54.840161151995446 ], [ 9.494909442416997, 54.840216905186253 ], [ 9.494936164872172, 54.840241215659717 ], [ 9.495043570904159, 54.840337682338259 ], [ 9.495069823014148, 54.840361565633941 ], [ 9.49517769939149, 54.840458460389812 ], [ 9.495203481155954, 54.840481916507372 ], [ 9.495311828778028, 54.840579238441194 ], [ 9.49533713929776, 54.840602266481653 ], [ 9.49544595726536, 54.84070001559337 ], [ 9.495470797439566, 54.840722616455707 ], [ 9.495580086651898, 54.840820793644923 ], [ 9.495604455581372, 54.840842966429989 ], [ 9.49571421513906, 54.840941571696305 ], [ 9.495738112823801, 54.840963316404043 ], [ 9.495848343626392, 54.841062348848538 ], [ 9.495871770965607, 54.841083667277644 ], [ 9.49598247301293, 54.841183126900091 ], [ 9.496005429107413, 54.841204017251755 ], [ 9.496116601500091, 54.841303904951474 ], [ 9.496129433481805, 54.841315582193388 ], [ 9.496139087249219, 54.84132436722598 ], [ 9.496185958671678, 54.841366482826849 ], [ 9.496250729987423, 54.841424682103479 ], [ 9.496272745390968, 54.841444717200091 ], [ 9.496384859373961, 54.841545460155032 ], [ 9.496406403532944, 54.841565067174315 ], [ 9.496518987861123, 54.841666238206415 ], [ 9.49654006167475, 54.841685417148426 ], [ 9.496653116348455, 54.841787015358591 ], [ 9.496673719816556, 54.841805767122651 ], [ 9.496787245734993, 54.841907793410144 ], [ 9.496807377958362, 54.841926117096932 ], [ 9.496921374222154, 54.842028571461526 ], [ 9.496941036100168, 54.842046467070986 ], [ 9.497055502709486, 54.842149348613759 ], [ 9.497074694241974, 54.842166817944417 ], [ 9.497100717924013, 54.842190209310957 ], [ 9.497189632096024, 54.842270126665312 ], [ 9.49720835238378, 54.842287167918698 ], [ 9.497323760583186, 54.842390904716694 ], [ 9.497342011424905, 54.842407517892752 ], [ 9.497349088190049, 54.842413878797629 ], [ 9.497508171065476, 54.842443380158102 ], [ 9.497703595544579, 54.842480895377264 ], [ 9.49789819444635, 54.842519531151709 ], [ 9.498091967770335, 54.842559287481322 ], [ 9.498284916415969, 54.842600165265651 ], [ 9.498477040383193, 54.842642164504412 ], [ 9.498668338772973, 54.842685283399362 ], [ 9.49885881158508, 54.842729524648064 ], [ 9.499048459718722, 54.842774885552615 ], [ 9.499237282274862, 54.842821367912052 ], [ 9.499425279253387, 54.84286897172575 ], [ 9.499541345756654, 54.842899185349211 ], [ 9.499612759121646, 54.84291727791026 ], [ 9.499724816447213, 54.84294646720582 ], [ 9.499800238990076, 54.842965584094543 ], [ 9.499908286238565, 54.842993747263733 ], [ 9.499987718858335, 54.843013892077579 ], [ 9.500091756929123, 54.843041027321647 ], [ 9.500175197827218, 54.843062199161409 ], [ 9.500275226720476, 54.843088306480411 ], [ 9.500362675896895, 54.843110507144274 ], [ 9.500458696511828, 54.843135585638947 ], [ 9.500550153966572, 54.843158816026687 ], [ 9.500642167202386, 54.843182863898278 ], [ 9.500737632036305, 54.843207125808476 ], [ 9.500825636993738, 54.843230141258289 ], [ 9.500925109206605, 54.843255435590038 ], [ 9.501009106785091, 54.843277417718866 ], [ 9.501112586376905, 54.843303745371657 ], [ 9.501192576576273, 54.843324694179501 ], [ 9.501300062647886, 54.843352056052822 ], [ 9.501376046367625, 54.843371969740758 ], [ 9.501487538918809, 54.843400367632967 ], [ 9.501559515259657, 54.84341924440281 ], [ 9.50167501518996, 54.843448679213282 ], [ 9.501742985050839, 54.843466518165485 ], [ 9.501862490561734, 54.843496991692973 ], [ 9.501926453942815, 54.84351379192816 ], [ 9.502049965033962, 54.843545305071871 ], [ 9.502109923734167, 54.843561064791459 ], [ 9.502237439506303, 54.843593619350145 ], [ 9.502293392626143, 54.843608336755608 ], [ 9.5024249139787, 54.843641933628419 ], [ 9.502611749932555, 54.843691113954037 ], [ 9.502797685664746, 54.843741519155969 ], [ 9.502982719377201, 54.843793147435974 ], [ 9.503166852868048, 54.843845999693258 ], [ 9.50335008523848, 54.843900075028614 ], [ 9.503532417387362, 54.843955375240625 ], [ 9.503713847516224, 54.844011898530539 ], [ 9.503894377423705, 54.844069645797731 ], [ 9.504074007109921, 54.844128617042202 ], [ 9.504252734776003, 54.844188811364745 ], [ 9.504430562220875, 54.844250229664567 ], [ 9.504607488544934, 54.844312871941668 ], [ 9.504783513748407, 54.844376738196218 ], [ 9.504958637830953, 54.844441828427875 ], [ 9.505132861692402, 54.844508141737606 ], [ 9.505306184433095, 54.844575679024615 ], [ 9.505478606053032, 54.844644440288846 ], [ 9.505650127451531, 54.844714424631093 ], [ 9.505820746830238, 54.844785633850051 ], [ 9.505990465987395, 54.844858066147026 ], [ 9.506159284023909, 54.844931722421165 ], [ 9.506327201839042, 54.845006601773491 ], [ 9.506494218533533, 54.845082706002188 ], [ 9.506660334107266, 54.845160033309071 ], [ 9.506825548560414, 54.845238584593119 ], [ 9.506989861892805, 54.845318358955353 ], [ 9.507153275003759, 54.845399358193959 ], [ 9.507315786994127, 54.84548158051075 ], [ 9.507397006566691, 54.845523517696336 ], [ 9.507491737553835, 54.84554554748911 ], [ 9.507681134776703, 54.845591249236918 ], [ 9.50786949148403, 54.845638365618299 ], [ 9.508056806776324, 54.845686895733877 ], [ 9.508243080653756, 54.845736839583651 ], [ 9.508428314015703, 54.845788198067112 ], [ 9.50861250596256, 54.845840970284655 ], [ 9.508795657393819, 54.845895157135942 ], [ 9.508977767410158, 54.845950757721425 ], [ 9.509158836011693, 54.846007772940595 ], [ 9.509338864097458, 54.846066201893848 ], [ 9.509517850768248, 54.846126044581467 ], [ 9.509695796923666, 54.846187301902603 ], [ 9.509872701663937, 54.846249972957992 ], [ 9.510239947915352, 54.846383799273156 ], [ 9.510412960390056, 54.846445093466571 ], [ 9.510586114957391, 54.846504687041772 ], [ 9.510759413416338, 54.846562579999215 ], [ 9.510932855766782, 54.846618773237935 ], [ 9.511106441109519, 54.846673266757989 ], [ 9.511280170343696, 54.84672605966017 ], [ 9.511454042570165, 54.846777151944138 ], [ 9.511628058688132, 54.846826544509554 ], [ 9.51180221779822, 54.84687423645704 ], [ 9.511976520799919, 54.84692022868569 ], [ 9.512150966793911, 54.846964520296467 ], [ 9.512325555779853, 54.847007112188578 ], [ 9.51250028955684, 54.84704800346276 ], [ 9.514790780070541, 54.8475613211981 ], [ 9.514964269185896, 54.847601927387132 ], [ 9.515137546960375, 54.847644210811893 ], [ 9.51531061339432, 54.847688173270797 ], [ 9.515483468487389, 54.847733813864693 ], [ 9.515656112239981, 54.847781132593354 ], [ 9.515828544651811, 54.847830129457179 ], [ 9.516000765722993, 54.84788080445577 ], [ 9.516172774553979, 54.847933157589296 ], [ 9.516344572943922, 54.847987188857815 ], [ 9.516516159093669, 54.848042898261326 ], [ 9.516687534801918, 54.848100285799774 ], [ 9.516858698270426, 54.84815935237242 ], [ 9.517029650398229, 54.848220096180796 ], [ 9.51720039118527, 54.848282518123938 ], [ 9.517370920631663, 54.848346619101278 ], [ 9.517541238737408, 54.848412397314576 ], [ 9.517711345502335, 54.848479854561788 ], [ 9.51788124092667, 54.848548989044843 ], [ 9.518050924110923, 54.848619802562041 ], [ 9.518220396853962, 54.848692293314798 ], [ 9.51838965825624, 54.848766463101924 ], [ 9.518558707418606, 54.848842311023986 ], [ 9.51872754524021, 54.848919837081041 ], [ 9.518896171721167, 54.848999040373656 ], [ 9.519064587760681, 54.849079922700469 ], [ 9.519232791560171, 54.849162483162218 ], [ 9.519400784019069, 54.849246721758902 ], [ 9.519568564237943, 54.849332638490637 ], [ 9.519736134015545, 54.84942023335725 ], [ 9.519903492452329, 54.849509507258063 ], [ 9.520070638649145, 54.849600458394661 ], [ 9.520237574404689, 54.849693087666026 ], [ 9.520404297920209, 54.849787395072326 ], [ 9.520570810994286, 54.849883381512996 ], [ 9.520737111828339, 54.849981045189281 ], [ 9.520903201321801, 54.850080387000503 ], [ 9.521069079474614, 54.850181407845866 ], [ 9.521234746286609, 54.850284105926846 ], [ 9.52137365190737, 54.85037173414424 ], [ 9.521400201758013, 54.850388483042309 ], [ 9.521533820329694, 54.85047424059394 ], [ 9.524907764581826, 54.855515752749966 ], [ 9.526461560152995, 54.858250446301213 ], [ 9.526570099330797, 54.858444188149008 ], [ 9.526591954655068, 54.858483752023652 ], [ 9.526591954655089, 54.858483752023687 ], [ 9.526711541877431, 54.858545244070797 ], [ 9.526718534233055, 54.858548839557443 ], [ 9.526876842792205, 54.858631439589487 ], [ 9.52689435970689, 54.85864071248713 ], [ 9.527034716079413, 54.85871501268781 ], [ 9.527192153195415, 54.858799559752129 ], [ 9.527349155039644, 54.858885079882839 ], [ 9.527489298186344, 54.858962501418468 ], [ 9.527505720712611, 54.858971573979147 ], [ 9.527539284587947, 54.858990377003124 ], [ 9.527661850214429, 54.859059040242698 ], [ 9.527817543545041, 54.859147480472075 ], [ 9.52797280160371, 54.859236894667049 ], [ 9.528127623491116, 54.859327281928643 ], [ 9.52828201010675, 54.859418642256628 ], [ 9.528435959651972, 54.85951097565129 ], [ 9.528589474824628, 54.859604283011492 ], [ 9.528742552926644, 54.859698563438201 ], [ 9.528895195756775, 54.859793816931244 ], [ 9.529047402415927, 54.85989004439017 ], [ 9.529167082395134, 54.859966693608158 ], [ 9.529185803684511, 54.859978529585497 ], [ 9.529199264634599, 54.859987039870077 ], [ 9.529219738397696, 54.860000152188483 ], [ 9.529318834896515, 54.860063618041806 ], [ 9.529345894647419, 54.860080726695088 ], [ 9.529351127752591, 54.860084035350155 ], [ 9.529470587397782, 54.860160542475228 ], [ 9.529484146448667, 54.860169115712097 ], [ 9.529502990870355, 54.860181030830063 ], [ 9.529622338999957, 54.860257467808083 ], [ 9.529654853089198, 54.860278025410821 ], [ 9.529774091501224, 54.860354392241504 ], [ 9.52980671620719, 54.860375020890729 ], [ 9.529925843103229, 54.860451316675153 ], [ 9.529944878668505, 54.860463353201702 ], [ 9.529958579325182, 54.860472016370636 ], [ 9.529978960748627, 54.860485069937759 ], [ 9.530077595604666, 54.860548242008008 ], [ 9.530110441543798, 54.860569011850544 ], [ 9.530229348106047, 54.860645166441429 ], [ 9.53026230466179, 54.860666006431245 ], [ 9.530381099708109, 54.860742090874908 ], [ 9.530414167779782, 54.860763001911209 ], [ 9.530532852209546, 54.860839016207933 ], [ 9.530566029998397, 54.860859997391117 ], [ 9.530684603811551, 54.860935940641355 ], [ 9.530717893116389, 54.860956992871024 ], [ 9.530836356312989, 54.861032865974209 ], [ 9.530869756234381, 54.861053988351102 ], [ 9.53098810881437, 54.861129790407631 ], [ 9.531021618453167, 54.861150982931633 ], [ 9.531139860416431, 54.861226714841109 ], [ 9.531164955998008, 54.861242586976005 ], [ 9.531175145316922, 54.861244262412868 ], [ 9.531246873444559, 54.861256482400904 ], [ 9.531356870423338, 54.861274571364675 ], [ 9.531429279337942, 54.861286905566374 ], [ 9.531538596429186, 54.861304879416878 ], [ 9.531611685231212, 54.861317329631277 ], [ 9.531720321535772, 54.861335188368344 ], [ 9.531794091124596, 54.861347752796746 ], [ 9.531902046642358, 54.861365496420774 ], [ 9.531976497017865, 54.861378176861649 ], [ 9.53208377174883, 54.861395805372354 ], [ 9.532158902911249, 54.861408600027119 ], [ 9.532265496855416, 54.861426113424614 ], [ 9.532341308804462, 54.861439023192645 ], [ 9.532447221961831, 54.86145642237625 ], [ 9.532523714697902, 54.861469447257321 ], [ 9.532628947068474, 54.861486730428453 ], [ 9.532706120591115, 54.86149987042279 ], [ 9.53281067217489, 54.861517039380089 ], [ 9.532888526484555, 54.861530294487693 ], [ 9.532992397281475, 54.861547347432349 ], [ 9.533070932377768, 54.861560717653163 ], [ 9.533174122387891, 54.861577656383929 ], [ 9.533253338271038, 54.861591140818689 ], [ 9.533355847494533, 54.861607965335565 ], [ 9.533435744164422, 54.861621564883535 ], [ 9.533537572601119, 54.861638273387825 ], [ 9.533618150057634, 54.861651988049061 ], [ 9.533719298606911, 54.861668582339405 ], [ 9.533800555951075, 54.861682412113737 ], [ 9.533901023713383, 54.861698890391665 ], [ 9.533982961844458, 54.861712835279434 ], [ 9.534082748819969, 54.861729199343301 ], [ 9.53426421761975, 54.861760079364331 ], [ 9.534445219671341, 54.861792003498408 ], [ 9.534625754075478, 54.861824971745193 ], [ 9.534805820832162, 54.861858984105083 ], [ 9.534985419941279, 54.861894039678475 ], [ 9.535164551403113, 54.861930139364688 ], [ 9.535343216116701, 54.861967282264516 ], [ 9.535521413182892, 54.862005470176541 ], [ 9.535699142601459, 54.862044701302068 ], [ 9.535876404372743, 54.8620849765407 ], [ 9.536053199395838, 54.862126295891983 ], [ 9.536229526771479, 54.862168659356371 ], [ 9.536405386499496, 54.86221206603426 ], [ 9.53658077858023, 54.862256516825084 ], [ 9.536755703013398, 54.862302011728559 ], [ 9.536930160698489, 54.862348549845933 ], [ 9.537104150736184, 54.862396132075958 ], [ 9.537277673126255, 54.862444758419088 ], [ 9.537450727869043, 54.862494428874925 ], [ 9.537623315863584, 54.862545143443867 ], [ 9.537795435311182, 54.862596901226254 ], [ 9.537967088010873, 54.862649703121576 ], [ 9.538138273062998, 54.862703549129719 ], [ 9.538308991366989, 54.862758439250797 ], [ 9.538479241124207, 54.862814372585376 ], [ 9.541126244480836, 54.863702681533766 ], [ 9.541296620143044, 54.86376107271542 ], [ 9.541466726908141, 54.863820588949125 ], [ 9.541636565675162, 54.863881229335561 ], [ 9.541806136444166, 54.863942994773481 ], [ 9.541975438316058, 54.864005884364246 ], [ 9.542144471290555, 54.864069899006722 ], [ 9.542313236266921, 54.864135037801873 ], [ 9.542481732346232, 54.864201301648905 ], [ 9.542649960427468, 54.864268690547817 ], [ 9.54281791961148, 54.864337203599234 ], [ 9.54298560989821, 54.864406841702532 ], [ 9.543153032186865, 54.864477603958449 ], [ 9.543320186477615, 54.864549491266132 ], [ 9.543487071871084, 54.86462250272649 ], [ 9.543653688367158, 54.864696639238673 ], [ 9.543820036865327, 54.864771899903417 ], [ 9.543986116466272, 54.864848285620042 ], [ 9.544002237713187, 54.864855821938761 ], [ 9.544025957332167, 54.864852846082272 ], [ 9.544173996532948, 54.864833355075405 ], [ 9.54421425648286, 54.864828308080234 ], [ 9.544364229225835, 54.86480857065925 ], [ 9.544402555633667, 54.864803770078026 ], [ 9.54455446191912, 54.864783787142187 ], [ 9.544590853884984, 54.864779232075989 ], [ 9.544744694612177, 54.864759003625238 ], [ 9.544779153035677, 54.864754694074122 ], [ 9.544934927305235, 54.864734220108289 ], [ 9.544967451286936, 54.864730155172708 ], [ 9.545125159098916, 54.864709437490774 ], [ 9.545155749538424, 54.864705617170671 ], [ 9.545315391792144, 54.864684653973825 ], [ 9.54534404778974, 54.864681078269314 ], [ 9.545505623585882, 54.864659871356082 ], [ 9.545532346940433, 54.8646565393679 ], [ 9.54569585627894, 54.86463508873851 ], [ 9.545720644292544, 54.86463199956728 ], [ 9.545886088072621, 54.864610306120994 ], [ 9.545908942543804, 54.864607460665923 ], [ 9.546076320765678, 54.864585524402628 ], [ 9.54626627916565, 54.86456188931993 ], [ 9.546455926400085, 54.864539554656915 ], [ 9.546645263368418, 54.864518522212165 ], [ 9.546834290070592, 54.864498791086589 ], [ 9.547023005607343, 54.864480361279789 ], [ 9.547211410878106, 54.864463232792161 ], [ 9.547399504983332, 54.864447405623423 ], [ 9.547587288822513, 54.864432879773744 ], [ 9.547774761496157, 54.864419655243125 ], [ 9.54796192390387, 54.864407732031395 ], [ 9.548148775146046, 54.864397110138668 ], [ 9.548335316122177, 54.864387790464434 ], [ 9.548521546832092, 54.864379771209656 ], [ 9.548707466376584, 54.864373053273937 ], [ 9.548893074755767, 54.864367636657278 ], [ 9.549078372868792, 54.864363521359621 ], [ 9.549263360715656, 54.864360708280287 ], [ 9.549448037397099, 54.86435919562058 ], [ 9.549632403812552, 54.864358984279932 ], [ 9.549816459062527, 54.864360075157549 ], [ 9.550000204046398, 54.86436246645485 ], [ 9.550183637864734, 54.86436615907121 ], [ 9.550366761417138, 54.864371153905779 ], [ 9.550549574703268, 54.864377449160258 ], [ 9.550627241054485, 54.864380682222929 ], [ 9.550732251292516, 54.864384315483903 ], [ 9.55080573309823, 54.864387386668852 ], [ 9.550914927881706, 54.864391181807775 ], [ 9.550984225142088, 54.864394091114548 ], [ 9.551097603571748, 54.864398049030854 ], [ 9.551162717185832, 54.864400793761888 ], [ 9.551280280160995, 54.864404916254102 ], [ 9.551341209229577, 54.864407496409001 ], [ 9.551462955850866, 54.864411785275877 ], [ 9.551519701273435, 54.864414198156965 ], [ 9.551645631540907, 54.864418654297651 ], [ 9.551698192417803, 54.864420899005381 ], [ 9.551828307230778, 54.864425524218859 ], [ 9.551876684461547, 54.864427598954762 ], [ 9.552010982920649, 54.864432395039216 ], [ 9.552055175606085, 54.864434298903973 ], [ 9.55219365861069, 54.86443926675895 ], [ 9.552233666750567, 54.864440997054487 ], [ 9.552376333401185, 54.864446138478627 ], [ 9.552412157894935, 54.864447695205115 ], [ 9.552559008191849, 54.864453011997114 ], [ 9.552590649039303, 54.864454392456423 ], [ 9.552741682982514, 54.8644598855156 ], [ 9.552769140183841, 54.864461088808355 ], [ 9.552924357773009, 54.864466759933237 ], [ 9.552947630429003, 54.86446778426108 ], [ 9.553107032563673, 54.864473635250249 ], [ 9.553126121573371, 54.864474478814259 ], [ 9.553289706454962, 54.864480511466638 ], [ 9.553304611818533, 54.864481173367608 ], [ 9.553472380346307, 54.864487388582234 ], [ 9.553483102063694, 54.864487866122374 ], [ 9.553655054237595, 54.864494265697999 ], [ 9.553661592308856, 54.864494558877027 ], [ 9.553837728128883, 54.864501144612348 ], [ 9.553840082553791, 54.86450124983304 ], [ 9.554018574597706, 54.864507955178169 ], [ 9.554020404718131, 54.864508010036843 ], [ 9.55420307501214, 54.864514903340364 ], [ 9.554385416154162, 54.864523175304441 ], [ 9.55456742814448, 54.864532825929302 ], [ 9.554749110982868, 54.864543854315514 ], [ 9.55493046466944, 54.864556262261829 ], [ 9.555111489204023, 54.864570047969494 ], [ 9.555292184586733, 54.864585211438566 ], [ 9.555472550817683, 54.864601754467571 ], [ 9.555652588796136, 54.864619675257927 ], [ 9.555832296723281, 54.86463897470901 ], [ 9.556011676397929, 54.864659652820876 ], [ 9.556190726021271, 54.864681708694093 ], [ 9.556369447392285, 54.864705144127242 ], [ 9.556547839611312, 54.864729957321913 ], [ 9.556725901778975, 54.864756149177026 ], [ 9.556903635694425, 54.864783718793831 ], [ 9.557081040457831, 54.864812667071021 ], [ 9.55725811606942, 54.864842994009109 ], [ 9.557434863428398, 54.86487469960781 ], [ 9.557611280736182, 54.864907783867238 ], [ 9.557620380076628, 54.864909564524964 ], [ 9.557787680057629, 54.864940942770431 ], [ 9.557796207429135, 54.864942611912227 ], [ 9.557964079378905, 54.864974101673567 ], [ 9.557972034781812, 54.864975659299432 ], [ 9.558140478700352, 54.865007261476137 ], [ 9.558147862134319, 54.865008706686694 ], [ 9.558316878921005, 54.86504042037933 ], [ 9.558323689486826, 54.865041754973106 ], [ 9.558493278242338, 54.865073580181672 ], [ 9.558499516839333, 54.865074802360482 ], [ 9.558669677563785, 54.865106739084865 ], [ 9.558675344192011, 54.865107849747744 ], [ 9.558846076885061, 54.865139898887435 ], [ 9.558851171544518, 54.865140897134779 ], [ 9.559022476206508, 54.865173057790571 ], [ 9.559026998897025, 54.865173944522155 ], [ 9.559198875527784, 54.86520621759297 ], [ 9.559202826249532, 54.865206991909417 ], [ 9.559375275748607, 54.86523937739554 ], [ 9.559378653602209, 54.865240039296623 ], [ 9.55955167506994, 54.865272536298676 ], [ 9.559727748836679, 54.865307059473423 ], [ 9.559903490753697, 54.86534297299994 ], [ 9.56007890082077, 54.865380275979135 ], [ 9.560253979038123, 54.865418969310213 ], [ 9.560342169255932, 54.865439198660283 ], [ 9.560409479014425, 54.865475050133568 ], [ 9.560571901971798, 54.865563225962319 ], [ 9.560733270024571, 54.86565250346041 ], [ 9.560893584971154, 54.865742881728693 ], [ 9.56105284501291, 54.8658343616666 ], [ 9.561164981074196, 54.865899984299539 ], [ 9.56121105014995, 54.865926944173225 ], [ 9.561261735691362, 54.865957159594288 ], [ 9.561368201281653, 54.866020627450212 ], [ 9.561524298407846, 54.866115411497333 ], [ 9.561524318860862, 54.866115424146521 ], [ 9.561573654016172, 54.866145935523832 ], [ 9.561679328530142, 54.866211290630361 ], [ 9.561679340629212, 54.866211298113114 ], [ 9.561833328845182, 54.866308285499258 ], [ 9.561986262156495, 54.866406374554685 ], [ 9.562138141462242, 54.866505565279851 ], [ 9.562288965863218, 54.866605857674301 ], [ 9.562438737158175, 54.86670725173849 ], [ 9.562587452648927, 54.866809746572812 ], [ 9.562700128534978, 54.866888798046851 ], [ 9.562735115033661, 54.866913343975796 ], [ 9.562771744992595, 54.866939502871595 ], [ 9.562881722513566, 54.867018042149141 ], [ 9.5630272750887, 54.867123841092621 ], [ 9.56317177365861, 54.867230742604931 ], [ 9.563315218222954, 54.86733874578664 ], [ 9.563457607882469, 54.867447849738653 ], [ 9.56359894353659, 54.867558055360178 ], [ 9.563739224285939, 54.867669362651213 ], [ 9.563878451029836, 54.867781770712384 ], [ 9.564016623768339, 54.867895281342442 ], [ 9.564153741602013, 54.868009892742634 ], [ 9.564194016840645, 54.868044144321971 ], [ 9.564308716374228, 54.868105850404845 ], [ 9.564350425132147, 54.868128750741448 ], [ 9.564471355169132, 54.868193800503605 ], [ 9.564514011812321, 54.868217219748999 ], [ 9.564633994863186, 54.868281749703215 ], [ 9.564674839012129, 54.868304173760194 ], [ 9.564677598492551, 54.868305688756777 ], [ 9.564683442130955, 54.868308831143942 ], [ 9.56479663455724, 54.868369699801974 ], [ 9.564841185172725, 54.868394156865008 ], [ 9.564959273351974, 54.868457649001527 ], [ 9.565004772752275, 54.868482625872787 ], [ 9.565121913046028, 54.868545599100287 ], [ 9.565168359432334, 54.868571093980961 ], [ 9.565284552740081, 54.86863354829984 ], [ 9.565331946112508, 54.868659562988569 ], [ 9.565431141945355, 54.868712872998266 ], [ 9.565447191534815, 54.8687214983986 ], [ 9.565450241604998, 54.868723172467412 ], [ 9.565495532792738, 54.86874803109697 ], [ 9.565609831228869, 54.868809448497359 ], [ 9.565659119472912, 54.868836500104521 ], [ 9.565772470023717, 54.868897398596289 ], [ 9.565822706153142, 54.868924968212923 ], [ 9.565919554798137, 54.868976992192763 ], [ 9.565935109717543, 54.868985347795615 ], [ 9.565944211211399, 54.868990342630958 ], [ 9.565986293732692, 54.869013437220531 ], [ 9.566097748512504, 54.869073297894658 ], [ 9.566149880412752, 54.869101905328762 ], [ 9.566260388206558, 54.869161247993418 ], [ 9.566313467092925, 54.869190373437164 ], [ 9.566423027001292, 54.869249198092177 ], [ 9.566471791840581, 54.869275955235672 ], [ 9.566477053773156, 54.869278842444714 ], [ 9.566482257252488, 54.869281635740947 ], [ 9.566585666695346, 54.869337147291731 ], [ 9.566640640453329, 54.869367310553116 ], [ 9.566748305490023, 54.86942509739049 ], [ 9.566804228032879, 54.869455778661347 ], [ 9.566910945184134, 54.869513047489249 ], [ 9.566967814713109, 54.869544246769749 ], [ 9.567073583978811, 54.869600997588179 ], [ 9.567131401393283, 54.869632714878151 ], [ 9.567236222773658, 54.869688947686939 ], [ 9.567294988073343, 54.869721182986325 ], [ 9.567384776574455, 54.869769342577079 ], [ 9.567398862467769, 54.869776897785698 ], [ 9.56740942757477, 54.869782693016916 ], [ 9.567458575652893, 54.869809651993933 ], [ 9.567561501262446, 54.869864847884628 ], [ 9.567622162333123, 54.869898120102334 ], [ 9.567724140057123, 54.869952797983387 ], [ 9.567785749013296, 54.869986588210736 ], [ 9.567886778851857, 54.870040748082147 ], [ 9.567949336592676, 54.870075055419761 ], [ 9.568049417646705, 54.870128698181077 ], [ 9.568211279427032, 54.870217461267032 ], [ 9.568336956102389, 54.870287963623241 ], [ 9.568371870465683, 54.870307549953566 ], [ 9.568412844396196, 54.87033106004084 ], [ 9.568531192560727, 54.870398966039659 ], [ 9.568689244812902, 54.87049170772633 ], [ 9.568846027222548, 54.870585775913014 ], [ 9.570114262863115, 54.87136373894549 ], [ 9.570267085557703, 54.871455387956019 ], [ 9.570420737427241, 54.87154545056228 ], [ 9.570575218471731, 54.871633925865297 ], [ 9.570730527791795, 54.87172081386467 ], [ 9.570877312024047, 54.871801005038321 ], [ 9.570886666286867, 54.871806115459947 ], [ 9.571043633956663, 54.871889829751979 ], [ 9.571056042206207, 54.871896287789696 ], [ 9.571201429902203, 54.871971956740538 ], [ 9.571360055922071, 54.872052497325058 ], [ 9.571519509318136, 54.872131450606162 ], [ 9.571679792788359, 54.872208816583793 ], [ 9.571840904534213, 54.872284595257952 ], [ 9.572002845455131, 54.872358787528242 ], [ 9.574629962103245, 54.873530638328475 ], [ 9.574802271307874, 54.873609442321992 ], [ 9.574974451909554, 54.873690133093419 ], [ 9.57514650210959, 54.873772710642299 ], [ 9.575318422807186, 54.873857174069485 ], [ 9.575490213102967, 54.873943523375146 ], [ 9.575661873896593, 54.874031758559113 ], [ 9.575833405187666, 54.874121880520534 ], [ 9.576004806077037, 54.874213889259863 ], [ 9.576068830906976, 54.874248988605686 ], [ 9.576073083506117, 54.874251319942573 ], [ 9.57658115999277, 54.875395905097037 ], [ 9.576656319479113, 54.875491254383178 ], [ 9.576692077877226, 54.875536618420369 ], [ 9.576781787947786, 54.875648313004973 ], [ 9.576810908896562, 54.875684570386738 ], [ 9.576930724673446, 54.875830968324635 ], [ 9.577051525207821, 54.875975813133493 ], [ 9.577173309600653, 54.876119105712348 ], [ 9.57729607875126, 54.876260844262674 ], [ 9.577419831759983, 54.876401029683961 ], [ 9.577544569526424, 54.876539662875302 ], [ 9.57755592706375, 54.876552046438697 ], [ 9.577670291151151, 54.876676742038285 ], [ 9.57778817699171, 54.876802834395257 ], [ 9.577796997533596, 54.876812268971207 ], [ 9.577803279304566, 54.876818859773842 ], [ 9.57792468867359, 54.876946241875658 ], [ 9.57805336367187, 54.877078662550446 ], [ 9.578117291457646, 54.877143185832061 ], [ 9.578183022528549, 54.877209529196648 ], [ 9.578312323264777, 54.877337514397432 ], [ 9.578313666142947, 54.877338843612847 ], [ 9.578317650276587, 54.877342710697391 ], [ 9.578445294514893, 54.877466604900121 ], [ 9.578571176742898, 54.877586407205314 ], [ 9.578577906745238, 54.877592812158639 ], [ 9.578711503733075, 54.877717467187551 ], [ 9.578846084579311, 54.877840569087198 ], [ 9.578981650183209, 54.877962117857578 ], [ 9.579118199645222, 54.87808211349892 ], [ 9.579255733865182, 54.878200556011052 ], [ 9.579394252842633, 54.878317445394032 ], [ 9.579533755678369, 54.878432781647803 ], [ 9.579626867885736, 54.878508194297979 ], [ 9.579673917717344, 54.878547077385861 ], [ 9.579763948847244, 54.8786199602431 ], [ 9.579814080655467, 54.878661373124032 ], [ 9.579901028909603, 54.878731727087768 ], [ 9.579912261289907, 54.87874100179318 ], [ 9.579954243593647, 54.878775667063508 ], [ 9.579982876763863, 54.878798824949421 ], [ 9.580038108072358, 54.878843494831642 ], [ 9.580071162654178, 54.87887077666511 ], [ 9.580094406531771, 54.878889961002983 ], [ 9.580175187235341, 54.878955262575516 ], [ 9.580234570369271, 54.879004254942629 ], [ 9.58031226549889, 54.87906703121871 ], [ 9.580374735106147, 54.879118547083522 ], [ 9.580449343762325, 54.879178799861961 ], [ 9.580514899842854, 54.879232838325095 ], [ 9.580586420227348, 54.879290570303738 ], [ 9.58072284108647, 54.879402972969046 ], [ 9.580857974116384, 54.879516618497235 ], [ 9.580991818417885, 54.879631507788019 ], [ 9.58112437489018, 54.879747639941854 ], [ 9.581255642633892, 54.879865015858002 ], [ 9.581385622548567, 54.879983634637142 ], [ 9.581514314634148, 54.880103496279503 ], [ 9.581641717091657, 54.880224601684176 ], [ 9.581767832619619, 54.880346949952013 ], [ 9.581892658519592, 54.880470541082758 ], [ 9.581893953566889, 54.880471849705664 ], [ 9.582016197489622, 54.880595375076609 ], [ 9.582134617537845, 54.880717504490164 ], [ 9.582138446832005, 54.880721453732349 ], [ 9.5822594092445, 54.880848774351648 ], [ 9.582379082928469, 54.880977338733373 ], [ 9.582497467883968, 54.881107145978149 ], [ 9.582614565010317, 54.881238196085974 ], [ 9.582684011759701, 54.881317528668383 ], [ 9.582730373408197, 54.881370489956453 ], [ 9.582844893976869, 54.881504026689583 ], [ 9.582936577131441, 54.881613157663814 ], [ 9.582958125816958, 54.881638807185311 ], [ 9.583070069828011, 54.881774829644939 ], [ 9.58391084151225, 54.882817793206812 ], [ 9.584025868399294, 54.882957618899184 ], [ 9.584142546441456, 54.883096629805777 ], [ 9.584260875639075, 54.883234825027273 ], [ 9.584380855991867, 54.883372206362367 ], [ 9.584502487499947, 54.883508772012362 ], [ 9.58462577106269, 54.883644522876637 ], [ 9.58464429272879, 54.883664527395972 ], [ 9.584750704881344, 54.883779458955132 ], [ 9.584869756210212, 54.883905596340277 ], [ 9.584877290754434, 54.883913579348246 ], [ 9.584882361136323, 54.883918850209916 ], [ 9.585005526883776, 54.884046885855298 ], [ 9.585068538358701, 54.884111159924387 ], [ 9.585135415067555, 54.884179376677139 ], [ 9.58526695440662, 54.884311052713088 ], [ 9.585331787307984, 54.884374751812409 ], [ 9.585400144900973, 54.884441913963315 ], [ 9.585534986550613, 54.884571959528557 ], [ 9.585671479355426, 54.884701191207228 ], [ 9.585809623315697, 54.8848296072008 ], [ 9.585949419330461, 54.88495720840865 ], [ 9.586090865601136, 54.885083994830723 ], [ 9.586233963926531, 54.885209966467016 ], [ 9.586256622514572, 54.88522955821356 ], [ 9.586378712507667, 54.885335123317418 ], [ 9.586480994185287, 54.885421993315745 ], [ 9.586525113143637, 54.885459464482892 ], [ 9.586673164934723, 54.885582990862588 ], [ 9.586822867881267, 54.885705703355711 ], [ 9.586974221982985, 54.88582759926453 ], [ 9.587127227239989, 54.885948681286834 ], [ 9.587281883652111, 54.886068948523359 ], [ 9.58743819121969, 54.88618840007473 ], [ 9.587596150841762, 54.886307036840435 ], [ 9.587755760719972, 54.886424858820305 ], [ 9.587917022652675, 54.886541866014454 ], [ 9.588079935740666, 54.886658058422881 ], [ 9.588150091250247, 54.886707245031687 ], [ 9.588244499084453, 54.886773435146154 ], [ 9.588281739823845, 54.886799102871834 ], [ 9.588410714483018, 54.886887997083534 ], [ 9.588578581036927, 54.887001744235306 ], [ 9.588748098745953, 54.887114676601186 ], [ 9.588919267610265, 54.887226794181458 ], [ 9.589092088529299, 54.887338096076462 ], [ 9.589266559704015, 54.887448584085064 ], [ 9.589442682933623, 54.887558256408568 ], [ 9.589477412053157, 54.887579522677129 ], [ 9.589619111932677, 54.887667777645959 ], [ 9.589656301597188, 54.887690558372753 ], [ 9.589697441250394, 54.887716186353472 ], [ 9.589724271458067, 54.887732900253354 ], [ 9.589752406290156, 54.887750427143558 ], [ 9.589795541830938, 54.88777729888335 ], [ 9.589835191141276, 54.887801594967812 ], [ 9.589971971729199, 54.887886819221421 ], [ 9.590014081584684, 54.887912631562813 ], [ 9.590192971128943, 54.888024115121027 ], [ 9.59037186427031, 54.888137426101537 ], [ 9.590470925210473, 54.888201182619376 ], [ 9.590550759210259, 54.888252564504342 ], [ 9.590584037217226, 54.888274322306863 ], [ 9.590729656848282, 54.888369531229046 ], [ 9.590908556285058, 54.888488325376159 ], [ 9.591087458419565, 54.888608946945624 ], [ 9.591266363252203, 54.888731396836704 ], [ 9.591445269883422, 54.888855674150136 ], [ 9.591624179212715, 54.888981778886205 ], [ 9.591803090340591, 54.889109711943775 ], [ 9.591982004166368, 54.88923947242381 ], [ 9.592160920690105, 54.889371060326368 ], [ 9.592339839012595, 54.889504475651222 ], [ 9.592518760032988, 54.889639719297691 ], [ 9.592573391775323, 54.889681571945239 ], [ 9.592697683751339, 54.889776790366682 ], [ 9.592825048945214, 54.889875663619371 ], [ 9.592876609268217, 54.889915689757515 ], [ 9.593055537483224, 54.890056416570474 ], [ 9.593234467496757, 54.890198970806068 ], [ 9.593413400208419, 54.890343352463844 ], [ 9.593592335618041, 54.890489562443577 ], [ 9.593771272826189, 54.890637599845491 ], [ 9.593946193662077, 54.890784098507424 ], [ 9.593950207336434, 54.890783245950274 ], [ 9.594128906224284, 54.890746386336787 ], [ 9.594307606910718, 54.89071064008408 ], [ 9.594486308496528, 54.890676006292779 ], [ 9.594665011881034, 54.890642485862259 ], [ 9.594843717063952, 54.890610077892973 ], [ 9.595022423146418, 54.890578783284468 ], [ 9.595201131027466, 54.890548602036574 ], [ 9.59537984070721, 54.890519533250085 ], [ 9.595558551286217, 54.89049157782415 ], [ 9.595737262764544, 54.890464734859904 ], [ 9.595915976041567, 54.890439005255985 ], [ 9.59609469111723, 54.890414389013074 ], [ 9.596273407092212, 54.890390885231398 ], [ 9.596452124865777, 54.890368493910955 ], [ 9.596630844438039, 54.890347216850671 ], [ 9.596809564909734, 54.890327051352642 ], [ 9.596988287179954, 54.890308000114317 ], [ 9.597167010349381, 54.890290061337453 ], [ 9.59734573531756, 54.8902732359212 ], [ 9.597524462084436, 54.890257522966522 ], [ 9.597703189750519, 54.890242922473135 ], [ 9.597881919215354, 54.890229436239622 ], [ 9.598060649579395, 54.89021706246757 ], [ 9.598239381742303, 54.890205801156981 ], [ 9.598306553005159, 54.890201988031492 ], [ 9.598418114804247, 54.89019496342695 ], [ 9.598484098962103, 54.890191219549365 ], [ 9.598596846967041, 54.89018412479777 ], [ 9.598661644919105, 54.890180451966501 ], [ 9.598775580029155, 54.890173287067739 ], [ 9.598839189976843, 54.890169684383579 ], [ 9.598954312191893, 54.890162449337765 ], [ 9.599016735933787, 54.890158915901452 ], [ 9.599133045254007, 54.890151611607735 ], [ 9.599194281890789, 54.890148148318531 ], [ 9.599311777416801, 54.890140772978384 ], [ 9.599371827847733, 54.89013737983646 ], [ 9.599490510478915, 54.890129935248581 ], [ 9.599549372905472, 54.890126611354162 ], [ 9.599669242641653, 54.89011909751855 ], [ 9.599726918862302, 54.890115843771412 ], [ 9.599847975703653, 54.890108259788576 ], [ 9.599904464819417, 54.890105075289114 ], [ 9.600026707866391, 54.890097422058545 ], [ 9.600082010776362, 54.890094306807043 ], [ 9.600205440928505, 54.890086584328571 ], [ 9.600259555833986, 54.890083538324745 ], [ 9.600384173990619, 54.890075746598541 ], [ 9.600437101790931, 54.890072769842618 ], [ 9.600562906153414, 54.890064909767887 ], [ 9.600614647747875, 54.890062001360548 ], [ 9.600741639215357, 54.890054072037913 ], [ 9.60079219280567, 54.89005123287825 ], [ 9.600920371378265, 54.890043234308109 ], [ 9.600969738762615, 54.890040464396122 ], [ 9.601099104440266, 54.890032397477285 ], [ 9.601147284719559, 54.890029695913881 ], [ 9.601277836603003, 54.890021559747424 ], [ 9.601324829777127, 54.890018927431754 ], [ 9.601456569665118, 54.890010722916657 ], [ 9.601502375734299, 54.890008158949627 ], [ 9.601635301827912, 54.889999885186796 ], [ 9.601679921691243, 54.889997390467386 ], [ 9.601814034890026, 54.889989048356199 ], [ 9.601857466748811, 54.889986621085882 ], [ 9.601992767052764, 54.889978211525374 ], [ 9.602035012705812, 54.889975852603754 ], [ 9.602171500114878, 54.889967373795571 ], [ 9.602212557763551, 54.889965083222137 ], [ 9.602350233176878, 54.889956536964746 ], [ 9.602390103720495, 54.88995431474001 ], [ 9.602528965339616, 54.889945700134092 ], [ 9.602567649677496, 54.889943545358562 ], [ 9.60270769840173, 54.889934863303495 ], [ 9.602745194735064, 54.889932775977059 ], [ 9.602886430564524, 54.889924026472841 ], [ 9.602922740692009, 54.889922007494761 ], [ 9.603065163626638, 54.889913189642186 ], [ 9.603100285749804, 54.889911238113314 ], [ 9.603243895789376, 54.889902352811589 ], [ 9.603277831706748, 54.88990046873181 ], [ 9.60342262885132, 54.889891515980764 ], [ 9.603455377663693, 54.889889699350363 ], [ 9.603601361014114, 54.88988067915011 ], [ 9.603632922721317, 54.889878929968859 ], [ 9.603780094076228, 54.889869843218889 ], [ 9.603810468678432, 54.889868160587241 ], [ 9.603958826238966, 54.889859006388235 ], [ 9.603979852388363, 54.889857842665435 ], [ 9.604137451382485, 54.889764154891964 ], [ 9.604316063036094, 54.889659516074005 ], [ 9.604494676488287, 54.889556416895232 ], [ 9.604673291739232, 54.889454857355929 ], [ 9.604851909687966, 54.889354837455869 ], [ 9.605030529435567, 54.889256356295903 ], [ 9.60520915098175, 54.889159415674669 ], [ 9.605387775225836, 54.889064014692622 ], [ 9.605566400369128, 54.888970153350101 ], [ 9.60574502821072, 54.88887783074739 ], [ 9.605923657850724, 54.888787048683582 ], [ 9.606102289289424, 54.888697806258961 ], [ 9.606280922526707, 54.888610102574262 ], [ 9.606459558462063, 54.888523939428467 ], [ 9.606638196196002, 54.888439315022538 ], [ 9.606816835728523, 54.888356231155285 ], [ 9.606995477059741, 54.888274686028183 ], [ 9.607174120189711, 54.888194681439643 ], [ 9.60735276601747, 54.888116215591026 ], [ 9.607531413643926, 54.888039290281199 ], [ 9.607710063069135, 54.887963903711295 ], [ 9.607888714292869, 54.887890056780805 ], [ 9.608067367315243, 54.88781775038899 ], [ 9.60824602303569, 54.887746982737156 ], [ 9.608424680554663, 54.887677754724848 ], [ 9.608603339872388, 54.887610066351726 ], [ 9.608782000988697, 54.88754391851711 ], [ 9.608960664802964, 54.887479309422702 ], [ 9.609139329516552, 54.887416239967649 ], [ 9.609317996928098, 54.887354710151897 ], [ 9.609496666138341, 54.8872947199755 ], [ 9.609675338046543, 54.887236269438461 ], [ 9.609854010854121, 54.887179358540777 ], [ 9.610032686359602, 54.88712398728228 ], [ 9.610211363663666, 54.887070155663309 ], [ 9.610390042766483, 54.887017863683639 ], [ 9.610568723667825, 54.88696711134321 ], [ 9.610747407267127, 54.886917898642253 ], [ 9.610926091765805, 54.886870225580651 ], [ 9.611104778962556, 54.886824091259086 ], [ 9.61128346795789, 54.886779497476027 ], [ 9.611462159651182, 54.886736443332438 ], [ 9.611640852243625, 54.886694928828092 ], [ 9.611819547534196, 54.886654953063726 ], [ 9.611998244623521, 54.886616517838206 ], [ 9.612176943511372, 54.886579622251872 ], [ 9.612355645097182, 54.886544265405746 ], [ 9.612534347582312, 54.886510449098125 ], [ 9.6127130527654, 54.886478171530484 ], [ 9.612891759747072, 54.886447434501747 ], [ 9.613070468527496, 54.886418236212762 ], [ 9.613249180005823, 54.886390578462567 ], [ 9.614625975508488, 54.886189361450079 ], [ 9.614803183320475, 54.886161914141326 ], [ 9.61498012583229, 54.886132955971391 ], [ 9.615156802144838, 54.886102486940388 ], [ 9.615333211358802, 54.886070508847126 ], [ 9.61550935527265, 54.88603701989274 ], [ 9.615685232987346, 54.886002020077285 ], [ 9.615860845401926, 54.885965511199572 ], [ 9.616036190717807, 54.885927491460734 ], [ 9.616211269834309, 54.885887960860998 ], [ 9.616386083650923, 54.885846921198663 ], [ 9.616560630368951, 54.885804370675373 ], [ 9.616734911786864, 54.885760309290959 ], [ 9.616908927005454, 54.885714737944966 ], [ 9.617082676024893, 54.885667656637224 ], [ 9.617256158844839, 54.885619065367734 ], [ 9.617429375465463, 54.88556896323729 ], [ 9.617602326786084, 54.885517351144927 ], [ 9.617775011008064, 54.885464229091156 ], [ 9.617947429930041, 54.885409596176032 ], [ 9.618119582652696, 54.885353453299388 ], [ 9.618291469176199, 54.885295799561618 ], [ 9.618463089500153, 54.88523663676159 ], [ 9.618634443624842, 54.885175962201117 ], [ 9.618805531550208, 54.885113778578273 ], [ 9.618976353276196, 54.885050084094246 ], [ 9.619146909702238, 54.884984879648698 ], [ 9.619317199029751, 54.884918164341968 ], [ 9.619487223056979, 54.884849939972867 ], [ 9.619656980885054, 54.884780203843491 ], [ 9.619826472513751, 54.884708958651686 ], [ 9.619995697943352, 54.884636202598756 ], [ 9.620164657173405, 54.884561936584305 ], [ 9.620333350204191, 54.884486159708672 ], [ 9.620501777934805, 54.88440887287129 ], [ 9.620669938566891, 54.884330076072331 ], [ 9.620837833899145, 54.884249769311623 ], [ 9.621005463031793, 54.88416795168979 ], [ 9.621172825965232, 54.884084623207002 ], [ 9.621339922699406, 54.883999785661672 ], [ 9.6215067532342, 54.883913437255558 ], [ 9.621673317569673, 54.883825578887524 ], [ 9.6218396166052, 54.883736209658537 ], [ 9.622005648542029, 54.883645330467743 ], [ 9.622171415178912, 54.883552941315429 ], [ 9.622336915616245, 54.883459041301819 ], [ 9.62250214895505, 54.883363631326802 ], [ 9.622667116993966, 54.883266711389808 ], [ 9.62283181973288, 54.883168280591917 ], [ 9.622996255373096, 54.883068339832221 ], [ 9.623160424813989, 54.882966889110833 ], [ 9.623324328954709, 54.882863927528433 ], [ 9.623487965996958, 54.882759455984285 ], [ 9.623651337739204, 54.882653473579069 ], [ 9.623814443282129, 54.882545982111594 ], [ 9.623977282625731, 54.882436979782995 ], [ 9.62413985576984, 54.882326466593327 ], [ 9.624302162714798, 54.8822144443414 ], [ 9.624464203460434, 54.882100910328973 ], [ 9.624625978905897, 54.881985867254173 ], [ 9.624787488152265, 54.881869313318248 ], [ 9.624948730299877, 54.881751249420745 ], [ 9.625109707147374, 54.881631675561493 ], [ 9.625270417795718, 54.881510590841287 ], [ 9.625430862244741, 54.881387996159333 ], [ 9.625591040494271, 54.881263890616253 ], [ 9.625750953443969, 54.881138275111539 ], [ 9.625910599294798, 54.881011149644962 ], [ 9.626069979845909, 54.880882514216808 ], [ 9.626229093298264, 54.880752367927641 ], [ 9.626387941450503, 54.880620711676613 ], [ 9.62654652340342, 54.880487544564801 ], [ 9.626704839157128, 54.880352867491013 ], [ 9.626862888711571, 54.880216680455703 ], [ 9.627020672066465, 54.880078983458418 ], [ 9.627178190121413, 54.879939775600349 ], [ 9.627335441077889, 54.879799056881211 ], [ 9.627492426734193, 54.879656829099474 ], [ 9.627649146191288, 54.879513090456953 ], [ 9.627805599448948, 54.87936784185257 ], [ 9.627961786507456, 54.879221082387176 ], [ 9.628117707366414, 54.879072812960203 ], [ 9.628273362026221, 54.878923033571311 ], [ 9.628413498884072, 54.878786592927099 ], [ 9.626787168493195, 54.87468680045572 ], [ 9.626725457913778, 54.874528461319642 ], [ 9.626664814829496, 54.87437004214388 ], [ 9.626605240139952, 54.874211542029173 ], [ 9.626546732945485, 54.874052961874838 ], [ 9.626489294145813, 54.873894300781501 ], [ 9.626432923740538, 54.873735558749161 ], [ 9.626377620830738, 54.873576736677251 ], [ 9.626323386315391, 54.873417833666281 ], [ 9.622382790933273, 54.8616343595383 ], [ 9.622312048462391, 54.861426755540492 ], [ 9.622239841895293, 54.861218707277772 ], [ 9.622166170332719, 54.86101021654838 ], [ 9.622091034673588, 54.860801281554131 ], [ 9.622014434918469, 54.860591904093326 ], [ 9.621936370167532, 54.860382082367437 ], [ 9.62185684132038, 54.860171817275727 ], [ 9.621775848376842, 54.859961108818254 ], [ 9.621693390437827, 54.859749956995131 ], [ 9.621609468402482, 54.859538361806131 ], [ 9.621524082270696, 54.859326323251423 ], [ 9.621437231143545, 54.859113840431633 ], [ 9.621348915919953, 54.858900915145341 ], [ 9.621259136599974, 54.858687545593966 ], [ 9.621244391315713, 54.858652993640874 ], [ 9.62116912705369, 54.858474106794745 ], [ 9.621153759438585, 54.858438088946798 ], [ 9.62107911750735, 54.858260667995637 ], [ 9.621063126662079, 54.858223184252779 ], [ 9.620989107961066, 54.858047229196359 ], [ 9.620972494785008, 54.858008278659383 ], [ 9.620899097515576, 54.857833790397308 ], [ 9.620881862907879, 54.857793373965137 ], [ 9.620809087969064, 54.8576203515982 ], [ 9.62079123103058, 54.857578469271118 ], [ 9.620719077523574, 54.857406912798979 ], [ 9.620700599153452, 54.857363563677723 ], [ 9.620629067977291, 54.857193473999871 ], [ 9.62060996727638, 54.857148658983647 ], [ 9.62053905753163, 54.85698003520065 ], [ 9.620531940296985, 54.856963332991597 ], [ 9.620519335399251, 54.856933753390251 ], [ 9.620449047085913, 54.856766595502165 ], [ 9.620428704421329, 54.856718847796856 ], [ 9.620359036640423, 54.856553156702944 ], [ 9.6203380725442, 54.856503942203403 ], [ 9.620269026194762, 54.856339717903836 ], [ 9.620247440667072, 54.856289036609837 ], [ 9.620179015749102, 54.856126278205409 ], [ 9.620156808789773, 54.856074131016442 ], [ 9.620089004404235, 54.85591283940613 ], [ 9.620066177812078, 54.855859225423217 ], [ 9.619998993958575, 54.855699400607079 ], [ 9.619975545934778, 54.855644319829594 ], [ 9.619908982613481, 54.855485960908595 ], [ 9.619884914957026, 54.855429413336992 ], [ 9.619818972167991, 54.855272522109374 ], [ 9.619794283079898, 54.855214507743426 ], [ 9.619703822973293, 54.854999271199631 ], [ 9.61961398879464, 54.854782828664781 ], [ 9.619524780544396, 54.854565180139105 ], [ 9.619436196423408, 54.85434632652192 ], [ 9.619348239130034, 54.854126267813228 ], [ 9.6192609059662, 54.853905003113539 ], [ 9.61917419873032, 54.853682532423136 ], [ 9.619088117422905, 54.853458856641055 ], [ 9.619002661144066, 54.853233975767466 ], [ 9.618917829894144, 54.853007888903051 ], [ 9.618833624572289, 54.852780596947127 ], [ 9.618827040635551, 54.852762597016351 ], [ 9.618848669330816, 54.85275065671766 ], [ 9.619047903338242, 54.852641720039458 ], [ 9.628745120291228, 54.847391035468092 ], [ 9.628904827296026, 54.847305646638574 ], [ 9.629064859855475, 54.847221167023406 ], [ 9.629225217070257, 54.847137598421625 ], [ 9.6293858989402, 54.847054939933741 ], [ 9.629546907264057, 54.846973190660435 ], [ 9.629708239343984, 54.846892352400232 ], [ 9.629869897877654, 54.846812423354834 ], [ 9.630031881066657, 54.846733405322539 ], [ 9.630191360531512, 54.846656658954146 ], [ 9.630194189810197, 54.846655297404197 ], [ 9.630356823209013, 54.846578098700547 ], [ 9.630519782162366, 54.846501811009944 ], [ 9.630683066670429, 54.846426433433408 ], [ 9.630846675833595, 54.846351965071221 ], [ 9.631010610551357, 54.846278407722423 ], [ 9.631174869924394, 54.846205759588315 ], [ 9.631339454852082, 54.846134022467368 ], [ 9.631445471431448, 54.846088489792123 ], [ 9.631504249321893, 54.846062870805042 ], [ 9.631609642671037, 54.846017607926399 ], [ 9.631669043791533, 54.845991720042036 ], [ 9.63177381480989, 54.845946726960108 ], [ 9.631833838261173, 54.845920568379711 ], [ 9.631937986049309, 54.84587584599376 ], [ 9.631998632730756, 54.845849417616762 ], [ 9.632102158188161, 54.845804965027241 ], [ 9.63216342630119, 54.84577826595438 ], [ 9.63226632942775, 54.845734083161517 ], [ 9.632328220771001, 54.845707115191431 ], [ 9.632430501566603, 54.845663202195169 ], [ 9.632493015240641, 54.845635963529105 ], [ 9.632594673705398, 54.845592321228821 ], [ 9.632657809710281, 54.845564812766099 ], [ 9.632758844944874, 54.845521439363097 ], [ 9.632822604179921, 54.845493661103774 ], [ 9.632923017083669, 54.845450558396806 ], [ 9.632987398649675, 54.845422510340825 ], [ 9.633087188323316, 54.845379677430458 ], [ 9.633152193119315, 54.845351358678499 ], [ 9.633251360462111, 54.845308795564563 ], [ 9.633316987589126, 54.845280207915494 ], [ 9.63341553170153, 54.845237914598215 ], [ 9.633481782058766, 54.845209057152374 ], [ 9.633579703840383, 54.845167033631867 ], [ 9.633646576528406, 54.845137905490219 ], [ 9.633743875079972, 54.845096151766143 ], [ 9.63381137099816, 54.845066754727043 ], [ 9.633908047218824, 54.845025270799795 ], [ 9.6339761654678, 54.844995603064717 ], [ 9.634072218458243, 54.844954388934127 ], [ 9.63414095993744, 54.844924452301939 ], [ 9.634236390597096, 54.844883507967609 ], [ 9.634305754407251, 54.844853301538762 ], [ 9.634400561836685, 54.844812627001261 ], [ 9.634470548876891, 54.844782149876437 ], [ 9.634564733076161, 54.844741745135536 ], [ 9.634635343346645, 54.844710999113431 ], [ 9.634728905214956, 54.844670864169188 ], [ 9.634800137816285, 54.844639848350482 ], [ 9.634893076454432, 54.844599982303464 ], [ 9.634964932285925, 54.844568696688157 ], [ 9.635057248593228, 54.844529101337173 ], [ 9.635129726755565, 54.844497545925151 ], [ 9.635221419832874, 54.844458219471449 ], [ 9.635294521225376, 54.844426395162202 ], [ 9.635385591971669, 54.844387338505101 ], [ 9.635459315694959, 54.844355244399253 ], [ 9.635549763211145, 54.844316456639376 ], [ 9.63562411016477, 54.844284092736871 ], [ 9.635713934450735, 54.844245574773652 ], [ 9.63578890463441, 54.844212941973922 ], [ 9.635878106589587, 54.844174693807361 ], [ 9.63595369910405, 54.844141791210973 ], [ 9.636042277829006, 54.844103811941466 ], [ 9.636118493573861, 54.844070640447796 ], [ 9.636206449967801, 54.844032930975118 ], [ 9.636283288043444, 54.843999489684848 ], [ 9.636370621207448, 54.843962049109393 ], [ 9.636448082513084, 54.843928338022522 ], [ 9.636534792446923, 54.843891167243669 ], [ 9.636612876982895, 54.843857187259516 ], [ 9.636698964585719, 54.843820286277321 ], [ 9.636777671452535, 54.843786036496567 ], [ 9.636863135825138, 54.843749404411653 ], [ 9.636942465922118, 54.843714885733561 ], [ 9.637027307064784, 54.843678522545929 ], [ 9.637107260391929, 54.843643734970613 ], [ 9.63719147920358, 54.843607641579581 ], [ 9.637272054861569, 54.843572584207664 ], [ 9.637355650443055, 54.843536759713857 ], [ 9.637436850230586, 54.843501433444487 ], [ 9.637519821682474, 54.843465877848189 ], [ 9.637601644700169, 54.843430282681538 ], [ 9.637683993821497, 54.843394996881841 ], [ 9.63776643916998, 54.843359131918533 ], [ 9.637848165060916, 54.843324115016117 ], [ 9.63793123363962, 54.843287981155584 ], [ 9.638012336300392, 54.843253233150392 ], [ 9.63809602810943, 54.843216830392635 ], [ 9.638176508439358, 54.843182351284668 ], [ 9.63826082257907, 54.843145679629629 ], [ 9.638425789718553, 54.843075010003929 ], [ 9.638591091405942, 54.843005278371038 ], [ 9.638756727640953, 54.842936484731069 ], [ 9.638922699323246, 54.842868627285554 ], [ 9.63908900555333, 54.842801707832848 ], [ 9.639255647230527, 54.842735725473517 ], [ 9.639422623455516, 54.842670680207959 ], [ 9.639589934228241, 54.842606572935267 ], [ 9.63975758044819, 54.842543401856744 ], [ 9.639925561215762, 54.84248116877103 ], [ 9.640093877430616, 54.842419872779089 ], [ 9.640262528193318, 54.842359513880638 ], [ 9.640431514403019, 54.842300092975108 ], [ 9.640600835160626, 54.842241608263805 ], [ 9.640770490465911, 54.842184061545481 ], [ 9.640940481218365, 54.842127451920589 ], [ 9.641110806518725, 54.84207178028862 ], [ 9.641281466366763, 54.842017044850934 ], [ 9.641452461661856, 54.841963247406056 ], [ 9.641623792404175, 54.841910387054952 ], [ 9.641795456795137, 54.841858463797223 ], [ 9.641967456632983, 54.841807477633154 ], [ 9.642139791918055, 54.841757429462007 ], [ 9.642312461750748, 54.841708318384349 ], [ 9.642485466131575, 54.841660144400237 ], [ 9.642658805959172, 54.841612907509955 ], [ 9.64271776731124, 54.841597189159245 ], [ 9.642832260000887, 54.841565989878745 ], [ 9.642891029797397, 54.841550322789431 ], [ 9.643005713143225, 54.841519072247536 ], [ 9.643064293182704, 54.841503456419616 ], [ 9.64317916718494, 54.841472154616326 ], [ 9.643237556568067, 54.841456590049802 ], [ 9.643352621226654, 54.841425236985287 ], [ 9.643410819054168, 54.841409722780611 ], [ 9.643526074368992, 54.841378319354078 ], [ 9.643584082439531, 54.841362856410797 ], [ 9.643699528410707, 54.841331401723096 ], [ 9.643757345825009, 54.84131599004121 ], [ 9.643872981553045, 54.841284484091886 ], [ 9.643930609210372, 54.841269122772019 ], [ 9.64404643559476, 54.841237567360054 ], [ 9.644103871696473, 54.841222256402204 ], [ 9.644219889636304, 54.841190649728844 ], [ 9.644277135081836, 54.84117539003239 ], [ 9.644393342778642, 54.841143732097805 ], [ 9.644450398467313, 54.841128523662576 ], [ 9.6445667968203, 54.841096814466596 ], [ 9.6446236609533, 54.841081656393612 ], [ 9.644740249962638, 54.841049896835386 ], [ 9.644796924338777, 54.841034790023798 ], [ 9.644913704004352, 54.841002979204404 ], [ 9.644970187724141, 54.840987923653984 ], [ 9.645087158046067, 54.840956061573195 ], [ 9.645143451109618, 54.840941057284169 ], [ 9.645260611188405, 54.840909143941985 ], [ 9.645316713595605, 54.840894190014978 ], [ 9.64543406523012, 54.840862226310946 ], [ 9.645489976981082, 54.840847323645164 ], [ 9.645607518372458, 54.840815308679737 ], [ 9.645663240366389, 54.840800457275577 ], [ 9.645780972414173, 54.840768391048528 ], [ 9.645836502852546, 54.840753590006386 ], [ 9.645954425556511, 54.840721473417545 ], [ 9.646009766237853, 54.840706723636572 ], [ 9.646127879598055, 54.840674555786336 ], [ 9.646183029623216, 54.840659857266758 ], [ 9.646301333639769, 54.840627638155127 ], [ 9.646356293008694, 54.840612989997737 ], [ 9.646474786782107, 54.840580720523917 ], [ 9.646529555494681, 54.84056612362798 ], [ 9.646648240823765, 54.840533802892878 ], [ 9.646702818880158, 54.840519257258165 ], [ 9.646821693966103, 54.840486885261669 ], [ 9.646876082265521, 54.840472390888351 ], [ 9.646995148007818, 54.840439967630687 ], [ 9.647049344751622, 54.84042552361916 ], [ 9.647168602049533, 54.840393050898854 ], [ 9.647222608136985, 54.840378657249346 ], [ 9.647342055191871, 54.840346133267644 ], [ 9.647395871522463, 54.840331790879532 ], [ 9.647515509233585, 54.840299215636435 ], [ 9.647569134907826, 54.840284923610568 ], [ 9.647688962375923, 54.840252298005396 ], [ 9.647742397393927, 54.840238057240754 ], [ 9.647862416417468, 54.840205380374186 ], [ 9.64791566077929, 54.840191190870939 ], [ 9.648035870459182, 54.840158462742977 ], [ 9.648088924164597, 54.840144324501125 ], [ 9.64820932360152, 54.840111545111995 ], [ 9.648262186650754, 54.840097457232105 ], [ 9.648382777643235, 54.840064627480785 ], [ 9.648435450036231, 54.840050590862347 ], [ 9.648556230785573, 54.840017709849576 ], [ 9.648608713421538, 54.840003724492533 ], [ 9.648729684827231, 54.839970792218537 ], [ 9.648781975907696, 54.839956857223342 ], [ 9.648903138868945, 54.839923874587328 ], [ 9.648955239293002, 54.839909990853528 ], [ 9.64901938433735, 54.839892529616634 ], [ 9.649076592011284, 54.839876956956118 ], [ 9.649128502678366, 54.839863124483713 ], [ 9.649250046052998, 54.839830039325136 ], [ 9.649301766063843, 54.83981625721475 ], [ 9.649423499195336, 54.839783121693927 ], [ 9.64947502854983, 54.839769390844936 ], [ 9.64959695323688, 54.839736204062717 ], [ 9.649648291935307, 54.839722524475121 ], [ 9.649770407278595, 54.839689287330884 ], [ 9.649821555320671, 54.839675658105307 ], [ 9.649943860420933, 54.839642369699845 ], [ 9.649994817806771, 54.839628790836116 ], [ 9.650117314462648, 54.839595452068636 ], [ 9.650168081192135, 54.839581924466472 ], [ 9.650290767604986, 54.839548534437426 ], [ 9.650341344577612, 54.839535058096715 ], [ 9.6504642216467, 54.839501616806444 ], [ 9.650514607962975, 54.839488190827524 ], [ 9.650637675688358, 54.839454699175235 ], [ 9.650687870449076, 54.839441324457709 ], [ 9.650811128830696, 54.839407781544026 ], [ 9.650861133834439, 54.839394458087895 ], [ 9.650984582872411, 54.839360863912987 ], [ 9.651034397219746, 54.839347590818875 ], [ 9.651158036014749, 54.839313946281777 ], [ 9.651207659705904, 54.839300724449117 ], [ 9.651331490056464, 54.839267028650568 ], [ 9.65138092309121, 54.839253858079303 ], [ 9.651504944098008, 54.839220111019586 ], [ 9.651554186476687, 54.839206990810112 ], [ 9.651678397240346, 54.839173193388376 ], [ 9.651727449862051, 54.839160124440298 ], [ 9.651813013160165, 54.83913684369054 ], [ 9.651904304240475, 54.839132435213912 ], [ 9.651923121654931, 54.839131426174504 ], [ 9.652084694752944, 54.839123618260544 ], [ 9.652102300780712, 54.839122673972327 ], [ 9.652265084366263, 54.839114801307119 ], [ 9.652281479906435, 54.83911392177032 ], [ 9.652287646557852, 54.839113623195317 ], [ 9.652445473979526, 54.839105985253127 ], [ 9.652460659032386, 54.839105169568199 ], [ 9.652625864492222, 54.839097168299929 ], [ 9.652639838158166, 54.839096417365852 ], [ 9.652806254105485, 54.839088351346504 ], [ 9.65281901638474, 54.839087665163845 ], [ 9.652986643718805, 54.839079535292512 ], [ 9.652998195510463, 54.839078912961668 ], [ 9.653167034231444, 54.839070718339087 ], [ 9.653177374636243, 54.839070160759547 ], [ 9.653347423844707, 54.83906190138589 ], [ 9.653356553762194, 54.83906140855737 ], [ 9.653527813458027, 54.839053084432521 ], [ 9.653535732887917, 54.83905265725457 ], [ 9.653708203970666, 54.839044267479096 ], [ 9.653714912013697, 54.839043905052392 ], [ 9.653888593583815, 54.839035450525728 ], [ 9.653894090240271, 54.839035152850272 ], [ 9.654068983197249, 54.83902663357253 ], [ 9.654073269365995, 54.839026401547471 ], [ 9.654249373709774, 54.839017815719785 ], [ 9.654252448491945, 54.839017649345294 ], [ 9.654429763323037, 54.839008998766531 ], [ 9.654431627617726, 54.839008898042323 ], [ 9.654610152936357, 54.839000181813162 ], [ 9.654610806743449, 54.839000145840146 ], [ 9.6547899858694, 54.838991391839443 ], [ 9.654790543448996, 54.838991367557696 ], [ 9.65496916499518, 54.838982633342027 ], [ 9.654970934860842, 54.838982556899737 ], [ 9.655148344120903, 54.838973875743989 ], [ 9.655151325373481, 54.838973745342173 ], [ 9.65532752414606, 54.83896511724646 ], [ 9.655331716785383, 54.838964934684213 ], [ 9.65550670327184, 54.838956359648421 ], [ 9.655512107298023, 54.838956124026026 ], [ 9.65568588329711, 54.838947601151006 ], [ 9.655692498710039, 54.83894731246869 ], [ 9.65586506242289, 54.838938843553024 ], [ 9.655872889222508, 54.83893850181056 ], [ 9.656044241548614, 54.838930085055608 ], [ 9.65605328063458, 54.838929690253167 ], [ 9.65622342157377, 54.838921327457399 ], [ 9.65623367114722, 54.838920879595037 ], [ 9.65640260069955, 54.83891256985936 ], [ 9.656414062559065, 54.8389120680377 ], [ 9.656581780724821, 54.838903811362002 ], [ 9.656760878911598, 54.838895971971681 ], [ 9.656939891662887, 54.8388891137418 ], [ 9.657118818978518, 54.838883237571508 ], [ 9.657297659059907, 54.8388783425616 ], [ 9.657476413705695, 54.838874428712074 ], [ 9.657655082016561, 54.838871496922138 ], [ 9.657833663992619, 54.838869546292642 ], [ 9.658012160533019, 54.838868576823472 ], [ 9.658190570738384, 54.838868589414119 ], [ 9.658368894608884, 54.838869583164978 ], [ 9.658547132144577, 54.83887155807605 ], [ 9.658725284244554, 54.838874515046939 ], [ 9.658903349110517, 54.838878453178324 ], [ 9.659081329440028, 54.838883372469809 ], [ 9.65909654866698, 54.838883876989428 ], [ 9.659259300776171, 54.838888385290886 ], [ 9.659272742942846, 54.838888831354723 ], [ 9.659437271213335, 54.838893397212814 ], [ 9.65944893721877, 54.83889378571979 ], [ 9.659615242549648, 54.838898410033721 ], [ 9.659625131494806, 54.838898740084915 ], [ 9.659712264109885, 54.838901167355175 ], [ 9.659793213885848, 54.838903422854798 ], [ 9.659801325770673, 54.838903694450153 ], [ 9.659971185222162, 54.838908435675876 ], [ 9.659977520046539, 54.8389086479159 ], [ 9.660149156558475, 54.83891344939633 ], [ 9.660153715222009, 54.838913602281195 ], [ 9.660327127894845, 54.838918462217464 ], [ 9.660329909497875, 54.838918555746886 ], [ 9.660506103773912, 54.838923503816773 ], [ 9.660682267472851, 54.838927481518283 ], [ 9.660858400594805, 54.83893048885119 ], [ 9.661034504039321, 54.838932525815551 ], [ 9.66121057690674, 54.838933593310799 ], [ 9.661386619197344, 54.838933690437557 ], [ 9.66156263181017, 54.838932817195996 ], [ 9.661738613846069, 54.838930973585718 ], [ 9.661914565305153, 54.838928159607008 ], [ 9.662090487086459, 54.838924375259921 ], [ 9.662266377391632, 54.838919621443608 ], [ 9.662442238019025, 54.838913896359372 ], [ 9.662618068968811, 54.838907201806194 ], [ 9.662793868442463, 54.838899536884298 ], [ 9.662969638238337, 54.83889090159397 ], [ 9.663145377457283, 54.838881295935323 ], [ 9.663321086998735, 54.838870720807336 ], [ 9.663496765963089, 54.838859174411482 ], [ 9.663672414350685, 54.838846658546686 ], [ 9.663848032161127, 54.83883317231323 ], [ 9.668037599455772, 54.838488233745238 ], [ 9.668222163722078, 54.838474025356106 ], [ 9.668222986601791, 54.838473957907127 ], [ 9.668406994187649, 54.838459795383528 ], [ 9.668408373747582, 54.838459681169468 ], [ 9.668591824653106, 54.838445564511403 ], [ 9.66859376089343, 54.838445405331356 ], [ 9.668776655118677, 54.838431334538654 ], [ 9.668779148039391, 54.838431129493244 ], [ 9.668961485584305, 54.8384171036667 ], [ 9.668964535185239, 54.838416853655133 ], [ 9.669146316049876, 54.838402873693951 ], [ 9.669149922331201, 54.838402577817021 ], [ 9.669331147414653, 54.838388643721146 ], [ 9.669335309476992, 54.838388301978739 ], [ 9.66951597788028, 54.838374412849021 ], [ 9.66952069662301, 54.838374025241251 ], [ 9.669700808345851, 54.838360182876272 ], [ 9.669706083768972, 54.838359749403139 ], [ 9.669885638811309, 54.838345952004317 ], [ 9.66989147091482, 54.838345473565028 ], [ 9.67007046927688, 54.838331722031569 ], [ 9.670076858060781, 54.838331197726745 ], [ 9.670255299742507, 54.838317491159444 ], [ 9.670262245206629, 54.838316921888634 ], [ 9.670440130208078, 54.838303260287319 ], [ 9.670447632352591, 54.838302646050522 ], [ 9.670624961572912, 54.838289030314741 ], [ 9.670633019498439, 54.83828837021241 ], [ 9.670809792038483, 54.838274799442615 ], [ 9.67081840664423, 54.838274094374071 ], [ 9.670994622503883, 54.838260569469867 ], [ 9.671003793790192, 54.83825981853596 ], [ 9.671179452969511, 54.838246338597742 ], [ 9.671189181835416, 54.838245542697848 ], [ 9.671364283435082, 54.838232107725787 ], [ 9.671374568981378, 54.838231266859566 ], [ 9.67154911390071, 54.838217877753038 ], [ 9.671559956127226, 54.838216991021454 ], [ 9.671733945265487, 54.838203646880913 ], [ 9.671745343273187, 54.838202715183343 ], [ 9.671918775731115, 54.838189416008959 ], [ 9.671930730418978, 54.838188440244437 ], [ 9.672103606196686, 54.83817518603621 ], [ 9.672116117564997, 54.838174164406325 ], [ 9.672288436662143, 54.838160955164085 ], [ 9.672301504710788, 54.838159888568214 ], [ 9.672473267127714, 54.83814672429213 ], [ 9.672486891856806, 54.838145612729932 ], [ 9.672658097593342, 54.838132493420005 ], [ 9.672672279901974, 54.83813133689182 ], [ 9.672842928958119, 54.83811826254788 ], [ 9.672857667047765, 54.838117061053708 ], [ 9.67302775942369, 54.838104032575131 ], [ 9.673043054193784, 54.838102786114803 ], [ 9.673212589889317, 54.838089801703177 ], [ 9.673228441339575, 54.838088510276691 ], [ 9.673397420354888, 54.838075570831052 ], [ 9.673413828485593, 54.838074234438579 ], [ 9.673582250820346, 54.838061339959097 ], [ 9.673599215631384, 54.838059958600468 ], [ 9.673767082185293, 54.838047109086972 ], [ 9.673784603676552, 54.838045683661505 ], [ 9.673847750473499, 54.838040850704942 ], [ 9.67393186586304, 54.838045761902606 ], [ 9.673948755131164, 54.83804683119655 ], [ 9.674113197965937, 54.838056443150492 ], [ 9.674127978323668, 54.838057378445342 ], [ 9.674294529169345, 54.838067123499172 ], [ 9.674307201516228, 54.838067926593624 ], [ 9.674475860372752, 54.838077803847682 ], [ 9.674486424708959, 54.838078473842586 ], [ 9.674657191576273, 54.838088485095739 ], [ 9.67466564790152, 54.838089021990925 ], [ 9.674838523679057, 54.838099165444248 ], [ 9.674844871094081, 54.83809956923983 ], [ 9.675019854882635, 54.838109846692305 ], [ 9.675024094286641, 54.838110116488792 ], [ 9.675089962431912, 54.83811398896961 ], [ 9.675201186085985, 54.838120527940191 ], [ 9.675203318378578, 54.838120663737925 ], [ 9.675382529880039, 54.838131210087454 ], [ 9.675561762965117, 54.838141767228933 ], [ 9.67556384849297, 54.838141880543446 ], [ 9.675740983459718, 54.838152324370412 ], [ 9.675745178797115, 54.838152551898986 ], [ 9.675920204853696, 54.838162881511892 ], [ 9.675926509101316, 54.838163223254355 ], [ 9.676099426247731, 54.838173437754165 ], [ 9.676107839405347, 54.838173894609724 ], [ 9.676278647641709, 54.838183993996267 ], [ 9.676289169709548, 54.838184566864413 ], [ 9.676457869035517, 54.838194550238541 ], [ 9.67647050001375, 54.838195238219782 ], [ 9.676637089530118, 54.838205106480643 ], [ 9.6766518312171, 54.838205910474699 ], [ 9.676740489082533, 54.838211167011934 ], [ 9.676832084133537, 54.838206353840405 ], [ 9.676832237018345, 54.838206346645791 ], [ 9.677008529320346, 54.838197096219233 ], [ 9.677011299232277, 54.838196937938562 ], [ 9.677184822521724, 54.838187845792675 ], [ 9.677190513431697, 54.838187521137343 ], [ 9.677361114823725, 54.838178595366116 ], [ 9.677369728530266, 54.838178104336293 ], [ 9.677537408025103, 54.838169344939558 ], [ 9.677548942729686, 54.83816868843445 ], [ 9.677713700327104, 54.838160094513 ], [ 9.677728157828426, 54.838159272532664 ], [ 9.677889993528481, 54.838150843187066 ], [ 9.677907372927166, 54.838149856630821 ], [ 9.678066286729859, 54.838141591861131 ], [ 9.678086588025792, 54.838140441628354 ], [ 9.67824257903203, 54.838132340535196 ], [ 9.678265802225155, 54.838131026625888 ], [ 9.678418872233408, 54.838123088310113 ], [ 9.678445017323725, 54.838121611623251 ], [ 9.678595164535409, 54.838113836984178 ], [ 9.678624232422521, 54.838112196620784 ], [ 9.678771457736786, 54.838104584758867 ], [ 9.678803447521261, 54.838102781618318 ], [ 9.678947750038787, 54.838095332533726 ], [ 9.678982662619831, 54.838093367515 ], [ 9.679124043240108, 54.838086079409265 ], [ 9.679161876819251, 54.83808395341191 ], [ 9.679300336441486, 54.838076826284748 ], [ 9.679341091917991, 54.83807453930865 ], [ 9.679476628743657, 54.838067573160117 ], [ 9.679520307016787, 54.838065126104937 ], [ 9.679652921945035, 54.8380583200356 ], [ 9.679699522115357, 54.838055712900996 ], [ 9.679829214247036, 54.83804906691114 ], [ 9.679849132431684, 54.838047953550358 ], [ 9.679878448531781, 54.838043560362109 ], [ 9.679899166213772, 54.838040555727162 ], [ 9.680055865885663, 54.838017075327855 ], [ 9.680076494534831, 54.838014083283554 ], [ 9.680233283239545, 54.8379905902936 ], [ 9.680244122768272, 54.837989018278734 ], [ 9.680253823755152, 54.837987610839775 ], [ 9.680410699694221, 54.837964104360196 ], [ 9.680431152975416, 54.837961138395997 ], [ 9.680588117048103, 54.837937619325942 ], [ 9.680608482195908, 54.837934665952218 ], [ 9.680765533502779, 54.837911134291687 ], [ 9.680785810516966, 54.837908193508554 ], [ 9.680942950856661, 54.837884648358056 ], [ 9.680963139737287, 54.837881721064775 ], [ 9.681120368210543, 54.837858163323801 ], [ 9.681140468957722, 54.837855248620997 ], [ 9.681297784665219, 54.837831678289547 ], [ 9.681317797278666, 54.837828776177219 ], [ 9.681475202019101, 54.837805192355916 ], [ 9.681495126499101, 54.837802303733611 ], [ 9.681652618473777, 54.837778707321661 ], [ 9.681672455719422, 54.837775831289775 ], [ 9.681830035827659, 54.837752222287406 ], [ 9.681849784939857, 54.837749358845997 ], [ 9.682007453181541, 54.837725736353775 ], [ 9.682027113260801, 54.837722886402219 ], [ 9.682184869636217, 54.83769925131952 ], [ 9.682204442481236, 54.837696413958611 ], [ 9.682362286990099, 54.837672766285266 ], [ 9.6823817717015, 54.837669941514775 ], [ 9.682559082935484, 54.8376433773401 ], [ 9.682736232291461, 54.837615981292743 ], [ 9.682913221568015, 54.837587752472928 ], [ 9.683090048067413, 54.837558690881053 ], [ 9.683266714487445, 54.837528797416269 ], [ 9.683443219029414, 54.837498070279878 ], [ 9.683619561693604, 54.837466511270577 ], [ 9.683795743379051, 54.837434119489274 ], [ 9.683971763186491, 54.837400894935456 ], [ 9.684147622914679, 54.837366837609636 ], [ 9.684323319865541, 54.83733194751153 ], [ 9.684498855837774, 54.83729622554057 ], [ 9.684674230831263, 54.837259670797323 ], [ 9.684849444846122, 54.837222283281847 ], [ 9.685024496983146, 54.837184062994254 ], [ 9.685199387242051, 54.837145009934488 ], [ 9.685374116522496, 54.837105124102379 ], [ 9.685548684824028, 54.837064406397474 ], [ 9.685723091247894, 54.837022855920281 ], [ 9.685897335793641, 54.836980472670803 ], [ 9.686071420259964, 54.836937256649321 ], [ 9.686245342848451, 54.836893207855383 ], [ 9.686388943894883, 54.836856116217007 ], [ 9.686419131437844, 54.836848471080202 ], [ 9.686563313446186, 54.836811232852199 ], [ 9.686592920926785, 54.836803735204398 ], [ 9.686737683897093, 54.836766349487618 ], [ 9.686766709516178, 54.836758999328595 ], [ 9.686912053448623, 54.836721465223718 ], [ 9.686940499005061, 54.836714262553414 ], [ 9.687086423000267, 54.83667658185891 ], [ 9.687114288493831, 54.83666952667744 ], [ 9.687260792551626, 54.83663169759501 ], [ 9.687288077083224, 54.83662478990226 ], [ 9.687435163002476, 54.836586814230202 ], [ 9.687461866571994, 54.836580054026456 ], [ 9.687609532554006, 54.836541930865621 ], [ 9.687635655161557, 54.836535317251276 ], [ 9.687783902105537, 54.836497046601721 ], [ 9.687809444650327, 54.836490581375472 ], [ 9.68795827165701, 54.836452163236913 ], [ 9.68798323413904, 54.836445844600291 ], [ 9.68813264120854, 54.836407279872162 ], [ 9.688157022728603, 54.836401108724317 ], [ 9.68830701165939, 54.836362395608205 ], [ 9.688330812217373, 54.836356371949137 ], [ 9.68848138121092, 54.836317512243625 ], [ 9.688504600806766, 54.836311636073333 ], [ 9.68865575076245, 54.836272628878874 ], [ 9.688678390295706, 54.836266899298153 ], [ 9.688830120313924, 54.836227745514293 ], [ 9.688852178885099, 54.836222163422349 ], [ 9.688927024962311, 54.836202850481413 ], [ 9.68900449076483, 54.836182861250165 ], [ 9.689025968373812, 54.836177426647168 ], [ 9.689172144179338, 54.836139710879081 ], [ 9.689177945705865, 54.836135147719119 ], [ 9.689267894997442, 54.83606507884042 ], [ 9.689328748523053, 54.836017305054781 ], [ 9.689479705124427, 54.835899940829734 ], [ 9.689630956703468, 54.835783487618073 ], [ 9.689782503260119, 54.835667948117418 ], [ 9.689934344794324, 54.835553320529471 ], [ 9.690086480406876, 54.835439605753379 ], [ 9.690238910997152, 54.835326802889824 ], [ 9.690391636564982, 54.835214913737445 ], [ 9.690544656210989, 54.835103935598454 ], [ 9.690697971734153, 54.834993871170468 ], [ 9.690851581335608, 54.834884718654962 ], [ 9.691005485914673, 54.83477647895154 ], [ 9.691159684572028, 54.83466915205986 ], [ 9.6913141791062, 54.834562737080773 ], [ 9.69146896771889, 54.8344572349136 ], [ 9.691624051309134, 54.834352645558283 ], [ 9.691779429876931, 54.834248968115503 ], [ 9.691935102523075, 54.83414620348475 ], [ 9.692091070146944, 54.834044350766305 ], [ 9.692247332748366, 54.833943411759265 ], [ 9.692403890327341, 54.83384338466459 ], [ 9.692560741984892, 54.833744270381942 ], [ 9.692717889519145, 54.833646068011774 ], [ 9.692875331131802, 54.833548778453519 ], [ 9.693033066822807, 54.83345240170712 ], [ 9.693191098390571, 54.833356936873372 ], [ 9.693349424036853, 54.833262384851309 ], [ 9.693508044660689, 54.833168745641331 ], [ 9.693666960262249, 54.833076018343661 ], [ 9.693826170841191, 54.832984204757452 ], [ 9.693985675498652, 54.832893302184345 ], [ 9.694145475133666, 54.832803313322472 ], [ 9.694305569746462, 54.832714236373079 ], [ 9.694465958437434, 54.832626072235598 ], [ 9.694626643005279, 54.832538820010768 ], [ 9.694787621651528, 54.832452481497 ], [ 9.694948895275502, 54.83236705489594 ], [ 9.695110463877029, 54.832282540207359 ], [ 9.695272326556733, 54.832198938330464 ], [ 9.695434484214161, 54.832116249265596 ], [ 9.695596936849313, 54.832034473012641 ], [ 9.695759684462018, 54.831953608672336 ], [ 9.695922726153128, 54.831873657143774 ], [ 9.696086063721111, 54.831794618427011 ], [ 9.696249695367328, 54.831716491622956 ], [ 9.696413621091835, 54.831639277630813 ], [ 9.6965778426935, 54.8315629764503 ], [ 9.696742358373342, 54.831487587182494 ], [ 9.696907169030737, 54.831413110726771 ], [ 9.697072274665857, 54.831339547082678 ], [ 9.6972376752787, 54.831266895351121 ], [ 9.69740336996972, 54.83119515643142 ], [ 9.697569359638294, 54.831124330323803 ], [ 9.697735644284649, 54.831054417027815 ], [ 9.697902223009294, 54.830985415644534 ], [ 9.698069097610926, 54.83091732617379 ], [ 9.698236266290735, 54.830850150414221 ], [ 9.698403729948382, 54.830783886567417 ], [ 9.698571488583468, 54.830718535532242 ], [ 9.698739541296902, 54.830654096409546 ], [ 9.69890788898806, 54.83059057099814 ], [ 9.699076531656772, 54.830527956600065 ], [ 9.699245469303094, 54.830466255913166 ], [ 9.699414701027877, 54.830405467138803 ], [ 9.699584228629419, 54.830345591176297 ], [ 9.699754050309366, 54.830286628025647 ], [ 9.699871055704762, 54.830246699925397 ], [ 9.699924075235913, 54.830228296199209 ], [ 9.700038671347727, 54.830189200871132 ], [ 9.700094101062064, 54.830169964372544 ], [ 9.700206286990692, 54.830131700917377 ], [ 9.700264126888044, 54.83011163254605 ], [ 9.700373902633658, 54.830074200963793 ], [ 9.700434153613514, 54.830053301618761 ], [ 9.700541518276623, 54.830016700110832 ], [ 9.700604179439495, 54.829994969792267 ], [ 9.700709133020212, 54.829959200157191 ], [ 9.700774205265589, 54.829936638864979 ], [ 9.700876748663177, 54.82990169930423 ], [ 9.700944231091569, 54.829878308837067 ], [ 9.701044363406766, 54.829844198451099 ], [ 9.701114256917663, 54.829819977909779 ], [ 9.701211979049731, 54.829786697598138 ], [ 9.70128428364302, 54.829761646982661 ], [ 9.701379593793376, 54.8297291958458 ], [ 9.701454309468943, 54.829703316954749 ], [ 9.701547209436342, 54.82967169499284 ], [ 9.7016243361943, 54.829644986926837 ], [ 9.70171482417993, 54.829614193240673 ], [ 9.701794362020394, 54.829586656898925 ], [ 9.701882438923519, 54.829556691488335 ], [ 9.701964388745751, 54.82952832777039 ], [ 9.702050053667278, 54.829499189735998 ], [ 9.70213441547105, 54.829469997742478 ], [ 9.702217668410867, 54.829441687084284 ], [ 9.70230444219635, 54.829411668613716 ], [ 9.702385283154456, 54.829384185332117 ], [ 9.702474468921707, 54.829353339485181 ], [ 9.702552897898045, 54.829326682680403 ], [ 9.702644494747801, 54.829295010356645 ], [ 9.70272051264169, 54.829269180028859 ], [ 9.702814521473158, 54.82923668212743 ], [ 9.702888126486073, 54.829211677377202 ], [ 9.702984549097835, 54.829178352998724 ], [ 9.703055741229662, 54.829154174725488 ], [ 9.703154575823135, 54.829120024769566 ], [ 9.70322335597325, 54.829096671174568 ], [ 9.703324602548491, 54.82906169654018 ], [ 9.703390969817463, 54.829039167623648 ], [ 9.703494629273962, 54.829003368311021 ], [ 9.703558584561108, 54.828981664072785 ], [ 9.703664655999319, 54.828945040981012 ], [ 9.703726198405491, 54.828924160521694 ], [ 9.703834683623995, 54.828886712751853 ], [ 9.703893812249873, 54.828866656970774 ], [ 9.704004710349295, 54.828828385421843 ], [ 9.704061426094142, 54.828809152520535 ], [ 9.704174737973972, 54.828770058091834 ], [ 9.704229040837731, 54.828751648070238 ], [ 9.704344764699329, 54.828711730761881 ], [ 9.704396654682114, 54.828694143619998 ], [ 9.704514792324005, 54.828653404331249 ], [ 9.704564268526326, 54.828636639169702 ], [ 9.704684819948682, 54.828595077900616 ], [ 9.704731881471389, 54.828579133820085 ], [ 9.704854847573188, 54.828536750570834 ], [ 9.704899495315601, 54.828521629369845 ], [ 9.705024874298715, 54.828478425039407 ], [ 9.705067109159984, 54.828464124020343 ], [ 9.705194901923392, 54.828420098608774 ], [ 9.705234723004253, 54.828406618670726 ], [ 9.705364929548068, 54.828361772178141 ], [ 9.705402335949259, 54.82834911332111 ], [ 9.705534957172631, 54.828303446646885 ], [ 9.705569949793471, 54.828291607072231 ], [ 9.705704985696684, 54.828245121115685 ], [ 9.705737562738534, 54.828234101722614 ], [ 9.705875013321361, 54.828186795584429 ], [ 9.705905176582746, 54.828176595473622 ], [ 9.706045040946037, 54.828128470053002 ], [ 9.706072789527809, 54.828119089224799 ], [ 9.706215068570714, 54.828070145421123 ], [ 9.706240402472815, 54.8280615820766 ], [ 9.706385097094596, 54.828011820789072 ], [ 9.706555378328176, 54.82795428036593 ], [ 9.706725956338005, 54.827897659049938 ], [ 9.706896832023347, 54.827841957740247 ], [ 9.707068004484995, 54.827787174638672 ], [ 9.707239473722893, 54.827733311543341 ], [ 9.707411239737098, 54.82768036845448 ], [ 9.70758330252761, 54.827628343573394 ], [ 9.707755662993634, 54.827577238698723 ], [ 9.707928320235908, 54.827527052931373 ], [ 9.708101274254489, 54.827477786270947 ], [ 9.70827452504949, 54.827429439617163 ], [ 9.708448072620683, 54.827382011171096 ], [ 9.708621917867333, 54.827335502731501 ], [ 9.708796059890403, 54.827289914298206 ], [ 9.708970498689666, 54.827245244072969 ], [ 9.70907084864092, 54.827220118813614 ], [ 9.709143502171059, 54.827196132095935 ], [ 9.709224654294474, 54.8271698206309 ], [ 9.709314312205777, 54.827140228438907 ], [ 9.709392918348726, 54.827114748846782 ], [ 9.709485122240721, 54.827084324781936 ], [ 9.709561182402808, 54.827059677062721 ], [ 9.709655932275609, 54.827028421124965 ], [ 9.70972944645689, 54.827004605278603 ], [ 9.70982674320976, 54.826972517467937 ], [ 9.709897710511086, 54.826949533494314 ], [ 9.709997553244648, 54.826916614710171 ], [ 9.710065974565168, 54.82689446081082 ], [ 9.710168363279422, 54.82686071195252 ], [ 9.710234237720044, 54.826839388127496 ], [ 9.710339174213686, 54.826804809194755 ], [ 9.710402501774126, 54.826784315444058 ], [ 9.710509984248574, 54.826748906437103 ], [ 9.710570764929003, 54.826729242760564 ], [ 9.710680795182725, 54.826693003679281 ], [ 9.710739028983085, 54.826674169177693 ], [ 9.710851605217613, 54.826637101820893 ], [ 9.710907292137961, 54.826619095595049 ], [ 9.711022416151707, 54.826581199962618 ], [ 9.711075556191986, 54.826564022012178 ], [ 9.711193227085857, 54.826525298104173 ], [ 9.711243819346862, 54.826508948429534 ], [ 9.711364038020122, 54.826469397145104 ], [ 9.711412082501738, 54.826453874846663 ], [ 9.711534848054839, 54.826413495286715 ], [ 9.711580345656614, 54.826398800364643 ], [ 9.71170565898916, 54.826357594327646 ], [ 9.71174860881149, 54.826343725882396 ], [ 9.711876469923254, 54.826301693368578 ], [ 9.711916871966196, 54.826288651400375 ], [ 9.712047281756895, 54.826245793308885 ], [ 9.712085135121072, 54.826233576918128 ], [ 9.712130365623977, 54.826218715621394 ], [ 9.712209625573905, 54.826163680709499 ], [ 9.712364215436367, 54.826057563405925 ], [ 9.71251912905467, 54.825952446148619 ], [ 9.712674364630345, 54.825848328937411 ], [ 9.712829923961976, 54.825745211772301 ], [ 9.712907373475105, 54.8256944754649 ], [ 9.712985806150243, 54.825643094653287 ], [ 9.713142011195032, 54.825541977580315 ], [ 9.713298539995776, 54.825441861452873 ], [ 9.713455391653156, 54.825342744472266 ], [ 9.713612566167114, 54.825244627537813 ], [ 9.713770063537766, 54.825147511548607 ], [ 9.713927883765052, 54.825051395605669 ], [ 9.714086027748124, 54.824956279708829 ], [ 9.714244494587945, 54.824862162958652 ], [ 9.714403284284231, 54.824769047154007 ], [ 9.71456239683738, 54.824676931395459 ], [ 9.714721833146314, 54.824585816582328 ], [ 9.714881591412507, 54.824495700916088 ], [ 9.715041674334032, 54.824406585295776 ], [ 9.715130782759559, 54.824357635196861 ], [ 9.715224296963925, 54.824315474979358 ], [ 9.715394234656287, 54.824240011967163 ], [ 9.715564341421384, 54.82416562454415 ], [ 9.715734616359555, 54.824092312710263 ], [ 9.715905061269666, 54.824020075566125 ], [ 9.716075675252341, 54.823948914011282 ], [ 9.716246459206957, 54.823878827146245 ], [ 9.716417411334589, 54.823809815870447 ], [ 9.716588533434219, 54.823741880183888 ], [ 9.71675982370698, 54.823675020086341 ], [ 9.716931283951737, 54.823609234678599 ], [ 9.717102913268945, 54.823544523960777 ], [ 9.717274711658831, 54.823480889731513 ], [ 9.717446680020316, 54.823418329292736 ], [ 9.717618816555387, 54.823356845342346 ], [ 9.717791123062057, 54.823296436081819 ], [ 9.717963597741971, 54.82323710241053 ], [ 9.718136242393768, 54.823178844328424 ], [ 9.718309056118187, 54.82312166093601 ], [ 9.718482039814489, 54.823065553132949 ], [ 9.718655191683865, 54.823010520019636 ], [ 9.718828513525182, 54.822956562495449 ], [ 9.719002003539742, 54.822903680560557 ], [ 9.719175663526244, 54.822851873315471 ], [ 9.719349492585252, 54.822801141659454 ], [ 9.719523490716711, 54.822751485592789 ], [ 9.719697658819939, 54.822702904215873 ], [ 9.719871995096582, 54.822655398428083 ], [ 9.719913121993159, 54.822644455477359 ], [ 9.7200463745408, 54.822608163336156 ], [ 9.720083632553838, 54.822598256404547 ], [ 9.720220753984847, 54.822560930042982 ], [ 9.720254143114346, 54.822552055533151 ], [ 9.720395133428894, 54.822513696749809 ], [ 9.720424653675025, 54.822505855560962 ], [ 9.720569512872942, 54.822466463456806 ], [ 9.720595164235533, 54.82245965379019 ], [ 9.720743893216309, 54.822419231062781 ], [ 9.720765673896892, 54.822413452019418 ], [ 9.720918272660356, 54.822371999568361 ], [ 9.720936184457571, 54.822367250248647 ], [ 9.72109265300378, 54.822324768073713 ], [ 9.721106693219497, 54.822321047578498 ], [ 9.721267032447827, 54.822277537478612 ], [ 9.721277202880856, 54.82227484400903 ], [ 9.721441412791023, 54.822230307782775 ], [ 9.721447712541988, 54.822228640439505 ], [ 9.721615793134447, 54.82218307808688 ], [ 9.721790338053779, 54.822136899698307 ], [ 9.721965055642954, 54.822091809489564 ], [ 9.722139944103333, 54.822047809259232 ], [ 9.722315003434801, 54.82200489810765 ], [ 9.722490234536792, 54.821963076035274 ], [ 9.72266563740942, 54.821922343041933 ], [ 9.722841211153082, 54.821882699127457 ], [ 9.723016956667379, 54.821844145191449 ], [ 9.723192873052824, 54.821806679434872 ], [ 9.723368961208791, 54.821770302757386 ], [ 9.723545221135282, 54.821735016058312 ], [ 9.723721651932919, 54.821700817538897 ], [ 9.723898253601647, 54.821667708997779 ], [ 9.724075027940273, 54.82163568953564 ], [ 9.724251973150274, 54.821604759152422 ], [ 9.724429089231137, 54.821574917848409 ], [ 9.72460637708275, 54.821546165623317 ], [ 9.724783836704887, 54.821518502477034 ], [ 9.724961467198113, 54.821491928410012 ], [ 9.725139269461863, 54.821466443421855 ], [ 9.725317242596759, 54.821442048412109 ], [ 9.725418235563268, 54.821428835572533 ], [ 9.725495324549684, 54.821418341383549 ], [ 9.725569548296107, 54.821408699751885 ], [ 9.725673410099887, 54.821394658636791 ], [ 9.725720857431838, 54.82138853964949 ], [ 9.725851499247426, 54.821371001070929 ], [ 9.725872164768816, 54.821368355265577 ], [ 9.726023473004943, 54.821348183472082 ], [ 9.726029588394965, 54.821347335411417 ], [ 9.726207690132924, 54.821323758784558 ], [ 9.726385963641405, 54.821301269438209 ], [ 9.726564408920581, 54.821279868271461 ], [ 9.726743024171356, 54.821259554385108 ], [ 9.726921811192824, 54.821240328678357 ], [ 9.727100769984759, 54.821222190252115 ], [ 9.72727989874852, 54.821205140005418 ], [ 9.727459199282748, 54.821189177938379 ], [ 9.72763867158767, 54.821174303151793 ], [ 9.727818313864191, 54.821160516544751 ], [ 9.727998127911405, 54.821147817218161 ], [ 9.728178113729143, 54.821136206071287 ], [ 9.728358270417971, 54.821125683103901 ], [ 9.728413344899991, 54.821122801676211 ], [ 9.72853847926757, 54.821115496483117 ], [ 9.728592617555421, 54.821112664518068 ], [ 9.728718689016432, 54.821105308962956 ], [ 9.72877189111, 54.821102528259303 ], [ 9.728898898765408, 54.821095122342172 ], [ 9.728951163765373, 54.821092392000537 ], [ 9.729079107614837, 54.821084935721387 ], [ 9.729130436420746, 54.821082255741601 ], [ 9.729259317363812, 54.821074749100603 ], [ 9.729309709975325, 54.821072118583629 ], [ 9.729439527112618, 54.821064562479819 ], [ 9.729488982630528, 54.821061982324863 ], [ 9.729619735962274, 54.821054375858978 ], [ 9.729668255285958, 54.821051846065927 ], [ 9.729799945711079, 54.821044188338817 ], [ 9.729847528840537, 54.821041708907956 ], [ 9.729980155459884, 54.821034001718033 ], [ 9.73002680149591, 54.82103157264919 ], [ 9.730160364309484, 54.821023815097078 ], [ 9.730206074151113, 54.821021435491048 ], [ 9.730340574058346, 54.821013628476294 ], [ 9.730385347705862, 54.821011299232282 ], [ 9.730520783807322, 54.82100344185551 ], [ 9.730564620361065, 54.82100116207414 ], [ 9.730700993556127, 54.820993255234725 ], [ 9.730743893915815, 54.820991024915998 ], [ 9.730881202405726, 54.820983068613941 ], [ 9.730923166571017, 54.820980888657232 ], [ 9.731061412154531, 54.8209728819931 ], [ 9.731102439226277, 54.820970751499146 ], [ 9.731241621903564, 54.820962696271522 ], [ 9.731281712781026, 54.820960615240381 ], [ 9.731421830752993, 54.820952509650738 ], [ 9.731460985436229, 54.820950478082239 ], [ 9.731602040501969, 54.820942323029954 ], [ 9.731640258091602, 54.820940340924096 ], [ 9.731782250250774, 54.820932136409169 ], [ 9.731819531646181, 54.820930203766125 ], [ 9.731962459999579, 54.820921949788385 ], [ 9.731998804301554, 54.820920067507359 ], [ 9.732142668849235, 54.82091176406675 ], [ 9.732178077856133, 54.820909930349217 ], [ 9.732322878598211, 54.820901577445966 ], [ 9.732357350511563, 54.820899793191074 ], [ 9.732503088347016, 54.820891390825182 ], [ 9.732536623166766, 54.820889656032932 ], [ 9.732683298095822, 54.820881205103774 ], [ 9.732715896721345, 54.820879518874847 ], [ 9.732863506945478, 54.82087101848299 ], [ 9.732895169376718, 54.820869381716705 ], [ 9.733043716694283, 54.820860831862149 ], [ 9.733074442032091, 54.820859245457939 ], [ 9.733223926443259, 54.82085064614057 ], [ 9.73325371558667, 54.820849108299797 ], [ 9.733404136192064, 54.820840459519786 ], [ 9.733432988242043, 54.820838971141825 ], [ 9.73358434594104, 54.820830273798379 ], [ 9.733612261796623, 54.820828833983683 ], [ 9.733764554790525, 54.820820087177367 ], [ 9.733791534451882, 54.82081869682554 ], [ 9.733944764539331, 54.820809901455959 ], [ 9.733970807107255, 54.820808558768249 ], [ 9.734124974288306, 54.820799714835175 ], [ 9.734150080661834, 54.820798421610107 ], [ 9.734305184037112, 54.820789529113597 ], [ 9.734329353317207, 54.820788284451965 ], [ 9.734485392886768, 54.820779342492813 ], [ 9.734508626871786, 54.820778147293822 ], [ 9.734665602635573, 54.820769156771348 ], [ 9.73468789952716, 54.82076801013568 ], [ 9.734845812384549, 54.82075897104977 ], [ 9.734867172182362, 54.820757872977708 ], [ 9.735026022133354, 54.820748784428986 ], [ 9.735046445736941, 54.820747734920246 ], [ 9.73520623188233, 54.820738598707578 ], [ 9.735225718392371, 54.820737597762104 ], [ 9.735386441631135, 54.820728412986114 ], [ 9.73540499194695, 54.820727460603962 ], [ 9.735566650480621, 54.820718227264535 ], [ 9.735584264602323, 54.82071732344582 ], [ 9.735746860229597, 54.820708040643751 ], [ 9.735763537257526, 54.820707185388471 ], [ 9.735927069978402, 54.820697854922344 ], [ 9.735942810812276, 54.820697048230386 ], [ 9.736107279727378, 54.820687669200709 ], [ 9.736122083467478, 54.820686911072244 ], [ 9.736287489476183, 54.820677483479301 ], [ 9.736301357022228, 54.820676773014895 ], [ 9.736467699225045, 54.820667297757893 ], [ 9.736480629677487, 54.820666635856753 ], [ 9.736647908074644, 54.820657112036258 ], [ 9.73665990233286, 54.820656497799234 ], [ 9.73682811782362, 54.820646926314851 ], [ 9.73683917588744, 54.820646360641319 ], [ 9.737008327572426, 54.820636740593272 ], [ 9.737018448542813, 54.820636222583801 ], [ 9.737188537321231, 54.820626554871808 ], [ 9.737197722097392, 54.820626085425658 ], [ 9.737368747070263, 54.82061636915023 ], [ 9.737376994752594, 54.82061594736831 ], [ 9.737548956819069, 54.820606183428822 ], [ 9.737556267407967, 54.820605810210225 ], [ 9.737729166567874, 54.820595997707414 ], [ 9.737735540962547, 54.820595672152706 ], [ 9.737909375417473, 54.820585811985779 ], [ 9.737914813617977, 54.820585534095358 ], [ 9.738089585166279, 54.820575626264372 ], [ 9.738094087172556, 54.820575396937215 ], [ 9.738269794915311, 54.820565440542794 ], [ 9.738273359827929, 54.820565258879753 ], [ 9.738450004664116, 54.820555254821329 ], [ 9.738452632483131, 54.820555120822405 ], [ 9.738630214413092, 54.820545069099751 ], [ 9.738631906037881, 54.820544983664263 ], [ 9.738810424161898, 54.82053488427772 ], [ 9.738811178693084, 54.820534845606744 ], [ 9.738990452247663, 54.820524708448829 ], [ 9.738990633910873, 54.820524697656879 ], [ 9.739169724903093, 54.820514575787172 ], [ 9.739170842760359, 54.820514506539439 ], [ 9.739348997558295, 54.820504443125685 ], [ 9.739351051609958, 54.820504316321376 ], [ 9.739528270213668, 54.820494311363575 ], [ 9.739531260459387, 54.820494125203879 ], [ 9.739707542869041, 54.820484178701975 ], [ 9.739711469309043, 54.820483934985816 ], [ 9.739886816423621, 54.820474045141282 ], [ 9.739891678158642, 54.82047374386832 ], [ 9.740066089078994, 54.820463912479852 ], [ 9.740071887008071, 54.820463553650256 ], [ 9.740245361734253, 54.820453779818195 ], [ 9.740252095857727, 54.82045336253276 ], [ 9.740424634389456, 54.820443647156708 ], [ 9.740432304707326, 54.820443172314697 ], [ 9.740603907044829, 54.820433514495278 ], [ 9.740612513556755, 54.820432982096577 ], [ 9.740783179700202, 54.820423381833791 ], [ 9.740792722406411, 54.820422791878514 ], [ 9.740962453254781, 54.820413249172304 ], [ 9.74097293125601, 54.820412600761074 ], [ 9.741141725910154, 54.820403115611498 ], [ 9.741153140105439, 54.820402410542954 ], [ 9.741320998565413, 54.820392982950011 ], [ 9.741333348955095, 54.820392220324891 ], [ 9.741500271220787, 54.820382850288581 ], [ 9.741513557804694, 54.820382030106771 ], [ 9.741679543875989, 54.820372716727718 ], [ 9.741693766654123, 54.820371839888708 ], [ 9.741858816531362, 54.820362584066288 ], [ 9.741873975503779, 54.820361649670588 ], [ 9.742038090085941, 54.820352450505425 ], [ 9.742054184353208, 54.820351459452525 ], [ 9.742217362741314, 54.820342317843938 ], [ 9.742234393202807, 54.820341269234405 ], [ 9.742396635396574, 54.820332184282961 ], [ 9.742414602052463, 54.820331079016341 ], [ 9.742575908051947, 54.820322051621474 ], [ 9.742594810901892, 54.820320888798221 ], [ 9.74275518070715, 54.820311918060668 ], [ 9.742775019751491, 54.820310698580158 ], [ 9.742934454261899, 54.820301784499975 ], [ 9.742955229500296, 54.820300508361868 ], [ 9.743113726917102, 54.820291651838545 ], [ 9.743135438349952, 54.820290319043124 ], [ 9.743292999572475, 54.820281518277682 ], [ 9.743315647199552, 54.820280128825061 ], [ 9.743472272227734, 54.820271384716875 ], [ 9.74349585604898, 54.820269938606941 ], [ 9.743651544883107, 54.820261252055388 ], [ 9.743676064898636, 54.820259749288255 ], [ 9.743830818437687, 54.820251118494582 ], [ 9.743856273748236, 54.820249559070135 ], [ 9.744036505080885, 54.820239512743512 ], [ 9.744216891996018, 54.820230450275233 ], [ 9.74439743359477, 54.820222372564672 ], [ 9.744578129876913, 54.820215279611602 ], [ 9.744758980842391, 54.820209170517046 ], [ 9.744939986491431, 54.820204046179981 ], [ 9.745121147722898, 54.820199906600635 ], [ 9.74530246363787, 54.820196750879632 ], [ 9.74548393513561, 54.820194579916119 ], [ 9.745665560417365, 54.82019339281095 ], [ 9.745847341282001, 54.820193191362819 ], [ 9.746029276829745, 54.82019397287371 ], [ 9.746211367061164, 54.82019574004164 ], [ 9.746393612875124, 54.820198491067686 ], [ 9.746576013372533, 54.820202225952073 ], [ 9.746758568553275, 54.820206946493556 ], [ 9.74694127841741, 54.820212650893382 ], [ 9.747124143864255, 54.820219339151322 ], [ 9.747307163994492, 54.820227012167152 ], [ 9.747452002507941, 54.820233857806386 ], [ 9.747490307331987, 54.820235471190131 ], [ 9.74762940007696, 54.820242067717345 ], [ 9.747673450669311, 54.820243930213451 ], [ 9.747806796746374, 54.820250276728984 ], [ 9.747825964008655, 54.820251090344982 ], [ 9.747856594906125, 54.820252390135863 ], [ 9.747984194315222, 54.820258483941984 ], [ 9.748039739142769, 54.820260851856915 ], [ 9.74816159278339, 54.820266691155041 ], [ 9.748222883379469, 54.8202693144774 ], [ 9.748338990352181, 54.820274896569344 ], [ 9.748406027616284, 54.820277777097886 ], [ 9.748516388820406, 54.820283101983819 ], [ 9.748589171852984, 54.820286241517067 ], [ 9.748693787288573, 54.820291305599426 ], [ 9.748772316989005, 54.820294706835512 ], [ 9.748871185756741, 54.82029950831577 ], [ 9.748955461225648, 54.820303173053105 ], [ 9.749048585124285, 54.820307710132965 ], [ 9.749138606361726, 54.820311640170246 ], [ 9.749225984491829, 54.820315911949933 ], [ 9.749321751497746, 54.820320108186536 ], [ 9.749403383859203, 54.820324111968375 ], [ 9.749504896633766, 54.820328577102259 ], [ 9.749580783226804, 54.820332311087498 ], [ 9.749688041769957, 54.820337047816679 ], [ 9.749758183493498, 54.820340509307186 ], [ 9.749871187805184, 54.820345518530985 ], [ 9.749935583760418, 54.820348706627669 ], [ 9.750054332941261, 54.820353990144781 ], [ 9.750112984027169, 54.820356903048832 ], [ 9.750237478976658, 54.820362462657613 ], [ 9.750290384293919, 54.820365098570619 ], [ 9.750420625012055, 54.820370936969368 ], [ 9.750467785460046, 54.8203732931932 ], [ 9.750603771047281, 54.820379411280896 ], [ 9.750645186626173, 54.820381486916233 ], [ 9.750786917982055, 54.820387886491858 ], [ 9.750822587792243, 54.820389680639437 ], [ 9.750970064017451, 54.820396363501516 ], [ 9.75099998895854, 54.820397872563888 ], [ 9.751153210952054, 54.820404840511173 ], [ 9.751336481993235, 54.820414110722822 ], [ 9.751519901422398, 54.820424323423879 ], [ 9.751703469239885, 54.820435479514003 ], [ 9.751887186344675, 54.820447577194159 ], [ 9.752071050938468, 54.820460618263041 ], [ 9.752255063920188, 54.820474601821502 ], [ 9.752439225290118, 54.820489526970277 ], [ 9.752623535048315, 54.820505395507894 ], [ 9.752807992295118, 54.820522206534747 ], [ 9.752992598829451, 54.820539960051292 ], [ 9.753157394198411, 54.820556636180015 ], [ 9.753177337564125, 54.820558554433831 ], [ 9.753341551071856, 54.820575173905354 ], [ 9.753362076299027, 54.820577149715973 ], [ 9.753525707045867, 54.820593712530012 ], [ 9.753546815033587, 54.820595744098512 ], [ 9.753709863019878, 54.820612250255294 ], [ 9.753731553768432, 54.820614338481107 ], [ 9.753894019893266, 54.82063078888001 ], [ 9.753916292502993, 54.820632933763022 ], [ 9.754078175867278, 54.820649326605292 ], [ 9.754101031237724, 54.820651528145788 ], [ 9.754262331841346, 54.82066786433063 ], [ 9.754285769972398, 54.820670123427703 ], [ 9.754446487815358, 54.820686402955289 ], [ 9.754470508707129, 54.820688717810299 ], [ 9.754630644688746, 54.820704940680628 ], [ 9.754655247441804, 54.820707313092214 ], [ 9.754814800662757, 54.82072347840591 ], [ 9.754839986176535, 54.820725907474753 ], [ 9.754998956636598, 54.820742017030625 ], [ 9.755024724911266, 54.820744502756725 ], [ 9.755183113510043, 54.820760554755907 ], [ 9.75520946364594, 54.820763097139434 ], [ 9.755367269484054, 54.820779092481416 ], [ 9.755394202380671, 54.820781692421406 ], [ 9.755551425458066, 54.820797631105904 ], [ 9.755578941115402, 54.820800286803944 ], [ 9.755735582331454, 54.820816168831414 ], [ 9.755763679850077, 54.820818882085916 ], [ 9.755919738305465, 54.820834706556695 ], [ 9.755948418584808, 54.820837477367832 ], [ 9.756103894279534, 54.820853244282034 ], [ 9.756133157319482, 54.820856071750597 ], [ 9.756288051152751, 54.820871782906693 ], [ 9.756317896054213, 54.820874667032342 ], [ 9.756472207126762, 54.820890320631975 ], [ 9.756502634788944, 54.820893261415108 ], [ 9.756656363100774, 54.820908858357313 ], [ 9.756687373523619, 54.820911856697023 ], [ 9.756840519974162, 54.820927396082595 ], [ 9.75687211225835, 54.820930451978938 ], [ 9.75702467594823, 54.820945933807934 ], [ 9.757056850993081, 54.820949046361534 ], [ 9.757208831922242, 54.820964471533443 ], [ 9.757241589727755, 54.820967641643449 ], [ 9.75739298879563, 54.820983010157931 ], [ 9.757426328462486, 54.820986236925592 ], [ 9.757577144769641, 54.821001547883213 ], [ 9.757611067197161, 54.821004832207336 ], [ 9.757761300743653, 54.821020085608552 ], [ 9.757795805931892, 54.821023426590102 ], [ 9.75794545761687, 54.821038623334005 ], [ 9.757980544666623, 54.821042021872017 ], [ 9.758129613590938, 54.821057161059343 ], [ 9.758165283401297, 54.821060617153933 ], [ 9.758313770464326, 54.821075698784625 ], [ 9.758350022136028, 54.821079212435905 ], [ 9.758497926438338, 54.821094236509964 ], [ 9.758534760870759, 54.821097806818443 ], [ 9.758682082412349, 54.821112774235246 ], [ 9.758719499605434, 54.821116402100586 ], [ 9.758866239285737, 54.821131311960585 ], [ 9.758904238340165, 54.82113499738233 ], [ 9.75908900585307, 54.821153773428136 ], [ 9.759273910063087, 54.821173420017544 ], [ 9.759458950969929, 54.821193936251404 ], [ 9.759644128573882, 54.821215323028923 ], [ 9.759829443774038, 54.821237579450838 ], [ 9.760014895671077, 54.821260706416638 ], [ 9.76020048426517, 54.82128470392604 ], [ 9.760386210455465, 54.821309571080064 ], [ 9.760572073342701, 54.821335308777691 ], [ 9.760758072926819, 54.821361917019033 ], [ 9.760944209208105, 54.82138939490477 ], [ 9.761130483085481, 54.821417743334337 ], [ 9.761316893659796, 54.821446961408299 ], [ 9.761503440931278, 54.821477050025976 ], [ 9.76169012579885, 54.821508009187426 ], [ 9.761876946464099, 54.821539837993328 ], [ 9.762063904725551, 54.821572537342831 ], [ 9.762251000583319, 54.821606106336844 ], [ 9.762438232238765, 54.821640545874629 ], [ 9.762625601490413, 54.821675855956073 ], [ 9.762813107439115, 54.82171203568214 ], [ 9.763000750084757, 54.821749085951808 ], [ 9.763188530326602, 54.821787006765192 ], [ 9.763376447265273, 54.821825797222971 ], [ 9.763564500901225, 54.821865458224522 ], [ 9.763752692133266, 54.821905988870412 ], [ 9.763941019162814, 54.821947390060245 ], [ 9.764129483788736, 54.821989661793566 ], [ 9.773444076083365, 54.824120323894022 ], [ 9.773677122801132, 54.824174471175183 ], [ 9.773910683931035, 54.824229574435435 ], [ 9.774144758573868, 54.824285634574551 ], [ 9.774379348528271, 54.824342651592303 ], [ 9.774614452894866, 54.824400624589373 ], [ 9.774850071673711, 54.824459554465136 ], [ 9.775086204864579, 54.824519440320159 ], [ 9.775322851568433, 54.824580283953026 ], [ 9.77556001358397, 54.824642082666173 ], [ 9.775797690011473, 54.824704839157221 ], [ 9.776035880851339, 54.824768551627528 ], [ 9.776274586103511, 54.824833220976529 ], [ 9.776513805767706, 54.824898846305018 ], [ 9.776753538944831, 54.824965428511916 ], [ 9.776993787433469, 54.825032966698188 ], [ 9.77723455033447, 54.825101462662474 ], [ 9.777475827647436, 54.82517091460619 ], [ 9.777717619372766, 54.82524132252928 ], [ 9.777841379576103, 54.825277772950983 ], [ 9.777863904895469, 54.825280843236499 ], [ 9.777948888130879, 54.825292163902532 ], [ 9.778083977993333, 54.825310578420613 ], [ 9.778168793954876, 54.825321876603425 ], [ 9.778304050191878, 54.825340312705521 ], [ 9.778388700678136, 54.825351589304546 ], [ 9.778524122390536, 54.825370046990201 ], [ 9.778608606502189, 54.82538130200561 ], [ 9.778690861194491, 54.825392512954238 ], [ 9.778733812815403, 54.825410661273168 ], [ 9.778768715503929, 54.825425284249604 ], [ 9.778910953178013, 54.825485384143406 ], [ 9.778945978174477, 54.825500059280557 ], [ 9.77908809354085, 54.825560107013416 ], [ 9.779123240844967, 54.82557483431134 ], [ 9.779265233903516, 54.825634829883597 ], [ 9.779300503515628, 54.825649608442802 ], [ 9.779442374266353, 54.825709552753835 ], [ 9.779477767085496, 54.825724383473755 ], [ 9.779619514629132, 54.825784275624017 ], [ 9.779655029755986, 54.825799157605161 ], [ 9.779796654991799, 54.825858999393404 ], [ 9.779832292426477, 54.825873932636114 ], [ 9.779973795354465, 54.825933722263585 ], [ 9.780009555996344, 54.825948707666953 ], [ 9.780150935717245, 54.826008445133823 ], [ 9.780186818666834, 54.826023481798359 ], [ 9.780328075180705, 54.826083168004004 ], [ 9.780364081337325, 54.826098256829312 ], [ 9.780505215543371, 54.826157890874242 ], [ 9.780541344008043, 54.826173031860094 ], [ 9.780682355906208, 54.826232613744253 ], [ 9.78071860757791, 54.826247805991727 ], [ 9.780859496268818, 54.826307336614434 ], [ 9.780895870248401, 54.826322581022509 ], [ 9.781036636631654, 54.826382060383992 ], [ 9.781073132918891, 54.826397356053292 ], [ 9.781213776994321, 54.826456783254059 ], [ 9.781250395589382, 54.826472130184868 ], [ 9.781390917357101, 54.82653150612424 ], [ 9.781427659159249, 54.82654690521565 ], [ 9.781568057719767, 54.826606228994422 ], [ 9.78160492182991, 54.826621679347284 ], [ 9.781745198082604, 54.82668095186466 ], [ 9.7817821845004, 54.826696454378066 ], [ 9.781922338445384, 54.826755674734841 ], [ 9.781959448070268, 54.826771229408848 ], [ 9.781973647466089, 54.826777229685547 ], [ 9.782091902019772, 54.826838336820003 ], [ 9.782115554189602, 54.826850473170964 ], [ 9.782258356638067, 54.826924258048223 ], [ 9.782279479914166, 54.826935095778197 ], [ 9.782424810356929, 54.827010179276556 ], [ 9.782443405638901, 54.827019718385429 ], [ 9.782591264975053, 54.827096099605569 ], [ 9.782607054661753, 54.827104199509648 ], [ 9.782607330463975, 54.827104340992605 ], [ 9.782610608637155, 54.827106034263224 ], [ 9.782757718693915, 54.827182020833732 ], [ 9.782771256188596, 54.827188963599895 ], [ 9.78292417331204, 54.827267941162688 ], [ 9.782935181913331, 54.827273587106504 ], [ 9.783090627930278, 54.827353861491702 ], [ 9.783099106738518, 54.827358209713736 ], [ 9.783247073209745, 54.827434613416436 ], [ 9.783257082548403, 54.827439781820658 ], [ 9.783257380657679, 54.827439934705296 ], [ 9.783263032463083, 54.827442833220346 ], [ 9.783423537166641, 54.827525702149671 ], [ 9.783426958187817, 54.827527455827578 ], [ 9.783579726054054, 54.827606322760019 ], [ 9.783589991784936, 54.827611622478628 ], [ 9.783590014267872, 54.827611634003688 ], [ 9.783590883013005, 54.827612079334187 ], [ 9.783754809636889, 54.827696697444935 ], [ 9.78391863373804, 54.827781843457444 ], [ 9.784082356215947, 54.827867515573644 ], [ 9.784245976171007, 54.827953715591605 ], [ 9.784403002519223, 54.828036999793234 ], [ 9.784409495402087, 54.828040443511895 ], [ 9.784416727762844, 54.828044305188946 ], [ 9.784572911211114, 54.828127698434685 ], [ 9.784736226295934, 54.82821548036037 ], [ 9.784899437958813, 54.828303789288555 ], [ 9.785062548897599, 54.828392626118898 ], [ 9.78519688384754, 54.828466270697056 ], [ 9.785225557313822, 54.828481989952024 ], [ 9.785256142188475, 54.828498866642086 ], [ 9.785388464106575, 54.828571881687139 ], [ 9.785551268376537, 54.828662300425094 ], [ 9.785713971023085, 54.828753246165604 ], [ 9.801121817041896, 54.837421148746593 ], [ 9.805529114077501, 54.839900536280936 ], [ 9.805569099585593, 54.839923111061204 ], [ 9.805703911706303, 54.839999222486256 ], [ 9.805878844233405, 54.840098334071001 ], [ 9.81112286033192, 54.843079949979824 ], [ 9.820102091814533, 54.839321056714937 ], [ 9.825022417650587, 54.837261305764855 ], [ 9.82518607447787, 54.837192479749376 ], [ 9.82534969713106, 54.837123352460935 ], [ 9.825513284710439, 54.837053924798965 ], [ 9.825676837216406, 54.836984194964771 ], [ 9.825840356447429, 54.83691416475699 ], [ 9.826003840604869, 54.836843833276475 ], [ 9.829218702880951, 54.835454565076247 ], [ 9.82939442051628, 54.835378980655548 ], [ 9.829570374673267, 54.83530364444772 ], [ 9.829746564452478, 54.835228556452876 ], [ 9.82992299075363, 54.835153715771469 ], [ 9.830099653576326, 54.835079123303103 ], [ 9.83027655202136, 54.835004779047551 ], [ 9.830453686988108, 54.834930683004814 ], [ 9.830631058476627, 54.834856835174946 ], [ 9.83080866558754, 54.834783234658687 ], [ 9.830986509220168, 54.834709883254618 ], [ 9.831164588475133, 54.834636779164157 ], [ 9.831342905151075, 54.834563923286566 ], [ 9.831521457449526, 54.834491314722641 ], [ 9.831700245370143, 54.834418955270678 ], [ 9.831879269812532, 54.83434684313255 ], [ 9.832058530776635, 54.834274979207066 ], [ 9.833935977063788, 54.833525914089762 ], [ 9.842021887700128, 54.826141306476359 ], [ 9.842158284277559, 54.826016344778679 ], [ 9.84229453786287, 54.825891118680374 ], [ 9.842430648455888, 54.825765629080706 ], [ 9.842566616056615, 54.825639874181036 ], [ 9.842702441564597, 54.825513854880626 ], [ 9.842838124080345, 54.825387572078967 ], [ 9.842973663603914, 54.825261023977191 ], [ 9.843109060135248, 54.825134211474847 ], [ 9.84324431367429, 54.825007134571706 ], [ 9.843379425120588, 54.824879793267996 ], [ 9.843514393574594, 54.82475218756349 ], [ 9.843649219036308, 54.824624317458415 ], [ 9.843783902405335, 54.824496182053338 ], [ 9.843918442782012, 54.824367783146897 ], [ 9.844052840166626, 54.824239119839717 ], [ 9.844187094558947, 54.824110191232535 ], [ 9.844321205958977, 54.823980999123989 ], [ 9.844455175266262, 54.823851542614818 ], [ 9.844589001581255, 54.823721820805531 ], [ 9.844722684904184, 54.823591835494994 ], [ 9.844856225234764, 54.823461584884342 ], [ 9.844989623472486, 54.82333106987312 ], [ 9.845018111297009, 54.823303111749453 ], [ 9.845097918933959, 54.82324676922326 ], [ 9.845134192189278, 54.823221245564184 ], [ 9.84517248352347, 54.82319421284285 ], [ 9.845276226616704, 54.823131472539615 ], [ 9.84528630711759, 54.823125397619151 ], [ 9.845430052055349, 54.823038466452317 ], [ 9.845440000355836, 54.82303247157148 ], [ 9.845583877494107, 54.822945460364906 ], [ 9.845593692694877, 54.822939545523809 ], [ 9.845737702932752, 54.822852454277438 ], [ 9.845747385933237, 54.822846619476138 ], [ 9.84589152837151, 54.822759448190141 ], [ 9.845901078272277, 54.822753693428353 ], [ 9.846045353810098, 54.8226664421029 ], [ 9.846054771510694, 54.822660767380683 ], [ 9.846199179248913, 54.822573436015432 ], [ 9.846208463849734, 54.822567841333012 ], [ 9.846353004687501, 54.822480429928135 ], [ 9.846362157087981, 54.822474915285341 ], [ 9.846506830126316, 54.822387423840667 ], [ 9.846515849426964, 54.822381989237499 ], [ 9.846660655564904, 54.822294418652803 ], [ 9.846669542665381, 54.822289063189885 ], [ 9.846814481003719, 54.822201412565335 ], [ 9.846823235004422, 54.822196137142214 ], [ 9.846968306442307, 54.822108406477867 ], [ 9.846976928242839, 54.822103210195166 ], [ 9.847122131881122, 54.822015400390626 ], [ 9.847130620581879, 54.822010284147552 ], [ 9.84727595731971, 54.821922394303158 ], [ 9.847284313820239, 54.821917358099711 ], [ 9.847429782758468, 54.82182938821586 ], [ 9.84743800615928, 54.82182443205204 ], [ 9.847583608197112, 54.82173638212862 ], [ 9.847591699397526, 54.821731506004369 ], [ 9.847737433635871, 54.821643376041152 ], [ 9.847745391736566, 54.821638579956698 ], [ 9.847891259074515, 54.821550369953854 ], [ 9.847899084974983, 54.821545653909084 ], [ 9.848045084513274, 54.821457363866386 ], [ 9.848052777313967, 54.821452727861242 ], [ 9.848198909951918, 54.821364357778975 ], [ 9.848206470552384, 54.821359801813571 ], [ 9.848352735390506, 54.821271351691678 ], [ 9.848360162891424, 54.8212668757659 ], [ 9.848506560829264, 54.82117834560438 ], [ 9.848513856129671, 54.821173949718286 ], [ 9.848660386267909, 54.821085339516969 ], [ 9.848667548468711, 54.821081023670445 ], [ 9.848814211706667, 54.820992333429672 ], [ 9.848821241707071, 54.820988097622774 ], [ 9.848968038044688, 54.820899327342204 ], [ 9.848974934046112, 54.820895171575103 ], [ 9.849121863483447, 54.820806321254963 ], [ 9.849128627284529, 54.820802245527432 ], [ 9.849275688922035, 54.820713315167495 ], [ 9.849282319623569, 54.820709319479818 ], [ 9.849429514360679, 54.820620309080198 ], [ 9.849436012861759, 54.820616393431976 ], [ 9.849583339799437, 54.820527302992787 ], [ 9.84958970520097, 54.820523466484929 ], [ 9.849737165238082, 54.820434296905489 ], [ 9.849743398439216, 54.820430540437258 ], [ 9.84989099067684, 54.820341290818021 ], [ 9.849897090778256, 54.820337614389643 ], [ 9.850044816115485, 54.820248284730781 ], [ 9.850050784016673, 54.820244688341802 ], [ 9.850198641554243, 54.820155278643313 ], [ 9.850204476355714, 54.820151762294131 ], [ 9.850352466992831, 54.820062272556015 ], [ 9.850358169594074, 54.82005883624646 ], [ 9.850506292431646, 54.819969266468775 ], [ 9.850511861933114, 54.819965910198846 ], [ 9.850660117870234, 54.819876260381307 ], [ 9.850665555171361, 54.819872984151004 ], [ 9.850813943309049, 54.819783255193215 ], [ 9.850819247510401, 54.819780058103333 ], [ 9.850967768747637, 54.819690249105918 ], [ 9.850972940748761, 54.819687132055662 ], [ 9.851121594186452, 54.819597243018507 ], [ 9.851126633087802, 54.819594206007991 ], [ 9.85127541962504, 54.819504236931209 ], [ 9.851280326326219, 54.819501279960377 ], [ 9.851429245063855, 54.819411230843741 ], [ 9.851434018665259, 54.819408353912536 ], [ 9.851583070502443, 54.819318224756501 ], [ 9.851587711903505, 54.819315427864865 ], [ 9.851736895941201, 54.819225218669033 ], [ 9.851741404242489, 54.819222501817194 ], [ 9.851890721379846, 54.819132212581735 ], [ 9.851895097480906, 54.81912957576958 ], [ 9.852044546818604, 54.819039206494267 ], [ 9.852048789819946, 54.819036649721738 ], [ 9.852198372257249, 54.818946200407026 ], [ 9.852202483058363, 54.818943722774691 ], [ 9.852352197696007, 54.818853194319558 ], [ 9.852356175397404, 54.81885079672702 ], [ 9.852506023134652, 54.818760188232261 ], [ 9.852509868635764, 54.818757870679406 ], [ 9.852543160638561, 54.81873774025479 ], [ 9.852562245151717, 54.818743438359149 ], [ 9.852733744966599, 54.81879493353955 ], [ 9.852805379564757, 54.818816322115765 ], [ 9.852976978305151, 54.818867846973774 ], [ 9.853048514877173, 54.818889205872438 ], [ 9.853220211643645, 54.818940760407997 ], [ 9.853291649290384, 54.818962089628883 ], [ 9.853463444982197, 54.819013673842221 ], [ 9.8535347846028, 54.819034973385499 ], [ 9.853706678320748, 54.819086587276274 ], [ 9.85377791901584, 54.819107857142114 ], [ 9.853949911659299, 54.819159500710498 ], [ 9.854021054328257, 54.81918074089856 ], [ 9.854193144997794, 54.819232413245516 ], [ 9.854264189640674, 54.819253624655232 ], [ 9.854436377436969, 54.819305326679569 ], [ 9.854507324053941, 54.819326508411848 ], [ 9.85467961077552, 54.819378240113792 ], [ 9.854750459366358, 54.819399392168464 ], [ 9.854922844114071, 54.819451153548016 ], [ 9.854993593779568, 54.819472275924909 ], [ 9.855166077452623, 54.81952406698224 ], [ 9.855236729091985, 54.819545159681525 ], [ 9.855409310791288, 54.819596980416463 ], [ 9.855479863505025, 54.819618043438197 ], [ 9.855652544129839, 54.819669893850687 ], [ 9.855722998817441, 54.819690927194642 ], [ 9.85589577746839, 54.819742807284911 ], [ 9.855966134130028, 54.819763810951258 ], [ 9.856139010806942, 54.819815720719134 ], [ 9.856209268543068, 54.819836693808497 ], [ 9.856382244145436, 54.819888634153358 ], [ 9.856452403855485, 54.81990957756517 ], [ 9.856625477483988, 54.819961547587582 ], [ 9.856695538268525, 54.819982461321786 ], [ 9.856868710822539, 54.820034461021805 ], [ 9.856938673580942, 54.820055345078231 ], [ 9.85711194416109, 54.820107374455858 ], [ 9.857181807994209, 54.820128228834847 ], [ 9.857355176600265, 54.820180287890082 ], [ 9.857424943306626, 54.820201112591519 ], [ 9.85759840993876, 54.820253201324306 ], [ 9.857668078619042, 54.820273996347964 ], [ 9.857841643277311, 54.820326114758529 ], [ 9.857911213032253, 54.82034688010458 ], [ 9.858084876615862, 54.820399028192753 ], [ 9.858154348344669, 54.820419763861196 ], [ 9.858328109954414, 54.820471941626977 ], [ 9.858397482757709, 54.820492647617812 ], [ 9.858571343293079, 54.8205448550612 ], [ 9.858640618070297, 54.820565531374314 ], [ 9.85881457663163, 54.820617768495424 ], [ 9.858883753382713, 54.820638415130929 ], [ 9.859057809970182, 54.820690681030271 ], [ 9.859126887795753, 54.820711298887545 ], [ 9.859301043308733, 54.820763594464495 ], [ 9.85937002310817, 54.820784182644161 ], [ 9.859544276647227, 54.820836507898719 ], [ 9.859613157521437, 54.820857066400606 ], [ 9.859787509985779, 54.820909421332942 ], [ 9.859856292833854, 54.820929949257902 ], [ 9.86003074332433, 54.820982334767166 ], [ 9.860099427246894, 54.821002833014518 ], [ 9.860273976662882, 54.82105524820139 ], [ 9.86034256255931, 54.821075716771134 ], [ 9.860517209102056, 54.821128161635443 ], [ 9.860585697871898, 54.821148600527579 ], [ 9.860760442440551, 54.821201075069666 ], [ 9.860828832284938, 54.821221484284251 ], [ 9.861003675779102, 54.82127398850389 ], [ 9.861071967597354, 54.821294368040867 ], [ 9.861246909117654, 54.821346901938114 ], [ 9.861315102010565, 54.821367251797483 ], [ 9.861490142456205, 54.821419815372337 ], [ 9.861733163554732, 54.821492334903496 ], [ 9.861975887877122, 54.821564306747462 ], [ 9.862218318120995, 54.821635732703101 ], [ 9.862460452487994, 54.821706610072113 ], [ 9.862702290978177, 54.821776941552855 ], [ 9.862943835389842, 54.821846725346347 ], [ 9.863185083025257, 54.821915962352023 ], [ 9.863426035683233, 54.821984651670562 ], [ 9.863666693363314, 54.82205279510066 ], [ 9.863907055166692, 54.822120389944189 ], [ 9.864147121992289, 54.822187438899391 ], [ 9.864386893840162, 54.822253940167343 ], [ 9.864626368911956, 54.822319894647592 ], [ 9.864865549905346, 54.822385301440647 ], [ 9.865104435021863, 54.822450161446 ], [ 9.865343024261222, 54.822514474663365 ], [ 9.865581319422461, 54.82257824019382 ], [ 9.865819317807336, 54.822641459835609 ], [ 9.866057021214715, 54.822704130891168 ], [ 9.86629442964437, 54.822766256058003 ], [ 9.866531542197038, 54.822827833537872 ], [ 9.866768359772209, 54.82288886422981 ], [ 9.867004882369599, 54.822949347234726 ], [ 9.86724110819074, 54.823009283451768 ], [ 9.867477039933533, 54.823068672881163 ], [ 9.86771267579951, 54.823127514623309 ], [ 9.890754026077616, 54.828834972056541 ], [ 9.890815067561448, 54.82885024794075 ], [ 9.890925694965063, 54.828877639491623 ], [ 9.890953522687028, 54.828884600244351 ], [ 9.890993688208255, 54.828894647470122 ], [ 9.891097363852339, 54.828920306926761 ], [ 9.891172309754438, 54.828939046999722 ], [ 9.891350933998524, 54.828983236987028 ], [ 9.891529563638699, 54.82902695393102 ], [ 9.891708198674507, 54.82907019873079 ], [ 9.891886840005782, 54.829112970487415 ], [ 9.892065486733031, 54.829155269200555 ], [ 9.892244138856029, 54.829197094870267 ], [ 9.892422797274378, 54.829238448395813 ], [ 9.892601461088759, 54.829279328878101 ], [ 9.892780131198265, 54.829319736316904 ], [ 9.892958806703746, 54.829359670712449 ], [ 9.893137487605088, 54.829399132064509 ], [ 9.893316174801726, 54.82943812127246 ], [ 9.893494867394338, 54.829476637437097 ], [ 9.893673565382812, 54.829514680558304 ], [ 9.893852269666752, 54.829552250636027 ], [ 9.894030980245702, 54.829589348569812 ], [ 9.894209695321308, 54.829625973460111 ], [ 9.894388416692209, 54.829662125306982 ], [ 9.894567144358462, 54.829697804110538 ], [ 9.894745876521199, 54.829733010769985 ], [ 9.894924615878551, 54.829767744386174 ], [ 9.895103359732445, 54.829802004958651 ], [ 9.895282109881691, 54.829835792488041 ], [ 9.895460865426799, 54.829869107873151 ], [ 9.895639627267144, 54.829901949315627 ], [ 9.895818394503522, 54.829934318614164 ], [ 9.895997168034967, 54.829966215768422 ], [ 9.896175946962501, 54.829997638979989 ], [ 9.89635473128601, 54.830028590047505 ], [ 9.896533521005381, 54.830059068071705 ], [ 9.89671231701999, 54.83008907305242 ], [ 9.896891119329837, 54.830118604989821 ], [ 9.897069927035716, 54.830147664782999 ], [ 9.897248740137456, 54.830176251533032 ], [ 9.897427558635115, 54.83020436523941 ], [ 9.897606383427956, 54.830232005902474 ], [ 9.897732007492152, 54.830251091210926 ], [ 9.897785213616828, 54.830259174421485 ], [ 9.897964050100938, 54.830285868997805 ], [ 9.898142891981081, 54.830312091430017 ], [ 9.898321740156291, 54.830337841718176 ], [ 9.898500592828327, 54.830363118063644 ], [ 9.898679452694807, 54.830387922265004 ], [ 9.898858317057773, 54.830412253422878 ], [ 9.899037187716146, 54.830436111537438 ], [ 9.899216064669758, 54.830459496608569 ], [ 9.899394946120026, 54.830482409535762 ], [ 9.899573833865531, 54.830504849419356 ], [ 9.899752727906275, 54.830526816259749 ], [ 9.89993162734288, 54.830548310056713 ], [ 9.900110532175518, 54.830569331709398 ], [ 9.900289443303336, 54.830589880318826 ], [ 9.900468359827073, 54.830609955884938 ], [ 9.900647281746842, 54.830629558407566 ], [ 9.900826209961849, 54.830648687886878 ], [ 9.901005143572718, 54.830667345221912 ], [ 9.901135688261547, 54.830680612020785 ], [ 9.901255784626926, 54.8306644790826 ], [ 9.901441386710871, 54.830639054348978 ], [ 9.901626763064769, 54.830613168263199 ], [ 9.90181191278964, 54.830586820825374 ], [ 9.90199683588537, 54.830560011135788 ], [ 9.902181533251394, 54.830532740093986 ], [ 9.902366004887369, 54.830505007700197 ], [ 9.902550249894205, 54.830476813954022 ], [ 9.902734269171333, 54.830448157956255 ], [ 9.902918061819264, 54.8304190406065 ], [ 9.903101628737375, 54.830389461004984 ], [ 9.903284969026288, 54.830359420051423 ], [ 9.903468083585381, 54.830328917745476 ], [ 9.903650972414596, 54.830297954087541 ], [ 9.903833634614614, 54.830266528177845 ], [ 9.904016070185662, 54.830234640916103 ], [ 9.904198280026833, 54.830202291402827 ], [ 9.904380264138126, 54.830169481436542 ], [ 9.904562021620109, 54.830136209218836 ], [ 9.904743552473008, 54.830102474749594 ], [ 9.904924857596313, 54.830068278928138 ], [ 9.905105936989571, 54.830033621754467 ], [ 9.905286789753632, 54.82999850322858 ], [ 9.905467416787985, 54.829962922451159 ], [ 9.905647817193199, 54.829926880321523 ], [ 9.905827991868534, 54.829890376839671 ], [ 9.906007940813879, 54.829853411106285 ], [ 9.906187663130197, 54.829815984020684 ], [ 9.906367158817488, 54.829778095582867 ], [ 9.906546428774789, 54.829739744893459 ], [ 9.906725473002211, 54.829700932851893 ], [ 9.906904290600664, 54.829661659458111 ], [ 9.907082881569863, 54.829621924712285 ], [ 9.907261246809242, 54.829581727714753 ], [ 9.907439386318799, 54.82954106846563 ], [ 9.907617299199103, 54.829499948763839 ], [ 9.913053084032754, 54.828227879313374 ], [ 9.913227682012007, 54.828186498808122 ], [ 9.913402136099819, 54.82814462907146 ], [ 9.913576445396757, 54.828102271003104 ], [ 9.913750609902877, 54.828059425502261 ], [ 9.913924629618123, 54.828016090770234 ], [ 9.914098504542551, 54.827972268605492 ], [ 9.914272235575311, 54.827927958108887 ], [ 9.914445820918047, 54.827883159280589 ], [ 9.914619261469909, 54.827837872120256 ], [ 9.914792557230953, 54.827792096628059 ], [ 9.914965708200953, 54.827745833703375 ], [ 9.915138714380305, 54.827699081547621 ], [ 9.915311576668159, 54.827651841959209 ], [ 9.915484293265649, 54.827604114038934 ], [ 9.915656865072435, 54.827555896887418 ], [ 9.915829292987723, 54.827507193202564 ], [ 9.916001575212704, 54.827458000286697 ], [ 9.916173713546129, 54.827408319038796 ], [ 9.916345706189531, 54.827358149459201 ], [ 9.916517554042116, 54.827307492447062 ], [ 9.916689258003032, 54.827256346203569 ], [ 9.916807663642999, 54.827220709668268 ], [ 9.916860861239911, 54.827204863613815 ], [ 9.916978825312697, 54.827169359278741 ], [ 9.91703246537611, 54.827153380124514 ], [ 9.917149986982452, 54.827118007989782 ], [ 9.917204068612989, 54.827101897534817 ], [ 9.91732114865215, 54.827066656701049 ], [ 9.917375671849868, 54.827050414045516 ], [ 9.917492310322075, 54.827015306311523 ], [ 9.917547275086918, 54.826998931455762 ], [ 9.91766347199183, 54.82696395502262 ], [ 9.917718879223116, 54.826947447966461 ], [ 9.917834633661528, 54.826912604633094 ], [ 9.917890482459995, 54.826895965376707 ], [ 9.918005795331283, 54.826861253344362 ], [ 9.918062085696874, 54.826844481887576 ], [ 9.918176957001151, 54.826809902055459 ], [ 9.91823368983313, 54.826792999297652 ], [ 9.918348118670906, 54.826758551666103 ], [ 9.918405293069952, 54.826741515808578 ], [ 9.918519280340604, 54.826707200377143 ], [ 9.918576896306831, 54.826690033218654 ], [ 9.918690442010529, 54.826655849088411 ], [ 9.91874849954371, 54.826638549729523 ], [ 9.918861603680227, 54.826604498698885 ], [ 9.918920103679909, 54.826587067139599 ], [ 9.919032765349982, 54.826553147409982 ], [ 9.919091706916959, 54.826535583650468 ], [ 9.919203927019851, 54.826501796121079 ], [ 9.919263310153838, 54.826484101060544 ], [ 9.919375088689605, 54.826450445731723 ], [ 9.919434914290093, 54.826432617571413 ], [ 9.919546250359303, 54.82639909444282 ], [ 9.919606517526915, 54.826381134981489 ], [ 9.919717412029058, 54.826347744053237 ], [ 9.919778120763795, 54.826329651492415 ], [ 9.919888573698756, 54.826296392764505 ], [ 9.919949724000674, 54.826278168902661 ], [ 9.920059735368682, 54.826245041475602 ], [ 9.920121328136929, 54.82622668541336 ], [ 9.920230897038437, 54.826193691086075 ], [ 9.920292931373922, 54.826175201924229 ], [ 9.920402058708135, 54.826142339797343 ], [ 9.920464534610801, 54.826123719334305 ], [ 9.92057322037806, 54.826090989407817 ], [ 9.92063613784768, 54.826072235845174 ], [ 9.920744382047758, 54.826039638118914 ], [ 9.920807741983936, 54.82602075325525 ], [ 9.920915544616889, 54.825988286830182 ], [ 9.920979345220758, 54.825969269766176 ], [ 9.921086706286587, 54.825936936440598 ], [ 9.921150948457637, 54.825917787176422 ], [ 9.921257867956342, 54.825885585151866 ], [ 9.921322551694516, 54.825866303687121 ], [ 9.921429029626211, 54.82583423476234 ], [ 9.921494155830715, 54.825814820197991 ], [ 9.921600191295965, 54.825782883473437 ], [ 9.921665759067764, 54.825763337608066 ], [ 9.921771352965663, 54.825731533083911 ], [ 9.921837362304643, 54.825711854118936 ], [ 9.921942514635589, 54.825680181795178 ], [ 9.922008966440728, 54.825660371529011 ], [ 9.922113676305287, 54.825628830506275 ], [ 9.922180569677721, 54.825608888039937 ], [ 9.922284837975042, 54.82557748011692 ], [ 9.9223521729146, 54.825557404550807 ], [ 9.92245599964491, 54.82552612882796 ], [ 9.922523776151479, 54.825505921960882 ], [ 9.922627161314665, 54.825474778438434 ], [ 9.922695380287735, 54.825454438471752 ], [ 9.922798322984363, 54.825423427149531 ], [ 9.922866983524557, 54.825402955881827 ], [ 9.922969484654118, 54.825372076760175 ], [ 9.923038586761606, 54.825351472392697 ], [ 9.923140646323816, 54.825320725471272 ], [ 9.923210189998485, 54.825299988903623 ], [ 9.923311807993741, 54.825269375081746 ], [ 9.923381794134514, 54.825248506313699 ], [ 9.923482969663496, 54.825218023793013 ], [ 9.923553397371563, 54.825197022824568 ], [ 9.923654131333194, 54.82516667340343 ], [ 9.923825379337927, 54.825115607199734 ], [ 9.923996774831494, 54.825065024831247 ], [ 9.924168316914404, 54.825014928096664 ], [ 9.924340006486318, 54.824965314298083 ], [ 9.924511842647632, 54.824916186133237 ], [ 9.924683825398347, 54.824867541803769 ], [ 9.924855955638009, 54.824819382208887 ], [ 9.925028233366447, 54.824771707348589 ], [ 9.925200657684286, 54.824724516323613 ], [ 9.925373229491072, 54.824677810033052 ], [ 9.925545947887429, 54.824631587577869 ], [ 9.925718812873072, 54.824585849857215 ], [ 9.925891825347662, 54.824540596871145 ], [ 9.926064985310973, 54.824495828619831 ], [ 9.926065166974013, 54.824495781855092 ], [ 9.926222983604021, 54.824455021881931 ], [ 9.926238146173716, 54.824451063965626 ], [ 9.926380799334652, 54.824414259210812 ], [ 9.926411307935609, 54.824406303808075 ], [ 9.926538615065226, 54.824373492043208 ], [ 9.926584470597049, 54.824361547247861 ], [ 9.926696428997104, 54.824332720378948 ], [ 9.926757635056902, 54.824316793385549 ], [ 9.92693085977146, 54.824272239172785 ], [ 9.927104231075646, 54.824228168795173 ], [ 9.927277749868381, 54.824184583152203 ], [ 9.927451415250744, 54.824141480445178 ], [ 9.927625227222677, 54.824098861573361 ], [ 9.927799185784011, 54.824056726536924 ], [ 9.927973291834121, 54.8240150762349 ], [ 9.928147544473802, 54.823973908868993 ], [ 9.92832194460226, 54.823933226237557 ], [ 9.928496490420798, 54.823893026542066 ], [ 9.928671183728227, 54.823853311581331 ], [ 9.92884602452466, 54.823814080455577 ], [ 9.929021011910322, 54.823775333165202 ], [ 9.929185835158307, 54.82373932161255 ], [ 9.929196136892358, 54.82373704093186 ], [ 9.929361258715232, 54.823700963728584 ], [ 9.929371261874451, 54.823698748698462 ], [ 9.929536682272158, 54.823662605844788 ], [ 9.929546387755693, 54.823660456465063 ], [ 9.929712105829083, 54.823624247061616 ], [ 9.929721512737785, 54.823622164231665 ], [ 9.929887529386008, 54.823585889177593 ], [ 9.929896637719878, 54.823583871998324 ], [ 9.93006295384248, 54.823547531293627 ], [ 9.93007176360112, 54.823545580664131 ], [ 9.930238377399405, 54.823509173409832 ], [ 9.930246888583213, 54.823507288430733 ], [ 9.93041380095633, 54.823470814626489 ], [ 9.930422013565249, 54.823468996197334 ], [ 9.930589224513255, 54.823432456742694 ], [ 9.930597139446547, 54.823430703963936 ], [ 9.930764648070181, 54.823394098858728 ], [ 9.930772264428583, 54.823392411730595 ], [ 9.930940071627106, 54.823355740974876 ], [ 9.930947390310052, 54.823354119497196 ], [ 9.931115495184031, 54.823317382191533 ], [ 9.931122515292088, 54.823315828163175 ], [ 9.931290918740956, 54.823279024307737 ], [ 9.931297640274011, 54.823277535929776 ], [ 9.931466342297881, 54.823240666423771 ], [ 9.931472766155423, 54.823239243696435 ], [ 9.931641765855034, 54.823202308539805 ], [ 9.931647891137345, 54.823200951462866 ], [ 9.931817190311278, 54.823163949756633 ], [ 9.931823016119381, 54.823162659229467 ], [ 9.931992613868204, 54.823125591872838 ], [ 9.93199814200085, 54.823124366996069 ], [ 9.932168037425129, 54.823087233988815 ], [ 9.932173266982716, 54.823086075662047 ], [ 9.932343460982054, 54.823048875205643 ], [ 9.932348391964808, 54.823047783428706 ], [ 9.932518884538979, 54.823010517321677 ], [ 9.932523517846278, 54.823009491195307 ], [ 9.932694308095904, 54.822972159437711 ], [ 9.932698642828313, 54.822971198961909 ], [ 9.932869731652829, 54.822933801553916 ], [ 9.932873768709612, 54.822932906728511 ], [ 9.933045155209982, 54.822895442770744 ], [ 9.933048893691648, 54.822894614495169 ], [ 9.933220578766907, 54.822857084886721 ], [ 9.933224018673741, 54.822856323160977 ], [ 9.933396002323832, 54.822818727002755 ], [ 9.933399144554983, 54.822818030927579 ], [ 9.933571425880757, 54.822780368219583 ], [ 9.933574269537075, 54.82277973869418 ], [ 9.933746850337002, 54.822742010335617 ], [ 9.933749394519111, 54.822741446460782 ], [ 9.933922273893927, 54.822703652451821 ], [ 9.93392452040041, 54.82270315422744 ], [ 9.934097697450852, 54.822665294567855 ], [ 9.934099645382446, 54.822664862893248 ], [ 9.934273121007777, 54.822626935784683 ], [ 9.934274771263915, 54.82262657065985 ], [ 9.934448544564702, 54.82258857790066 ], [ 9.934449896245781, 54.822588278426451 ], [ 9.934623968121855, 54.822550220016865 ], [ 9.934625021227873, 54.822549986193053 ], [ 9.93479939167878, 54.822511861233522 ], [ 9.934800147109343, 54.822511693959711 ], [ 9.934974815235705, 54.822473503349727 ], [ 9.935150171343423, 54.822434651738035 ], [ 9.935325460002218, 54.822395305499242 ], [ 9.935500681211693, 54.822355462834594 ], [ 9.93567583407264, 54.822315125542843 ], [ 9.935850919484551, 54.822274291825295 ], [ 9.936025936547821, 54.822232963480644 ], [ 9.936200887061432, 54.822191139609515 ], [ 9.936375769226515, 54.822148820212078 ], [ 9.936550583043129, 54.822106005288049 ], [ 9.936725330309912, 54.822062695736918 ], [ 9.936806378035214, 54.822042370752172 ], [ 9.936900009228168, 54.822018889760102 ], [ 9.937074619798068, 54.821974589156184 ], [ 9.937249163818024, 54.821929792126298 ], [ 9.937423639489452, 54.82188450046948 ], [ 9.937598047711901, 54.821838713286184 ], [ 9.937772387585824, 54.821792430576409 ], [ 9.937946660909915, 54.821745653239418 ], [ 9.938120865885367, 54.821698379476743 ], [ 9.938295002512461, 54.82165061018776 ], [ 9.938469072589726, 54.821602346271504 ], [ 9.938643074318634, 54.821553586828827 ], [ 9.938817007698901, 54.821504330960295 ], [ 9.938990874529338, 54.82145458046466 ], [ 9.939164673011419, 54.821404335341924 ], [ 9.939338404044349, 54.821353593793503 ], [ 9.939512066728582, 54.821302356718491 ], [ 9.939685661963836, 54.821250625016546 ], [ 9.939859189749939, 54.821198396888747 ], [ 9.940016941628699, 54.821150448634512 ], [ 9.94003265638213, 54.821145719099889 ], [ 9.940190380381864, 54.821097778939588 ], [ 9.940206122114944, 54.821093040411654 ], [ 9.940363819135143, 54.821045108345288 ], [ 9.940379588747248, 54.821040362622739 ], [ 9.940537257888309, 54.820992438650421 ], [ 9.940553054480063, 54.820987683934675 ], [ 9.940710697540794, 54.820939768955327 ], [ 9.940726520212877, 54.82093500614576 ], [ 9.94088413629396, 54.820887098361027 ], [ 9.940899986845011, 54.820882327457696 ], [ 9.941057575047239, 54.820834428666103 ], [ 9.941073452577996, 54.820829649668838 ], [ 9.941231013800405, 54.820781758971179 ], [ 9.941246919210187, 54.820776971879923 ], [ 9.94140445345289, 54.820729089276256 ], [ 9.941420384943001, 54.820724293191688 ], [ 9.941577892206055, 54.820676418681956 ], [ 9.941593851575135, 54.820671615402944 ], [ 9.941751330959335, 54.820623748987089 ], [ 9.941767317307949, 54.820618936714709 ], [ 9.9419247697125, 54.820571079292165 ], [ 9.941924769994717, 54.820571079207078 ], [ 9.941940780975926, 54.82056625212681 ], [ 9.942098206588851, 54.820518409541378 ], [ 9.942098209364985, 54.820518408697694 ], [ 9.942106882022813, 54.820515798050849 ], [ 9.942114249673125, 54.82051358023773 ], [ 9.942208697205899, 54.820484872923714 ], [ 9.942271648118151, 54.820465739002771 ], [ 9.942271681650061, 54.82046572890895 ], [ 9.942276565614748, 54.820464258731022 ], [ 9.94228760652835, 54.820460935222911 ], [ 9.942287715405882, 54.820460902448872 ], [ 9.94244508687143, 54.820413069307847 ], [ 9.942461182038073, 54.820408224659957 ], [ 9.942618525624596, 54.820360398713547 ], [ 9.942634647770888, 54.820355545971893 ], [ 9.942791965277081, 54.820307729018623 ], [ 9.942808114403192, 54.820302868182978 ], [ 9.942965404030417, 54.820255059323756 ], [ 9.942981580136006, 54.820250189494743 ], [ 9.943138842783526, 54.820202388729456 ], [ 9.943155045868821, 54.820197511706056 ], [ 9.943312281536691, 54.820149719034532 ], [ 9.943328512501012, 54.820144833017764 ], [ 9.943485721189177, 54.820097049339608 ], [ 9.94350197823394, 54.820092155228906 ], [ 9.943659159942513, 54.820044378745308 ], [ 9.94367544486613, 54.820039476540842 ], [ 9.943832598695622, 54.819991709050385 ], [ 9.943848910598945, 54.819986798751927 ], [ 9.944006038348164, 54.81993903935529 ], [ 9.944022376331759, 54.819934120963069 ], [ 9.944179477101272, 54.819886369660423 ], [ 9.944195842963893, 54.819881442274948 ], [ 9.944352915854608, 54.819833699066123 ], [ 9.944369308696878, 54.81982876448609 ], [ 9.944526354607717, 54.8197810293712 ], [ 9.944542775328898, 54.819776085798026 ], [ 9.944699794260259, 54.819728359676276 ], [ 9.944716241061826, 54.819723408009111 ], [ 9.944873233013539, 54.819675689081976 ], [ 9.944889707694017, 54.819670729320876 ], [ 9.945046671766704, 54.819623019387052 ], [ 9.945063173426831, 54.819618051531961 ], [ 9.945220110519813, 54.819570349692185 ], [ 9.945236639159816, 54.819565372843897 ], [ 9.945393550172355, 54.819517679097714 ], [ 9.94541010579195, 54.819512695054982 ], [ 9.945566988925634, 54.819465009402791 ], [ 9.945583571524764, 54.819460017266124 ], [ 9.9457404276788, 54.819412339707867 ], [ 9.945757038156955, 54.81940733857806 ], [ 9.945913866431908, 54.819359669113567 ], [ 9.945930503889713, 54.819354660789145 ], [ 9.946087306084451, 54.819306999418643 ], [ 9.946103969622698, 54.81930198210091 ], [ 9.94626074483773, 54.819254329723719 ], [ 9.946277436254888, 54.819249304312166 ], [ 9.946434183590895, 54.819201659129476 ], [ 9.946450901987703, 54.819196625623931 ], [ 9.946607622344004, 54.819148989434552 ], [ 9.946624368619837, 54.819143947835073 ], [ 9.946781061996546, 54.819096319739458 ], [ 9.946797834352651, 54.819091269146952 ], [ 9.946954500749825, 54.819043650044534 ], [ 9.947128131058548, 54.818991371554716 ], [ 9.94730197270809, 54.818939528336671 ], [ 9.947476026597428, 54.818888118591929 ], [ 9.947650291827586, 54.818837142320376 ], [ 9.947824769297711, 54.81878660132071 ], [ 9.947999458108711, 54.818736493794404 ], [ 9.948174358260133, 54.818686819741117 ], [ 9.948349470651749, 54.818637580959887 ], [ 9.948524794383786, 54.818588775651619 ], [ 9.948700330356075, 54.818540403816712 ], [ 9.948876077668956, 54.818492467253748 ], [ 9.949052037221975, 54.818444964163916 ], [ 9.949228208115528, 54.818397895446651 ], [ 9.949404590349673, 54.818351260202689 ], [ 9.949581184824012, 54.818305059331124 ], [ 9.94975799153832, 54.818259292832295 ], [ 9.949935008693785, 54.818213959806599 ], [ 9.950112238089559, 54.818169061153469 ], [ 9.950289679725131, 54.818124596872849 ], [ 9.95042955038366, 54.81808993070598 ], [ 9.95046728773525, 54.818080474334693 ], [ 9.950606855322235, 54.818045883710795 ], [ 9.950644895745484, 54.818036351796366 ], [ 9.95078416026098, 54.818001836715609 ], [ 9.950822503755717, 54.817992229258209 ], [ 9.950961465199669, 54.817957789720367 ], [ 9.951000111765836, 54.817948106720053 ], [ 9.951138770138243, 54.817913742725182 ], [ 9.951177719776069, 54.817903984181669 ], [ 9.951316075976365, 54.817869695730167 ], [ 9.951355327786302, 54.817859861643512 ], [ 9.951493380914883, 54.817825649634131 ], [ 9.951532935796592, 54.817815739105185 ], [ 9.951670685853628, 54.817781602638945 ], [ 9.951710543806655, 54.817771616567029 ], [ 9.951847990792373, 54.817737555643873 ], [ 9.951888151816888, 54.817727494028873 ], [ 9.952025295730891, 54.817693508648688 ], [ 9.952065759827178, 54.817683371490546 ], [ 9.952202600669636, 54.817649461653502 ], [ 9.952243367837241, 54.817639248952389 ], [ 9.952379905608382, 54.81760541465826 ], [ 9.952420975847474, 54.817595126414062 ], [ 9.952557211446276, 54.817561367663075 ], [ 9.952598583857764, 54.817551003875906 ], [ 9.952734516385021, 54.81751732066806 ], [ 9.952776191867997, 54.817506881337749 ], [ 9.952911821323596, 54.817473273672817 ], [ 9.95295379987806, 54.817462758799422 ], [ 9.953089126262284, 54.817429227577009 ], [ 9.95313140788835, 54.817418636261266 ], [ 9.95326643120103, 54.817385180581766 ], [ 9.953309015898583, 54.817374513722939 ], [ 9.953443736139604, 54.817341133586581 ], [ 9.953486624808022, 54.817330391184782 ], [ 9.95362104107835, 54.817297086591395 ], [ 9.953664232818312, 54.817286268646626 ], [ 9.953798346916415, 54.817253039596324 ], [ 9.953841840828375, 54.817242146108299 ], [ 9.953975651854989, 54.817208992601138 ], [ 9.954019448838608, 54.817198024469519 ], [ 9.954152956793735, 54.817164945605953 ], [ 9.954197056848898, 54.817153901931135 ], [ 9.954330261732423, 54.81712089861071 ], [ 9.954374664859131, 54.817109779392979 ], [ 9.954507566670998, 54.817076851615525 ], [ 9.954552272869194, 54.817065656854822 ], [ 9.954590886160588, 54.817056089866753 ], [ 9.95462142533853, 54.817051077045676 ], [ 9.954685136909688, 54.817040784304936 ], [ 9.954799047737993, 54.817022086500231 ], [ 9.954862940972191, 54.817011764081769 ], [ 9.954976670137455, 54.816993095954786 ], [ 9.955040745034523, 54.816982743858716 ], [ 9.955154292536747, 54.816964105409397 ], [ 9.955218549096969, 54.816953722736343 ], [ 9.955331914036833, 54.816935114863782 ], [ 9.955396352260095, 54.81692470251312 ], [ 9.955509536436125, 54.816906124318336 ], [ 9.955574156322427, 54.816895682290124 ], [ 9.95568715883536, 54.816877133772891 ], [ 9.95575196038476, 54.8168666620669 ], [ 9.955864780335446, 54.816848142328126 ], [ 9.955929764447262, 54.816837641843904 ], [ 9.956042402734909, 54.816819151782681 ], [ 9.956107568509594, 54.81680862162068 ], [ 9.956220025134201, 54.816790161237066 ], [ 9.95628537257204, 54.816779601397684 ], [ 9.956397646634287, 54.81676117069162 ], [ 9.956463176634372, 54.816750581174631 ], [ 9.956575269033578, 54.816732180146175 ], [ 9.956640980696875, 54.816721560951407 ], [ 9.956752891433041, 54.816703189600787 ], [ 9.956818784759207, 54.816692540728411 ], [ 9.956930513832276, 54.816674199055171 ], [ 9.95699658882171, 54.816663520505188 ], [ 9.957108135332362, 54.816645208509726 ], [ 9.957174392883985, 54.816634500282191 ], [ 9.957285757731654, 54.816616217064905 ], [ 9.957352196047111, 54.816605480058968 ], [ 9.957463380131117, 54.816587226519516 ], [ 9.957530000109614, 54.816576459835971 ], [ 9.957641001631032, 54.816558235973901 ], [ 9.957707804171946, 54.816547439612748 ], [ 9.957818624030494, 54.816529245428455 ], [ 9.957885608234449, 54.816518418490375 ], [ 9.957996246429786, 54.81650025488301 ], [ 9.958063412296781, 54.816489398267322 ], [ 9.958173868829192, 54.816471264337622 ], [ 9.958241216359283, 54.816460378044155 ], [ 9.958351490329107, 54.816442273792006 ], [ 9.958419020421559, 54.816431357821102 ], [ 9.95852911272857, 54.816413283246561 ], [ 9.958596824484061, 54.816402337598106 ], [ 9.958706735127862, 54.816384292701116 ], [ 9.958774628546394, 54.816373317374882 ], [ 9.958884356627948, 54.816355301256351 ], [ 9.958952432608896, 54.816344297151829 ], [ 9.95906197902724, 54.816326310710906 ], [ 9.959239680566952, 54.81629758456603 ], [ 9.959417509810351, 54.816269287397915 ], [ 9.959595467656868, 54.816241419206222 ], [ 9.959773553207071, 54.816213980890609 ], [ 9.959951767360394, 54.816186970652268 ], [ 9.960130109217403, 54.816160389390632 ], [ 9.960144136842644, 54.816158334439763 ], [ 9.960308460966928, 54.816133840504563 ], [ 9.960323414893764, 54.81613164885681 ], [ 9.960486812716454, 54.81610729071906 ], [ 9.960502692045793, 54.816104964173007 ], [ 9.960665164465865, 54.816080741832934 ], [ 9.960681969197651, 54.816078278589828 ], [ 9.960843516215391, 54.816054192946865 ], [ 9.960861246349566, 54.816051593906025 ], [ 9.961021867964917, 54.816027643161362 ], [ 9.961040523501595, 54.816024908323072 ], [ 9.961200219714499, 54.816001094275236 ], [ 9.96121980065351, 54.815998223639269 ], [ 9.961378571464024, 54.815974545389111 ], [ 9.961399077805368, 54.81597153805626 ], [ 9.961556923213607, 54.815947995603665 ], [ 9.96173538737844, 54.815921824432849 ], [ 9.961913979246845, 54.815896078641345 ], [ 9.962092698819163, 54.815870760027678 ], [ 9.962271546095167, 54.815845868592078 ], [ 9.962450520175537, 54.81582140343528 ], [ 9.962629622858969, 54.815797364556829 ], [ 9.962808852346768, 54.815773751957295 ], [ 9.962988208639047, 54.815750566535542 ], [ 9.963167693534444, 54.815727808291911 ], [ 9.963347305234151, 54.815705476326798 ], [ 9.963527044637601, 54.815683570640488 ], [ 9.963706911744794, 54.815662091232696 ], [ 9.963886905656295, 54.815641039002912 ], [ 9.964067028170916, 54.815620413951194 ], [ 9.964247277490017, 54.815600214278675 ], [ 9.96442765451286, 54.815580441784107 ], [ 9.964563776796922, 54.815565852981933 ], [ 9.964608126863652, 54.815560991246912 ], [ 9.964745569352715, 54.815546257653921 ], [ 9.964788600114048, 54.81554153981034 ], [ 9.964927361908451, 54.815526662325851 ], [ 9.964969072464896, 54.815522088373825 ], [ 9.965109153564697, 54.815507066997668 ], [ 9.965149545715121, 54.815502636937254 ], [ 9.965290946120433, 54.815487471669655 ], [ 9.96533001806597, 54.815483185500909 ], [ 9.965472738676056, 54.815467876341643 ], [ 9.965510491316365, 54.815463734064167 ], [ 9.965654531231792, 54.815448281013573 ], [ 9.965690963667214, 54.815444283526972 ], [ 9.965836322888208, 54.81542868568539 ], [ 9.965871436917382, 54.815424832090628 ], [ 9.966018115443774, 54.815409090357377 ], [ 9.966051909268401, 54.815405380653885 ], [ 9.966199907999567, 54.815389495029308 ], [ 9.966232382518626, 54.815385929217484 ], [ 9.966381700555132, 54.815369898801919 ], [ 9.966412855768851, 54.815366478680346 ], [ 9.966563492211549, 54.815350303473906 ], [ 9.96674531264614, 54.815330337625198 ], [ 9.966927167255051, 54.815309926612031 ], [ 9.967109055139019, 54.815289068635707 ], [ 9.967290977197024, 54.815267764595774 ], [ 9.967472932529972, 54.815246015391381 ], [ 9.967654922037184, 54.815223819224002 ], [ 9.967836944819283, 54.815201177892163 ], [ 9.968019001775588, 54.815178089597339 ], [ 9.968201092906213, 54.815154556138054 ], [ 9.968383217311725, 54.815130575715614 ], [ 9.968565375891501, 54.815106150128884 ], [ 9.96874756864554, 54.815081277578997 ], [ 9.968929794674466, 54.815055959864878 ], [ 9.969112053978336, 54.815030196086923 ], [ 9.969294347456412, 54.815003985345754 ], [ 9.969476675108581, 54.81497732944041 ], [ 9.969659036935184, 54.814950227471172 ], [ 9.96984143203656, 54.814922679438325 ], [ 9.970023860412937, 54.814894684442322 ], [ 9.970139005991541, 54.814876737000588 ], [ 9.970206322963634, 54.814866244281916 ], [ 9.970388819688367, 54.814837358057787 ], [ 9.970571349688214, 54.814808025769935 ], [ 9.970753913862268, 54.814778247418417 ], [ 9.970936512210471, 54.814748023003062 ], [ 9.971119143833505, 54.814717352523928 ], [ 9.971301809631029, 54.814686235981185 ], [ 9.97148450870327, 54.814654673374605 ], [ 9.971667241949774, 54.814622664704416 ], [ 9.971850008471336, 54.814590210869767 ], [ 9.972032809166933, 54.814557310071962 ], [ 9.972215644036851, 54.81452396321049 ], [ 9.972398512181826, 54.814490170285239 ], [ 9.972581414500894, 54.814455931296322 ], [ 9.972764350994225, 54.814421247143002 ], [ 9.972947320762273, 54.814386116026526 ], [ 9.973130323805606, 54.814350538846384 ], [ 9.973313361022974, 54.814314516502009 ], [ 9.973496432414606, 54.81427804719425 ], [ 9.973679537980331, 54.814241132722202 ], [ 9.973862675921964, 54.814203771287225 ], [ 9.97404584893701, 54.814165964687732 ], [ 9.974229055226829, 54.814127711125138 ], [ 9.974412295691025, 54.814089012398256 ], [ 9.974595569430164, 54.81404986670816 ], [ 9.97477887734334, 54.814010275853661 ], [ 9.974962219431006, 54.813970238935553 ], [ 9.97514559479356, 54.813929755953779 ], [ 9.975329003431, 54.813888826008622 ], [ 9.975512447141853, 54.813847450899232 ], [ 9.97569592412782, 54.813805629726232 ], [ 9.975879434388503, 54.813763362489397 ], [ 9.97606297882362, 54.813720649188781 ], [ 9.97624655743283, 54.813677489824556 ], [ 9.976430169317098, 54.813633883497118 ], [ 9.976613815375458, 54.813589832005391 ], [ 9.976797494708705, 54.813545334449714 ], [ 9.976981208216387, 54.813500390830598 ], [ 9.977164955898218, 54.813455002046794 ], [ 9.977348736854879, 54.813409166300232 ], [ 9.977532551985803, 54.813362884489663 ], [ 9.977716400391614, 54.813316156615485 ], [ 9.977760586781812, 54.813304820661074 ], [ 9.97790025869017, 54.813269299239039 ], [ 9.977932425641086, 54.81326104256334 ], [ 9.978084117887931, 54.813222440063839 ], [ 9.978104266299056, 54.813217265364756 ], [ 9.97826797618626, 54.813175579089886 ], [ 9.978276107856175, 54.813173489964754 ], [ 9.978447944916866, 54.813129708269685 ], [ 9.978451834484815, 54.813128725310719 ], [ 9.978539467122857, 54.813106384352295 ], [ 9.978612433617059, 54.81307457713018 ], [ 9.99496612388765, 54.805986104575311 ], [ 9.995157301768245, 54.805903669119175 ], [ 9.995348856464659, 54.805821500761851 ], [ 9.99554078797712, 54.805739598603736 ], [ 9.995733097204834, 54.80565796354432 ], [ 9.995925784147857, 54.805576594684226 ], [ 9.996118847007267, 54.805495492023454 ], [ 9.9963122875821, 54.805414657360757 ], [ 9.996506105872243, 54.805334087998062 ], [ 9.996700300978262, 54.805253786633216 ], [ 9.996894872900214, 54.805173750568315 ], [ 9.997089821638099, 54.805093982501489 ], [ 9.997285148091237, 54.805014480633986 ], [ 9.997480852259685, 54.804935244965861 ], [ 9.997676932344632, 54.804856276396208 ], [ 9.997873391044266, 54.804777574026048 ], [ 9.99807022566057, 54.804699138754472 ], [ 9.998267437992013, 54.804620970581539 ], [ 9.998465027139389, 54.804543068607984 ], [ 9.998662994002188, 54.804465432833695 ], [ 9.998861337680751, 54.80438806415799 ], [ 9.99906005817536, 54.804310962581098 ], [ 9.999259156385108, 54.804234127203415 ], [ 9.999434350614933, 54.804166878598664 ], [ 9.999614785194353, 54.804127833632833 ], [ 9.999807098019403, 54.804086579931948 ], [ 9.999999647365996, 54.804045636497165 ], [ 10.000192433234361, 54.804005002429165 ], [ 10.000385455624439, 54.803964679526644 ], [ 10.000578714536232, 54.803924665990678 ], [ 10.000772209969568, 54.803884963620362 ], [ 10.000965941924846, 54.803845570616886 ], [ 10.001159910401725, 54.803806487879285 ], [ 10.001354116299638, 54.80376771630722 ], [ 10.001548557819774, 54.803729254101881 ], [ 10.001743235861795, 54.803691102162816 ], [ 10.001938150425417, 54.803653260489739 ], [ 10.00213330241013, 54.803615729082765 ], [ 10.00232869001718, 54.80357850794195 ], [ 10.002524315045207, 54.803541597067237 ], [ 10.002720175695742, 54.803504996458628 ], [ 10.002916273767198, 54.803468705216801 ], [ 10.003112607461048, 54.803432725140283 ], [ 10.003788776231261, 54.803310026137012 ], [ 10.0039399540658, 54.803282386373269 ], [ 10.004091200248808, 54.803254527174772 ], [ 10.004242513881024, 54.803226449441183 ], [ 10.022130003297093, 54.799882813241481 ], [ 10.022366495317726, 54.799838953305141 ], [ 10.02260335965741, 54.799795372158826 ], [ 10.022840595417335, 54.79975206710435 ], [ 10.023078203496539, 54.799709040839673 ], [ 10.023316183894906, 54.799666291566211 ], [ 10.023554536612778, 54.799623819283966 ], [ 10.023793260750438, 54.799581625791575 ], [ 10.024032357207602, 54.799539709290343 ], [ 10.024271825084782, 54.799498069780213 ], [ 10.024511666180558, 54.799456708160847 ], [ 10.02475187779703, 54.799415624431674 ], [ 10.02499246263227, 54.799374817693774 ], [ 10.025161189837263, 54.799346437788074 ], [ 10.025233307371423, 54.799334205209561 ], [ 10.025404270291006, 54.799305446689232 ], [ 10.025474151211256, 54.799293592725348 ], [ 10.025647349845542, 54.799264455590333 ], [ 10.025714995051203, 54.799252980240965 ], [ 10.025890429400022, 54.79922346449149 ], [ 10.025955839790413, 54.799212367756752 ], [ 10.026133509853764, 54.799182473392591 ], [ 10.026196683630189, 54.799171755272539 ], [ 10.026376589408301, 54.799141482293749 ], [ 10.026437528369399, 54.79913114188895 ], [ 10.026619668962667, 54.799100491194849 ], [ 10.026678373108552, 54.799090529404509 ], [ 10.026862749416523, 54.79905949919663 ], [ 10.026919216948329, 54.799049916920296 ], [ 10.02710582897106, 54.799018508097902 ], [ 10.027160061687709, 54.799009304436083 ], [ 10.027348909424802, 54.798977516999059 ], [ 10.027400905527486, 54.7989686919517 ], [ 10.027591988979339, 54.79893652590016 ], [ 10.027641750266696, 54.798928079467487 ], [ 10.027835069433024, 54.798895533901941 ], [ 10.027882595005849, 54.798887466983274 ], [ 10.028078148987561, 54.798854542803042 ], [ 10.028123439745059, 54.798846854498834 ], [ 10.028321229441303, 54.798813550804823 ], [ 10.028364283585006, 54.798806242014621 ], [ 10.02856430899584, 54.798772559706151 ], [ 10.028605128324216, 54.798765630429614 ], [ 10.028807389449526, 54.798731568607252 ], [ 10.028845973063369, 54.798725017945401 ], [ 10.029050469903439, 54.798690576609033 ], [ 10.029086817802522, 54.798684405461188 ], [ 10.029293549457975, 54.798649585510134 ], [ 10.029327662541732, 54.798643792976748 ], [ 10.029536629911718, 54.798608593511915 ], [ 10.029568507280885, 54.798603180492535 ], [ 10.029779710365574, 54.798567601513867 ], [ 10.029809352020038, 54.798562568008322 ], [ 10.03002278991994, 54.798526610414967 ], [ 10.030050196759419, 54.798521956423315 ], [ 10.030291078370794, 54.798481371818127 ], [ 10.030532312516357, 54.798441049814755 ], [ 10.03077389919622, 54.79840099131286 ], [ 10.031015838410326, 54.798361195413122 ], [ 10.03125813015879, 54.7983216621152 ], [ 10.031500773542007, 54.798282392318754 ], [ 10.031743770358844, 54.798243385124294 ], [ 10.031987118810605, 54.798204641431255 ], [ 10.032230820695929, 54.798166159440825 ], [ 10.032474874216291, 54.798127941851192 ], [ 10.039011770077309, 54.797112783528291 ], [ 10.044459675074165, 54.795943310535563 ], [ 10.044542205858306, 54.795893040231874 ], [ 10.044716030420489, 54.795786888754037 ], [ 10.044889840593896, 54.795680472875631 ], [ 10.0450636381766, 54.795573792596656 ], [ 10.045237421370132, 54.795466848816204 ], [ 10.045411191073811, 54.795359639735693 ], [ 10.0455849481869, 54.795252167153933 ], [ 10.0457586909111, 54.79514442927217 ], [ 10.045932420145277, 54.795036427889045 ], [ 10.046106134990282, 54.79492816210518 ], [ 10.046279837244811, 54.794819631920689 ], [ 10.046453526009543, 54.794710838234778 ], [ 10.046627200385217, 54.794601779248978 ], [ 10.046800862170244, 54.794492455862326 ], [ 10.046974509566098, 54.79438286897431 ], [ 10.04714814347227, 54.794273016786519 ], [ 10.047321763888419, 54.794162901097195 ], [ 10.047495370814943, 54.794052521007245 ], [ 10.0476689642515, 54.793941876516499 ], [ 10.047842544198147, 54.793830967625183 ], [ 10.048016109755849, 54.793719794333299 ], [ 10.048189662722848, 54.793608357539767 ], [ 10.048363201300845, 54.793496655446518 ], [ 10.048536727288365, 54.793384689851678 ], [ 10.048710238886542, 54.793272458957063 ], [ 10.048883736995037, 54.793159964560857 ], [ 10.04905722161368, 54.793047205764083 ], [ 10.049230692742356, 54.792934182566682 ], [ 10.049404149482029, 54.792820894968543 ], [ 10.04957759363117, 54.792707342969663 ], [ 10.049751024290515, 54.792593526570158 ], [ 10.049924440560687, 54.792479446669233 ], [ 10.050097843341007, 54.792365101468363 ], [ 10.05027123353085, 54.7922504927663 ], [ 10.050444609331464, 54.79213561966327 ], [ 10.050617971642282, 54.792020482159614 ], [ 10.050791320463304, 54.791905080255447 ], [ 10.050964654895097, 54.791789413950426 ], [ 10.051137976736413, 54.791673483244892 ], [ 10.051311285087877, 54.791557288138563 ], [ 10.051484579050168, 54.791440829530814 ], [ 10.051657859522834, 54.791324105623119 ], [ 10.051831127404796, 54.791207118214174 ], [ 10.052004380897586, 54.79108986640432 ], [ 10.052177620900579, 54.790972350193897 ], [ 10.052350847413891, 54.790854569582848 ], [ 10.052524059537802, 54.79073652457123 ], [ 10.052697259071465, 54.790618215158645 ], [ 10.052870445115104, 54.790499642244811 ], [ 10.053043616769742, 54.790380804031088 ], [ 10.053216775833675, 54.790261702315888 ], [ 10.053389920508664, 54.790142335300629 ], [ 10.053563051693573, 54.790022704784121 ], [ 10.053736169388912, 54.789902809866987 ], [ 10.053909273594343, 54.789782650549114 ], [ 10.054082364309807, 54.789662226830501 ], [ 10.054255440636211, 54.789541538711262 ], [ 10.054428504372197, 54.789420587090603 ], [ 10.054601553718953, 54.789299370170056 ], [ 10.054774590475063, 54.789177889748032 ], [ 10.05494761284217, 54.789056144026119 ], [ 10.055120621719425, 54.78893413480273 ], [ 10.055293617106884, 54.788811861178658 ], [ 10.05546659900449, 54.788689323153903 ], [ 10.055639567412243, 54.788566520728466 ], [ 10.0558125223302, 54.788443454801779 ], [ 10.055985462858928, 54.78832012357509 ], [ 10.056158390797236, 54.788196527947491 ], [ 10.056331304346315, 54.7880726688187 ], [ 10.056504204405712, 54.787948545289282 ], [ 10.056677091874519, 54.787824157359125 ], [ 10.056849964954097, 54.787699505028343 ], [ 10.057022824543878, 54.78757458829682 ], [ 10.057195669744601, 54.787449407164502 ], [ 10.057368502354677, 54.787323961631614 ], [ 10.057541321474957, 54.787198251698101 ], [ 10.057714126206179, 54.787072278263224 ], [ 10.057886918346753, 54.786946039528402 ], [ 10.06814021759709, 54.779438904681797 ], [ 10.068301966962281, 54.779411246931602 ], [ 10.068482501366418, 54.779380552170892 ], [ 10.068663105018459, 54.779350021986147 ], [ 10.068843777918232, 54.779319655477877 ], [ 10.069024520065682, 54.779289452646367 ], [ 10.069205332360411, 54.779259413491388 ], [ 10.069386213003497, 54.779229538912318 ], [ 10.069567163793693, 54.77919982800978 ], [ 10.069748183831791, 54.779170280783944 ], [ 10.069929273117566, 54.779140898134187 ], [ 10.070110431651244, 54.779111679160849 ], [ 10.070291659432655, 54.779082623864156 ], [ 10.070472957361289, 54.779053732244051 ], [ 10.083620731811436, 54.776971211752198 ], [ 10.083804655760389, 54.776941913638552 ], [ 10.083988617480941, 54.776912444653817 ], [ 10.084172616972864, 54.776882803898502 ], [ 10.084356653337124, 54.77685299137255 ], [ 10.084540727472813, 54.776823007076246 ], [ 10.084724839380044, 54.776792851009475 ], [ 10.084908988159441, 54.77676252407133 ], [ 10.085093174710437, 54.77673202536289 ], [ 10.085277399032975, 54.776701355783132 ], [ 10.085461661126942, 54.776670513533475 ], [ 10.085645960992451, 54.776639500412728 ], [ 10.085830297730297, 54.776608315521628 ], [ 10.086014672239571, 54.776576958859778 ], [ 10.086199084520217, 54.776545431326838 ], [ 10.086383533673256, 54.776513732023261 ], [ 10.086568021497158, 54.776481860949275 ], [ 10.086752546193168, 54.776449819004199 ], [ 10.086937108660834, 54.776417604389223 ], [ 10.087121708000609, 54.776385218902931 ], [ 10.087306346011246, 54.776352662545492 ], [ 10.087491020894106, 54.776319933518323 ], [ 10.087675733548508, 54.776287033619894 ], [ 10.087860483074962, 54.776253961950943 ], [ 10.088045271272335, 54.776220718511468 ], [ 10.088230096342045, 54.776187304200846 ], [ 10.088414959183183, 54.776153718119758 ], [ 10.105879784324827, 54.772965114248848 ], [ 10.106082567056944, 54.772928260930598 ], [ 10.106285479291671, 54.77289155420209 ], [ 10.106488521028552, 54.772854994062811 ], [ 10.106691693167193, 54.772818578714578 ], [ 10.106894994808329, 54.772782310855121 ], [ 10.10709842685111, 54.772746187786481 ], [ 10.107301988396102, 54.772710212206619 ], [ 10.107505679443648, 54.772674381417801 ], [ 10.107709499993575, 54.772638697218213 ], [ 10.107913450945148, 54.772603159608366 ], [ 10.108117531399046, 54.772567767688599 ], [ 10.108321741355383, 54.7725325214588 ], [ 10.108526081713478, 54.772497421818798 ], [ 10.108730551573899, 54.772462467868706 ], [ 10.131698451522425, 54.768555039483772 ], [ 10.131926977348257, 54.768516326367489 ], [ 10.132155670448071, 54.768477750847637 ], [ 10.132384530821582, 54.768439312924045 ], [ 10.132613559368451, 54.768401010798129 ], [ 10.132842755189188, 54.768362847167793 ], [ 10.133072117384359, 54.768324819335191 ], [ 10.133301648652321, 54.768286929098679 ], [ 10.133531346294774, 54.768249175559163 ], [ 10.133761211210981, 54.768211559615906 ], [ 10.13399124430066, 54.768174080369704 ], [ 10.134221444664149, 54.768136737820384 ], [ 10.13445181230145, 54.768099532867325 ], [ 10.134682348111994, 54.768062464611319 ], [ 10.134913050297143, 54.768025533951345 ], [ 10.135143920655537, 54.767988739988652 ], [ 10.135374958287798, 54.767952082722616 ], [ 10.135606163194041, 54.767915563053009 ], [ 10.137861925487584, 54.767560848854203 ], [ 10.13809912617387, 54.7675233812991 ], [ 10.138336450966619, 54.767485726685095 ], [ 10.138573898966342, 54.767447885012018 ], [ 10.138811471972076, 54.767409855380663 ], [ 10.139049169083989, 54.767371638690406 ], [ 10.139286989403161, 54.767333234941077 ], [ 10.139524934728115, 54.76729464323347 ], [ 10.139763004159477, 54.767255864466733 ], [ 10.140001197697302, 54.767216897741775 ], [ 10.140239514442271, 54.767177743957916 ], [ 10.14047795619291, 54.767138403114984 ], [ 10.1407165220499, 54.767098874313774 ], [ 10.140955211114147, 54.767059158453492 ], [ 10.141194025184177, 54.767019255534308 ], [ 10.141432963360671, 54.766979164656846 ], [ 10.141672025643686, 54.766938886720482 ], [ 10.141911211133561, 54.766898421724875 ], [ 10.142150521629446, 54.76685776877116 ], [ 10.142389956231739, 54.766816928758374 ], [ 10.142629514041062, 54.766775900787309 ], [ 10.142869196856168, 54.766734686656719 ], [ 10.143109003777681, 54.766693283668303 ], [ 10.143348933906395, 54.766651694520306 ], [ 10.143588989040779, 54.766609917413916 ], [ 10.143829168281684, 54.766567952349249 ], [ 10.143863758611028, 54.766561884817051 ], [ 10.166325565833802, 54.762621831597528 ], [ 10.185887543673038, 54.759190441096393 ], [ 10.185917668465777, 54.759185156869592 ], [ 10.19966065348026, 54.742052046768649 ], [ 10.199660653480294, 54.742052046768606 ], [ 10.21168050743295, 54.751693534611519 ], [ 10.217075033870287, 54.756020647176172 ], [ 10.217075033870307, 54.756020647176157 ], [ 10.218195557177289, 54.755071102865351 ], [ 10.229717666569798, 54.745307135124619 ], [ 10.242353626808097, 54.734592286861073 ], [ 10.25498291992858, 54.723876103592147 ], [ 10.26760555126981, 54.713158586523832 ], [ 10.280762858297351, 54.70018750808174 ], [ 10.293911772549848, 54.687214974469953 ], [ 10.307052302477302, 54.674240987268433 ], [ 10.322665635821238, 54.660381604371082 ], [ 10.338268343433015, 54.646520178862886 ], [ 10.353860436438879, 54.632656713120696 ], [ 10.358308326950066, 54.629797129736971 ], [ 10.363473461128024, 54.626476424824318 ], [ 10.373083571620157, 54.62029536736145 ], [ 10.393113168201126, 54.614842028255111 ], [ 10.413137407922591, 54.60938537195608 ], [ 10.433156290045588, 54.60392540000754 ], [ 10.453169813835984, 54.598462113953588 ], [ 10.471751075862823, 54.593222038384141 ], [ 10.472803521670812, 54.592925239622105 ], [ 10.474220419017616, 54.59252532378293 ], [ 10.492431902516842, 54.587385176740781 ], [ 10.512054955848782, 54.581841926814491 ], [ 10.531672681145267, 54.576295491348731 ], [ 10.551925885248977, 54.569981130647761 ], [ 10.56369498417992, 54.566308759387674 ], [ 10.572172828231942, 54.563663374976613 ], [ 10.580975478163188, 54.560914314423428 ], [ 10.592413510132985, 54.557342226161381 ], [ 10.612647930995195, 54.551017686027308 ], [ 10.618423778449767, 54.550113852805168 ], [ 10.635886868419732, 54.54738114197761 ], [ 10.659121670148011, 54.543740132916241 ], [ 10.672370077293355, 54.544218815189524 ], [ 10.683352771854686, 54.544615634304591 ], [ 10.707584908238573, 54.545486282317142 ], [ 10.711110085538248, 54.54561222865064 ], [ 10.731818073625107, 54.546352076593564 ], [ 10.748689636351344, 54.554904702631006 ], [ 10.759417526657353, 54.560339165845981 ], [ 10.765568259363647, 54.563454963051583 ], [ 10.768799200342688, 54.565090533983359 ], [ 10.78245394589942, 54.572002856139136 ], [ 10.793724927376607, 54.577704498816423 ], [ 10.799346699195553, 54.580548380175799 ], [ 10.811129986177376, 54.586734057401294 ], [ 10.817597955730093, 54.590129440372039 ], [ 10.835857779667265, 54.599707732250977 ], [ 10.854126175593933, 54.609283253561273 ], [ 10.872403148096851, 54.618856002050279 ], [ 10.878744012690612, 54.622562923468855 ], [ 10.887705503701341, 54.627801884572477 ], [ 10.903014575755797, 54.636745819459385 ], [ 10.903014575755833, 54.636745819459406 ], [ 10.928388479468595, 54.637705472560924 ], [ 10.953763574908919, 54.638659809727017 ], [ 10.979139855554251, 54.639608830524082 ], [ 11.004517314879877, 54.640552534520623 ], [ 11.021815219191637, 54.639723418489837 ], [ 11.027602589455341, 54.639446020640094 ], [ 11.050686607884018, 54.638335106993509 ], [ 11.07376936530153, 54.637219793998668 ], [ 11.094484388754154, 54.63329462999684 ], [ 11.115195421073736, 54.629365921150963 ], [ 11.135180515448013, 54.625570765427838 ], [ 11.135902460009675, 54.62543366865043 ], [ 11.156605503316257, 54.621497873685314 ], [ 11.165697214938037, 54.619175357803307 ], [ 11.181985449101091, 54.615014460042005 ], [ 11.207357324245379, 54.608525721547437 ], [ 11.224540338053089, 54.600954004981304 ], [ 11.241716975671295, 54.593379841036608 ], [ 11.258887239196781, 54.585803231289162 ], [ 11.279384259481958, 54.580288206481328 ], [ 11.299875742932102, 54.57476970650788 ], [ 11.308553309322599, 54.572430674067505 ], [ 11.320361688689786, 54.569247733002555 ], [ 11.336144067054875, 54.559903454614528 ], [ 11.339492376334508, 54.557919673364943 ], [ 11.351919229624173, 54.550557104232723 ], [ 11.367687180596306, 54.541208683495142 ], [ 11.37563560375969, 54.536493065438037 ], [ 11.383447924168422, 54.531858194038819 ], [ 11.40307092154228, 54.520388976803304 ], [ 11.422682923302261, 54.508916555797214 ], [ 11.44228393721113, 54.497440934126871 ], [ 11.459885660654379, 54.489132183211723 ], [ 11.477480246553171, 54.480820859298319 ], [ 11.492900838235776, 54.473531276519999 ], [ 11.495067697789352, 54.472506964197237 ], [ 11.499866080702271, 54.470237063405847 ], [ 11.512648017246079, 54.464190499719109 ], [ 11.5222334237111, 54.459281921892966 ], [ 11.529687399889781, 54.45546482531779 ], [ 11.54671953553742, 54.446736736856394 ], [ 11.562329369536656, 54.438731889206224 ], [ 11.56374442760773, 54.43800623611628 ], [ 11.580762079520809, 54.429273324876931 ], [ 11.595133393832384, 54.419678733177136 ], [ 11.599023785715872, 54.417081425730714 ], [ 11.617274656282348, 54.404886742740871 ], [ 11.635514700062629, 54.392689278761964 ], [ 11.647418773797881, 54.38349582618406 ], [ 11.656394337686045, 54.376560051584853 ], [ 11.659317527841608, 54.374301186483763 ], [ 11.660782988372542, 54.37316811460942 ], [ 11.669422595994376, 54.3664881009243 ], [ 11.671210965692183, 54.365105360575399 ], [ 11.671210965692159, 54.365105360575384 ], [ 11.670739711388364, 54.364846159835224 ], [ 11.670249423792445, 54.364576490345193 ], [ 11.669544275541341, 54.364188642537385 ], [ 11.696513263786983, 54.364413253950772 ], [ 11.723482542374597, 54.364631840506547 ], [ 11.74456829156154, 54.364798028613663 ], [ 11.750452103415171, 54.364844402093013 ], [ 11.777421939019803, 54.365050938601598 ], [ 11.789986891415978, 54.365144353718406 ], [ 11.80439204129857, 54.365251449926689 ], [ 11.831362402361094, 54.365445935965511 ], [ 11.858333014316599, 54.365634396618816 ], [ 11.885303869273798, 54.365816831789971 ], [ 11.91227495934055, 54.365993241385866 ], [ 11.939246276624658, 54.366163625316119 ], [ 11.95924698844013, 54.371340459254299 ], [ 11.963743997509596, 54.372504431286188 ], [ 11.96695032874087, 54.373333426917405 ], [ 11.988249265339448, 54.378840258282025 ], [ 12.004782853980135, 54.383110335036555 ], [ 12.012762078274704, 54.385171103628295 ], [ 12.018246203210044, 54.386585920440083 ], [ 12.037282434464601, 54.391496964650344 ], [ 12.058014332004847, 54.396839604073399 ], [ 12.061810332049447, 54.39781783867295 ], [ 12.06930143638653, 54.399746190241707 ], [ 12.086345769159209, 54.404133723022142 ], [ 12.110888743913733, 54.410444615023266 ], [ 12.110916259071463, 54.410467788110132 ], [ 12.111454536964914, 54.410921122250727 ], [ 12.126557332498578, 54.423640598413385 ], [ 12.142235990476365, 54.436834519304682 ], [ 12.157924727662362, 54.450026375418986 ], [ 12.173623553881612, 54.463216164475341 ], [ 12.177318247310593, 54.466317877743535 ], [ 12.189332478968936, 54.476403884189835 ], [ 12.205051512768648, 54.489589532275033 ], [ 12.210804633898897, 54.494411578456429 ], [ 12.220780665135408, 54.502773106441055 ], [ 12.230459670714371, 54.510879181545704 ], [ 12.236519945932628, 54.515954604395006 ], [ 12.252269365034465, 54.529134023840413 ], [ 12.268028932324398, 54.542311362478074 ], [ 12.270808761583787, 54.544633848124093 ], [ 12.283798657695797, 54.555486618006114 ], [ 12.288707532556659, 54.559584582558095 ], [ 12.299578551051354, 54.568659788119021 ], [ 12.306292376238009, 54.574260038001633 ], [ 12.315368622304391, 54.581830870508384 ], [ 12.327219576580692, 54.591708248185782 ], [ 12.331168881377209, 54.59499986286329 ], [ 12.336780837602976, 54.599673482814751 ], [ 12.346979338202402, 54.608166762868791 ], [ 12.362800002721997, 54.621331568207665 ], [ 12.366629243936677, 54.624515420174269 ], [ 12.378630884888196, 54.634494276559565 ], [ 12.394471994662922, 54.647654885600502 ], [ 12.405175918623691, 54.656540418137858 ], [ 12.410323342017762, 54.660813393003821 ], [ 12.426184936934249, 54.673969796440019 ], [ 12.442056789403352, 54.687124093576188 ], [ 12.442639850264419, 54.687269604453697 ], [ 12.442689933183431, 54.687282103336713 ], [ 12.467573629404285, 54.693492172838717 ], [ 12.493098458334089, 54.699854871805883 ], [ 12.51863127382245, 54.706212187549568 ], [ 12.544172073487346, 54.712564117141824 ], [ 12.569720854935667, 54.718910657655385 ], [ 12.595277615762029, 54.725251806163214 ], [ 12.620842353549563, 54.7315875597385 ], [ 12.637129794996859, 54.735619408092397 ], [ 12.646415065869348, 54.737917915454886 ], [ 12.653319175191081, 54.739624991763023 ], [ 12.671995750281667, 54.744242870386984 ], [ 12.684058380864526, 54.747221941176733 ], [ 12.697584404334066, 54.750562421608663 ], [ 12.715739631272882, 54.755040931755637 ], [ 12.723181025562667, 54.756876566195615 ], [ 12.740205660574224, 54.761071280045535 ], [ 12.748785611492053, 54.76318530122262 ], [ 12.761349320328307, 54.767980056029756 ], [ 12.771754719945307, 54.771951123847714 ], [ 12.784982742547008, 54.776994711030305 ], [ 12.794733758566906, 54.780712583375703 ], [ 12.801227015979004, 54.783186032890335 ], [ 12.817722729934189, 54.789469676535816 ], [ 12.840721636617445, 54.798222400055522 ], [ 12.863730481179346, 54.806970750660867 ], [ 12.886749266174434, 54.815714725075964 ], [ 12.909777994150716, 54.82445432002379 ], [ 12.932816667647501, 54.833189532225163 ], [ 12.933194389032337, 54.833499119447879 ], [ 12.949219009247315, 54.846633185626899 ], [ 12.952188265416508, 54.849064817314037 ], [ 12.96563225949194, 54.860074592197975 ], [ 12.982056429269164, 54.873513749379697 ], [ 12.998491529477405, 54.886950654609791 ], [ 13.01493757102628, 54.900385305322402 ], [ 13.017959551156382, 54.902851881363382 ], [ 13.03139456483558, 54.913817698948094 ], [ 13.043277340369672, 54.923508474026903 ], [ 13.047862521837033, 54.927247832913906 ], [ 13.056400687534097, 54.934205164845707 ], [ 13.064341452972428, 54.940675704643979 ], [ 13.080831369194925, 54.95410131155819 ], [ 13.086723701703594, 54.958894669554915 ], [ 13.097332281468482, 54.96752465107329 ], [ 13.113844200768085, 54.98094572060262 ], [ 13.130367138079407, 54.99436451755588 ], [ 13.140362901225794, 55.002475600607603 ], [ 13.146901104399205, 55.007781039339193 ], [ 13.145833332645752, 55.009777778198362 ], [ 13.145833333333332, 55.009777777777778 ], [ 13.146901104399243, 55.00778103933915 ], [ 13.14752041081354, 55.007925879957298 ], [ 13.156388888912659, 55.009999999850208 ], [ 13.550244694968596, 55.016790617346203 ], [ 13.664609136603246, 55.018762418107656 ], [ 13.784722222187611, 55.020833333337521 ], [ 13.78472222220374, 55.020833333333016 ], [ 13.986666666650194, 54.964444444425169 ], [ 13.992833333191868, 54.96244444435581 ], [ 14.172777778022237, 54.812500000274952 ], [ 14.414166666858364, 54.812500000274952 ], [ 14.414166666858364, 54.658333333616497 ], [ 14.636243177359859, 54.53648506297958 ], [ 14.629230555345941, 54.533697222049227 ], [ 14.750000000299792, 54.5 ], [ 14.599677778007219, 54.383333333266819 ], [ 14.352222222277874, 54.168888888811296 ], [ 14.23938888878638, 54.127322222042949 ], [ 14.203341666285041, 54.127711111378801 ], [ 14.244122222162844, 53.989294444383233 ], [ 14.227994444288186, 53.929291666677102 ], [ 14.215836048195115, 53.93136155619095 ], [ 14.200333952949734, 53.936950921847654 ], [ 14.181180953738078, 53.947430014783436 ], [ 14.169327140035534, 53.957342624762362 ], [ 14.157478451569432, 53.964843750338844 ], [ 14.157388567928081, 53.964843750338844 ], [ 14.149838447286697, 53.969331145216245 ], [ 14.143205761936429, 53.975288867787128 ], [ 14.124226928130383, 53.986919045277716 ], [ 14.105803251219186, 53.997750758790517 ], [ 14.062499999875172, 54.021763444327576 ], [ 14.062499999875172, 54.022321343255499 ], [ 14.047840237537059, 54.03004372094108 ], [ 14.016943573587128, 54.052229404063894 ], [ 14.014355659286309, 54.053751349245488 ], [ 14.006665348726926, 54.057169437619621 ], [ 13.967355250944138, 54.069250822067886 ], [ 13.966266870719664, 54.069522738383796 ], [ 13.948337554734508, 54.071737050924241 ], [ 13.930969118929738, 54.075855851466486 ], [ 13.892664909258258, 54.090729355675364 ], [ 13.882448672868065, 54.095424055975514 ], [ 13.868275761217546, 54.103292942215546 ], [ 13.846218705428953, 54.118434429105605 ], [ 13.836734652082555, 54.127135753911887 ], [ 13.836532831624993, 54.127356171450344 ], [ 13.826773166648366, 54.138927936175435 ], [ 13.825752734701041, 54.140625000043713 ], [ 13.825743079579524, 54.140625000043713 ], [ 13.82010281049628, 54.150329709248865 ], [ 13.81495142007202, 54.16223692919101 ], [ 13.812554836536663, 54.169536352121099 ], [ 13.812265753961356, 54.176954865075061 ], [ 13.812073469015559, 54.177307009910692 ], [ 13.808831930149609, 54.178292274768637 ], [ 13.803373932960824, 54.178359508085009 ], [ 13.803610443866944, 54.176177501890209 ], [ 13.809491037881173, 54.174530744298409 ], [ 13.809463143609207, 54.174297332456035 ], [ 13.805008172888904, 54.173026323306203 ], [ 13.785611629173331, 54.174077629878866 ], [ 13.774465441626887, 54.172366023073607 ], [ 13.765990138034624, 54.170274377160922 ], [ 13.757789849821734, 54.167821645352717 ], [ 13.757789849821734, 54.166159033612701 ], [ 13.75221061682663, 54.159546613585519 ], [ 13.749226451339837, 54.158381343124574 ], [ 13.749067544731417, 54.157310604900658 ], [ 13.749281167891638, 54.156635642121273 ], [ 13.751540422252845, 54.155644059525855 ], [ 13.749575853243186, 54.155057549566322 ], [ 13.751557708121766, 54.153310179421396 ], [ 13.750051617987936, 54.149730444204693 ], [ 13.755222558774221, 54.144945740653498 ], [ 13.754763722867551, 54.140625000043713 ], [ 13.754827857119949, 54.140625000043713 ], [ 13.755060553102055, 54.140625000043713 ], [ 13.755048155947634, 54.137714266899991 ], [ 13.757549762311839, 54.13459026852621 ], [ 13.758100151900521, 54.134319543811898 ], [ 13.76504731218381, 54.133802771780552 ], [ 13.761801958393846, 54.136580228994433 ], [ 13.76304054248709, 54.136911749677495 ], [ 13.766658544756069, 54.134310126111529 ], [ 13.772574067539324, 54.132361412149578 ], [ 13.775882006049812, 54.128509402686916 ], [ 13.774534344984033, 54.11931836644959 ], [ 13.77691781550493, 54.118996858818036 ], [ 13.776559949182399, 54.120263814723387 ], [ 13.77960097790293, 54.12049543871359 ], [ 13.782325744737363, 54.119596004252287 ], [ 13.785736679904005, 54.117531180619665 ], [ 13.785889267875405, 54.114615321340125 ], [ 13.793728471092095, 54.110439538853768 ], [ 13.804543018345726, 54.109989046857152 ], [ 13.808192253169921, 54.106892466114573 ], [ 13.80730795879532, 54.105838656728679 ], [ 13.812206626234854, 54.098491906975937 ], [ 13.811953902350865, 54.093590140472656 ], [ 13.805336236578171, 54.088585614734313 ], [ 13.808468580660588, 54.087207079043594 ], [ 13.807929516234253, 54.08069205289604 ], [ 13.806005954511363, 54.079666972352925 ], [ 13.80376851590438, 54.082457304261368 ], [ 13.805698752395529, 54.084617257280684 ], [ 13.803654670726644, 54.08467364297428 ], [ 13.802268743507796, 54.08302044893469 ], [ 13.801607847024627, 54.08135986336714 ], [ 13.804863214765703, 54.077831744739285 ], [ 13.800135254838324, 54.07437717896363 ], [ 13.796952605378408, 54.066939830608874 ], [ 13.797222017981767, 54.062173962458417 ], [ 13.787518143347768, 54.056255460221507 ], [ 13.790625453002349, 54.04983091396565 ], [ 13.781424045783069, 54.043710351151901 ], [ 13.782907247271623, 54.040819048760284 ], [ 13.781834960415154, 54.038699865606304 ], [ 13.779451608604859, 54.038848519043995 ], [ 13.776721358603879, 54.041323661957506 ], [ 13.772858500619463, 54.041257262312797 ], [ 13.770146370158955, 54.036509752023562 ], [ 13.763617515136275, 54.030809521542324 ], [ 13.763656615860214, 54.025375962530745 ], [ 13.768643855729465, 54.019608616544531 ], [ 13.770292639493903, 54.018515467215082 ], [ 13.778447866276167, 54.018880248424921 ], [ 13.780305147065064, 54.017652272734381 ], [ 13.786574602535893, 54.017449856026076 ], [ 13.801254630197093, 54.01850593080411 ], [ 13.809650063199967, 54.03014743345733 ], [ 13.818102240725807, 54.033925414326461 ], [ 13.820315957015907, 54.036827802661151 ], [ 13.834664106063826, 54.039033055431219 ], [ 13.847364663848339, 54.042882800400946 ], [ 13.848285913164432, 54.043663859799437 ], [ 13.845586657398314, 54.044493913363453 ], [ 13.845883846462471, 54.045530438678838 ], [ 13.850690841509277, 54.047098517282848 ], [ 13.855985522713866, 54.0470372437739 ], [ 13.854975223427857, 54.048248052305951 ], [ 13.857664704462707, 54.048443555925417 ], [ 13.870576023764556, 54.043104172119968 ], [ 13.872706413370452, 54.038665413478043 ], [ 13.876441359880914, 54.040810942271264 ], [ 13.875422239145053, 54.043158650351472 ], [ 13.877374171780673, 54.04264414281306 ], [ 13.878767013886659, 54.039893149948966 ], [ 13.877512455135729, 54.035119652849858 ], [ 13.87457215767904, 54.032822847296643 ], [ 13.869914055289541, 54.0346778626934 ], [ 13.869793653154659, 54.036243915124771 ], [ 13.868287563020658, 54.035867214300652 ], [ 13.864787578783819, 54.0312639471735 ], [ 13.865482568565824, 54.026479721162218 ], [ 13.863595843073881, 54.022122263931465 ], [ 13.859352707661401, 54.019930958746841 ], [ 13.852859615978616, 54.013255953999192 ], [ 13.852782845352124, 54.004047155252181 ], [ 13.861923456602426, 53.999611139542537 ], [ 13.867141723312045, 54.007226229007358 ], [ 13.873207449964013, 54.007226229007358 ], [ 13.880078673292303, 54.009583473498481 ], [ 13.886407256489861, 54.008961558129499 ], [ 13.88887834525957, 54.011359452876434 ], [ 13.893077015491997, 54.0106784106801 ], [ 13.899638533891391, 54.012135267428789 ], [ 13.907260537343973, 54.018793344237622 ], [ 13.90786254442105, 54.024503708279667 ], [ 13.91510987322215, 54.028780340740298 ], [ 13.916622400703318, 54.033084034700607 ], [ 13.923334240782594, 54.035293579035454 ], [ 13.923141956736004, 54.039488077313081 ], [ 13.915358066321801, 54.047257542601642 ], [ 13.912603616463912, 54.047392249352981 ], [ 13.912538170999937, 54.044488430197021 ], [ 13.908799767495282, 54.043322801806028 ], [ 13.913836002429605, 54.056176900843468 ], [ 13.917276620619646, 54.059840441183553 ], [ 13.916954755957249, 54.060763954992638 ], [ 13.911126852322525, 54.062094449799019 ], [ 13.910864352807778, 54.063685059118313 ], [ 13.914276361764735, 54.064036607703429 ], [ 13.918501258026765, 54.06201720253199 ], [ 13.924088239580783, 54.062989234765496 ], [ 13.932386756243943, 54.061135053939722 ], [ 13.941728234670279, 54.061353445305372 ], [ 13.951113700736869, 54.0586893557292 ], [ 13.965088724664952, 54.058957338410607 ], [ 13.967570423636289, 54.059853911229084 ], [ 13.968703746580729, 54.062333464417975 ], [ 13.973979711094898, 54.063298106022785 ], [ 13.975547552277817, 54.062377929597801 ], [ 13.971225619167058, 54.061654329683563 ], [ 13.968743323945432, 54.059337854158741 ], [ 13.977056741475621, 54.055648445719385 ], [ 13.977094412277381, 54.052484750371036 ], [ 13.979948043867239, 54.052382349965512 ], [ 13.982998966928847, 54.048871040566212 ], [ 13.993159412976524, 54.045310258561642 ], [ 13.996819258002517, 54.041057944668466 ], [ 13.998837232352457, 54.030038952735538 ], [ 14.00073850168053, 54.029197574009004 ], [ 14.003150224403385, 54.021561145430667 ], [ 14.003568410953505, 54.010760665372402 ], [ 14.007324814388767, 54.009242653825538 ], [ 14.010538577693296, 54.009798049940059 ], [ 14.021342277324379, 54.017815351297486 ], [ 14.029600978302597, 54.017263055145918 ], [ 14.035505771274302, 54.013787746507319 ], [ 14.038159013227926, 54.009578824003654 ], [ 14.040358543612058, 54.009089350892907 ], [ 14.043130278439662, 54.001283765233666 ], [ 14.04077303394854, 53.999920725760887 ], [ 14.046765208647514, 53.995788812204012 ], [ 14.046316742823592, 53.97368645666478 ], [ 14.042910337542196, 53.967902779889414 ], [ 14.04305064706972, 53.963276147476392 ], [ 14.035620451023021, 53.953359723472488 ], [ 14.034746647240127, 53.949740052061884 ], [ 14.035876155260382, 53.947290420216802 ], [ 14.038561940081593, 53.946562052097192 ], [ 14.040350675443392, 53.947642565052377 ], [ 14.042670011711834, 53.946404456700407 ], [ 14.042327046256332, 53.941999435225853 ], [ 14.039617657828785, 53.940762042734093 ], [ 14.03477704522453, 53.940984845274443 ], [ 14.032649755581929, 53.942745327535022 ], [ 14.030569553542136, 53.942089438476955 ], [ 14.028451919920258, 53.943192958788131 ], [ 14.02793133296467, 53.945952058141074 ], [ 14.025869965426693, 53.944247841964511 ], [ 14.021550655638293, 53.946412205259151 ], [ 14.019760251134869, 53.945530056666939 ], [ 14.012639045955382, 53.949459314296064 ], [ 14.012514353154927, 53.955203175386316 ], [ 14.024094939330098, 53.958006858629744 ], [ 14.022693038353111, 53.959377527051345 ], [ 14.017975211087162, 53.958766341493515 ], [ 14.016378641061465, 53.95990276350193 ], [ 14.020768642059238, 53.96096563355718 ], [ 14.025155067352614, 53.959056735280228 ], [ 14.02496325994656, 53.961956262871411 ], [ 14.016900658838381, 53.962332606664518 ], [ 14.013919949446176, 53.96068775653481 ], [ 14.004629850187428, 53.959635257461343 ], [ 13.994462251831635, 53.96270835420728 ], [ 13.99019455953146, 53.961786746960968 ], [ 13.98894762972941, 53.960136532375145 ], [ 13.983818412090159, 53.959577440946191 ], [ 13.986352801440603, 53.961360811852103 ], [ 13.984285712415669, 53.962637424677496 ], [ 13.962953448143139, 53.957338451908129 ], [ 13.970691800486236, 53.95004451304402 ], [ 13.967198729338008, 53.949426054668834 ], [ 13.964798927128754, 53.944610118562196 ], [ 13.95955932130579, 53.939770936779439 ], [ 13.958754301270062, 53.933911800589215 ], [ 13.958163141815533, 53.934907674749581 ], [ 13.953004002832472, 53.934588074579949 ], [ 13.95423114305288, 53.936765551788824 ], [ 13.951576114146462, 53.944269418498834 ], [ 13.952127933657266, 53.949574709005674 ], [ 13.956946372577136, 53.950965524039816 ], [ 13.958423137617842, 53.952712178324532 ], [ 13.950071573544278, 53.95853614832464 ], [ 13.960246920459042, 53.962996363891136 ], [ 13.964391350780261, 53.966720103949626 ], [ 13.973639965212271, 53.970294355999897 ], [ 13.9696922301124, 53.972256064265935 ], [ 13.963338255456279, 53.973127723166044 ], [ 13.966070652138853, 53.984652161967858 ], [ 13.964200734976089, 53.990326404739847 ], [ 13.952623963725102, 53.993649363727286 ], [ 13.943402766924123, 53.994412541006 ], [ 13.936612963717323, 53.993003845651003 ], [ 13.933638453352046, 53.991263270783463 ], [ 13.915810107850291, 53.991318702296326 ], [ 13.906483649900508, 53.989739776069939 ], [ 13.898402571321583, 53.980468154281937 ], [ 13.899643420807308, 53.978440404301409 ], [ 13.895009040734749, 53.969718456241765 ], [ 13.895009636985264, 53.966673970527438 ], [ 13.898368358413165, 53.962079524850367 ], [ 13.922938108307164, 53.949847578602999 ], [ 13.925039410240686, 53.941226005675787 ], [ 13.932094216674841, 53.935964942028647 ], [ 13.932609677494668, 53.919016003985519 ], [ 13.938236952273598, 53.912511348819748 ], [ 13.938236952273598, 53.909468769668138 ], [ 13.936320900789042, 53.907242536613865 ], [ 13.933127403706749, 53.907031535876797 ], [ 13.929430842059787, 53.897345542462858 ], [ 13.924397110838072, 53.894113540907256 ], [ 13.924102545096503, 53.890628814568288 ], [ 13.921401500578838, 53.889857054159847 ], [ 13.92141067995891, 53.887869834825153 ], [ 13.902382851087793, 53.8851422072471 ], [ 13.901550412521544, 53.882043719042429 ], [ 13.892760157355497, 53.876553058476929 ], [ 13.892263055295871, 53.8764084573844 ], [ 13.890716075686385, 53.877263068735715 ], [ 13.879944562791422, 53.876463651476399 ], [ 13.875550150619006, 53.878010153545915 ], [ 13.855849623461438, 53.870871543786734 ], [ 13.847327351875776, 53.87026357690263 ], [ 13.83991730244162, 53.871889472021621 ], [ 13.839421510694251, 53.871876120686466 ], [ 13.835579872213316, 53.871075749246586 ], [ 13.834872841408583, 53.870766520058908 ], [ 13.834888458135879, 53.868461608916277 ], [ 13.832205057417525, 53.865921973820093 ], [ 13.831699967579482, 53.865867733908829 ], [ 13.825045704795514, 53.866035342357236 ], [ 13.823269605807809, 53.867887973651079 ], [ 13.822103977416646, 53.871148228308073 ], [ 13.822103261556379, 53.871887802879826 ], [ 13.823419928387068, 53.877114415298081 ], [ 13.831603765301509, 53.878545642267682 ], [ 13.846542477553442, 53.877691507557188 ], [ 13.849797964004892, 53.88144314278685 ], [ 13.851375103278485, 53.888849735227211 ], [ 13.864592313484593, 53.900494813584828 ], [ 13.871762752948825, 53.902254820104019 ], [ 13.876165509031011, 53.905386805356841 ], [ 13.887568950346861, 53.909655928478344 ], [ 13.901668429654364, 53.909950255899616 ], [ 13.913112521225969, 53.917916774339744 ], [ 13.914073467516687, 53.921925425917721 ], [ 13.906828403208351, 53.930700421387371 ], [ 13.898108958861371, 53.936205148249087 ], [ 13.894858002295052, 53.942915678016107 ], [ 13.883461714186808, 53.944942831746346 ], [ 13.885012149890883, 53.946634173228688 ], [ 13.881472349069725, 53.950163126427299 ], [ 13.868420958560421, 53.952875375598182 ], [ 13.86741530876958, 53.950641036055117 ], [ 13.857741236768675, 53.950649977114892 ], [ 13.856258750241182, 53.952360511028871 ], [ 13.851915120986177, 53.952905774481906 ], [ 13.851919770481175, 53.956640243452625 ], [ 13.855941652885008, 53.960675358481012 ], [ 13.854114056019, 53.964843750338844 ], [ 13.839580774333342, 53.976180076149717 ], [ 13.834590554110889, 53.984026551284444 ], [ 13.820354819419549, 53.988600730739165 ], [ 13.81034493427137, 53.99582016436915 ], [ 13.795816421690688, 53.995519876241417 ], [ 13.789857148688498, 54.000254631446239 ], [ 13.78107464298057, 54.00363671816001 ], [ 13.773769259343851, 54.00979590415767 ], [ 13.759525656483845, 54.015735268867616 ], [ 13.760631203867092, 54.018014550231442 ], [ 13.758437514579612, 54.020006179841459 ], [ 13.759683132270766, 54.021768927494008 ], [ 13.757833242110564, 54.028106927492786 ], [ 13.755376457957254, 54.028268933164782 ], [ 13.75387823599192, 54.026521324699559 ], [ 13.751127601058045, 54.026284455862992 ], [ 13.744506239971031, 54.029067277532818 ], [ 13.744251131984242, 54.03194057909451 ], [ 13.765674949039749, 54.036866665064736 ], [ 13.770448327428483, 54.042028904010749 ], [ 13.778573751577426, 54.044409752108436 ], [ 13.785143971816979, 54.049493909216721 ], [ 13.783135056337812, 54.05912637678091 ], [ 13.781700015343517, 54.059656977687439 ], [ 13.778464674605118, 54.055812478463224 ], [ 13.774557947691221, 54.057646750996867 ], [ 13.774498939574414, 54.05984175239513 ], [ 13.783739209197279, 54.062797546070044 ], [ 13.784498452841433, 54.064924240361449 ], [ 13.786450624696727, 54.062808871232505 ], [ 13.789640307754155, 54.063710451476197 ], [ 13.790233254161478, 54.071534514606242 ], [ 13.795988321703817, 54.078928470672508 ], [ 13.793640017373093, 54.083834052099974 ], [ 13.793648362182239, 54.085693240350793 ], [ 13.795348525114434, 54.086372256374602 ], [ 13.794496178256111, 54.087886929638216 ], [ 13.803087234488373, 54.095847249051474 ], [ 13.804785609568398, 54.095819473489883 ], [ 13.804378509860499, 54.094647646072019 ], [ 13.805931449277011, 54.095134258439316 ], [ 13.80882275076948, 54.098755359772042 ], [ 13.809021473062671, 54.09924864780703 ], [ 13.805783271580765, 54.10357415662213 ], [ 13.798994421655379, 54.106762408858231 ], [ 13.79527604605272, 54.107673525512894 ], [ 13.793278813666348, 54.107909441067875 ], [ 13.784070849490149, 54.107291936873423 ], [ 13.777413606352923, 54.108892918073877 ], [ 13.768072127926416, 54.115745544321442 ], [ 13.767254949056792, 54.119899034413038 ], [ 13.765063047621652, 54.119795203186243 ], [ 13.766694068876234, 54.118210673284125 ], [ 13.763868212847797, 54.116584658555212 ], [ 13.760976314205607, 54.119060278109373 ], [ 13.757526278315254, 54.119095802229538 ], [ 13.757783413373886, 54.123183250606644 ], [ 13.755076646470116, 54.123974919307159 ], [ 13.762680649992092, 54.127580046881803 ], [ 13.747884750081312, 54.13390302640363 ], [ 13.752074003512575, 54.134712099683838 ], [ 13.749742030870209, 54.139071941017448 ], [ 13.74954044783351, 54.139112234242191 ], [ 13.734534144335385, 54.136235356077009 ], [ 13.726119637611305, 54.140625000043713 ], [ 13.726181269050471, 54.140625000043713 ], [ 13.717592835241135, 54.144532323208296 ], [ 13.71656274817235, 54.144858241115003 ], [ 13.696416139293433, 54.149022460118601 ], [ 13.697476148605404, 54.153963446955686 ], [ 13.695313215232886, 54.157741427824817 ], [ 13.711663246162061, 54.159527778184554 ], [ 13.712434649539489, 54.161095142726708 ], [ 13.718479871648867, 54.163633823642158 ], [ 13.714077114667134, 54.167577743818015 ], [ 13.710937499566057, 54.169363856756604 ], [ 13.706449746758494, 54.170506358181967 ], [ 13.706880331362356, 54.171191453622839 ], [ 13.705038309370536, 54.171808004535876 ], [ 13.696446418567461, 54.171867847223496 ], [ 13.692561745728028, 54.170522928190621 ], [ 13.673964858491502, 54.161022544055243 ], [ 13.667370438395096, 54.159561753672051 ], [ 13.648849248893896, 54.152287840911185 ], [ 13.640396833047532, 54.145835757414375 ], [ 13.629477858316591, 54.140625000043713 ], [ 13.628487944862798, 54.140429139393348 ], [ 13.577618956149934, 54.13159394240671 ], [ 13.549863934373263, 54.12946414905133 ], [ 13.529866934011864, 54.130228758050748 ], [ 13.523889541469146, 54.1287113427544 ], [ 13.510006308644279, 54.128037571576726 ], [ 13.491094708154435, 54.124111413910725 ], [ 13.479129314666295, 54.119644880606813 ], [ 13.477061748101221, 54.11850404742404 ], [ 13.476691246303972, 54.116306543212545 ], [ 13.476886272383695, 54.115615129134881 ], [ 13.478542924316685, 54.11228060756406 ], [ 13.483170032471094, 54.11110222318905 ], [ 13.485648512768705, 54.101366162718364 ], [ 13.497086763243658, 54.091950178158299 ], [ 13.499009012855765, 54.090058207820221 ], [ 13.501150846334554, 54.086581349649578 ], [ 13.500468849957485, 54.085150837641208 ], [ 13.495867848222645, 54.083786726176527 ], [ 13.489529013653055, 54.083488345510716 ], [ 13.479330063131954, 54.086537480720324 ], [ 13.466365456300878, 54.087342500755994 ], [ 13.456348538454392, 54.091059923077069 ], [ 13.455409526628387, 54.091722130771814 ], [ 13.454492450166526, 54.092784642897016 ], [ 13.457391500217739, 54.09760344064631 ], [ 13.453872918900231, 54.098106026771745 ], [ 13.449203849278263, 54.101177811406899 ], [ 13.447572112163414, 54.106165527916914 ], [ 13.438322305230201, 54.111850142570063 ], [ 13.441295742704426, 54.114839434192675 ], [ 13.439640044952171, 54.11702096464586 ], [ 13.440951705257021, 54.122496724344501 ], [ 13.438672900533959, 54.123199939325843 ], [ 13.436757445299861, 54.125696063422765 ], [ 13.435718417171302, 54.129660845171884 ], [ 13.432672858565638, 54.131046772390732 ], [ 13.427983641432093, 54.13819575313164 ], [ 13.427524447595204, 54.13853573823377 ], [ 13.422398447730245, 54.140481829772739 ], [ 13.422475934217175, 54.140625000043713 ], [ 13.420827030842986, 54.140625000043713 ], [ 13.414589643397505, 54.145186662734318 ], [ 13.409981846385278, 54.147100448826791 ], [ 13.406586051305283, 54.147109746917408 ], [ 13.4104855063012, 54.149991154967893 ], [ 13.408563375399638, 54.152327656596185 ], [ 13.411242007912392, 54.156185865085774 ], [ 13.410773158054781, 54.156262636611586 ], [ 13.404473542919845, 54.153459548719297 ], [ 13.405425309830264, 54.151131152680648 ], [ 13.401461600972254, 54.149627804579552 ], [ 13.400833249155255, 54.146972656063383 ], [ 13.387346148805875, 54.142634272553721 ], [ 13.381933450468466, 54.142390131799175 ], [ 13.383057951962883, 54.144375920312541 ], [ 13.380934953885117, 54.148571610191766 ], [ 13.382295370035365, 54.151868104829191 ], [ 13.38967096824058, 54.154952049197902 ], [ 13.393981814509175, 54.158581971980539 ], [ 13.407748937663371, 54.16185092937701 ], [ 13.410097718634859, 54.164624571666707 ], [ 13.413151622049782, 54.162947654410857 ], [ 13.410444021474405, 54.159856439023542 ], [ 13.413870335048102, 54.160149335623487 ], [ 13.415631771489245, 54.164159417123585 ], [ 13.423215150858653, 54.166984200260742 ], [ 13.423221946136096, 54.169484734632874 ], [ 13.421735048433845, 54.171519636921857 ], [ 13.418225050245951, 54.173432826763587 ], [ 13.406895041273117, 54.179241061326081 ], [ 13.397536516197363, 54.180729746880445 ], [ 13.394867658415819, 54.18063211468052 ], [ 13.394135952012618, 54.180330634051586 ], [ 13.394754052457586, 54.179814458270755 ], [ 13.399831652608782, 54.178295970083127 ], [ 13.398548245405323, 54.172801852523605 ], [ 13.400133133237489, 54.17002964015586 ], [ 13.392578363101109, 54.171616077520127 ], [ 13.389736533314476, 54.175035715425906 ], [ 13.381307840684428, 54.176633715373782 ], [ 13.377316951616137, 54.176589846444301 ], [ 13.374847412378301, 54.176110148064936 ], [ 13.362661957483454, 54.170219540999199 ], [ 13.359375000156319, 54.170479774222258 ], [ 13.359177232043692, 54.170496940481598 ], [ 13.355483174109281, 54.168138146458375 ], [ 13.354809045900936, 54.167951703508436 ], [ 13.350073457024507, 54.167969941759509 ], [ 13.347648620387588, 54.165163517382496 ], [ 13.346504926461364, 54.164953351216298 ], [ 13.34207546680949, 54.16708266703148 ], [ 13.337852716329905, 54.167438268861076 ], [ 13.332530855814412, 54.164371132821714 ], [ 13.326816439427205, 54.163473844142629 ], [ 13.322407245997681, 54.160313129147653 ], [ 13.318707346966619, 54.159911155575514 ], [ 13.318293213660979, 54.162532449113314 ], [ 13.334148168702995, 54.169281720774848 ], [ 13.331423759798838, 54.170625806136115 ], [ 13.334646105333604, 54.172318458829864 ], [ 13.334512949013515, 54.173791647266853 ], [ 13.340254545610946, 54.17407965695071 ], [ 13.336956143511259, 54.176228642737726 ], [ 13.340572118708394, 54.177834510854041 ], [ 13.345038056661167, 54.177811145568 ], [ 13.346500634896415, 54.180029749673395 ], [ 13.341405272235704, 54.182342528984577 ], [ 13.335084438496096, 54.181708454781472 ], [ 13.327496647952103, 54.183756947625113 ], [ 13.319046854528779, 54.194416046163667 ], [ 13.307980537571723, 54.203244924513683 ], [ 13.297226547966943, 54.225096106600176 ], [ 13.289292931223827, 54.233378648605822 ], [ 13.28627467153899, 54.235112071165304 ], [ 13.28502774263626, 54.23556280148216 ], [ 13.263902067926267, 54.239058613764144 ], [ 13.257899403534736, 54.24100720901555 ], [ 13.248147368406364, 54.239763140856269 ], [ 13.229289532086284, 54.23946595179234 ], [ 13.216521263445713, 54.240923643111614 ], [ 13.211186051595064, 54.2443399427342 ], [ 13.215985059762829, 54.247072339417002 ], [ 13.215834140932827, 54.249549269283534 ], [ 13.210155844916358, 54.251253128429198 ], [ 13.203767657351648, 54.256963729892391 ], [ 13.197980642292862, 54.258573651253073 ], [ 13.190974355182391, 54.258721351409349 ], [ 13.190037250818648, 54.263335347448447 ], [ 13.187744020969774, 54.265622019440627 ], [ 13.184935450810428, 54.266267418806422 ], [ 13.173865437639961, 54.263185858540623 ], [ 13.168669224105486, 54.26611804950852 ], [ 13.1640925409381, 54.265205145001516 ], [ 13.161742210434682, 54.263669252234251 ], [ 13.1626714466301, 54.259621500831713 ], [ 13.154378414032749, 54.257789969431599 ], [ 13.145941257882839, 54.253308772681748 ], [ 13.143788218851284, 54.253490448325692 ], [ 13.142336606948959, 54.256198167611444 ], [ 13.145326972362056, 54.259728432021689 ], [ 13.15239286383968, 54.261746644691925 ], [ 13.158077240172474, 54.266279458930001 ], [ 13.161538362905276, 54.267592072516152 ], [ 13.167596221388578, 54.267549276478007 ], [ 13.171958803855773, 54.266190171539165 ], [ 13.177168369624553, 54.266142129755622 ], [ 13.179247140843017, 54.269819617681378 ], [ 13.17903554475464, 54.270012736298838 ], [ 13.165766834871647, 54.277499318039133 ], [ 13.152772069275613, 54.268428444717017 ], [ 13.136730551673679, 54.268443823124016 ], [ 13.127597331951335, 54.270560502565331 ], [ 13.121428251612656, 54.272909045216352 ], [ 13.111331820207397, 54.278065323455905 ], [ 13.107876658181226, 54.280571937245156 ], [ 13.104097366100689, 54.2849879268515 ], [ 13.104075551245728, 54.288950562818229 ], [ 13.10616254766353, 54.290562152421501 ], [ 13.10627794237314, 54.29342913624572 ], [ 13.11204254632662, 54.298372268865251 ], [ 13.110831141544111, 54.302621722014919 ], [ 13.112081765760877, 54.304217577079555 ], [ 13.109174967151091, 54.308081150025032 ], [ 13.108678222122307, 54.308492541297937 ], [ 13.103254437842168, 54.311224818370761 ], [ 13.09783124891311, 54.315982341711731 ], [ 13.097846746030655, 54.316406249748809 ], [ 13.099170923099791, 54.316406249748809 ], [ 13.098935246764256, 54.317391037966161 ], [ 13.098513245290178, 54.317616104999274 ], [ 13.088918924268967, 54.319888949015876 ], [ 13.088337778765663, 54.320292473019265 ], [ 13.086367606979593, 54.326796412324597 ], [ 13.086149453934297, 54.327194571872099 ], [ 13.083093643057225, 54.329864144614646 ], [ 13.082575916845087, 54.332745551765925 ], [ 13.0823786262726, 54.333843946840773 ], [ 13.080082059039853, 54.335906148050356 ], [ 13.080957770284897, 54.337430477334692 ], [ 13.078791737848462, 54.338224768458417 ], [ 13.078473925531398, 54.338590145019225 ], [ 13.076741337542728, 54.342107773055375 ], [ 13.07578456410647, 54.345690965265874 ], [ 13.075787306139375, 54.348322629785571 ], [ 13.076746701998843, 54.349902749412365 ], [ 13.084821343230374, 54.356724261815316 ], [ 13.084720254036654, 54.359518050717611 ], [ 13.09327304321647, 54.363620042930677 ], [ 13.09338045104704, 54.366493224882618 ], [ 13.090969323675495, 54.370474457930015 ], [ 13.085875153515644, 54.376579046086249 ], [ 13.081624746185184, 54.379722356501588 ], [ 13.080960035677208, 54.380109548816733 ], [ 13.074311375669595, 54.382347941604337 ], [ 13.07314503231737, 54.382505655711498 ], [ 13.063829064060144, 54.380646705780975 ], [ 13.049111246886582, 54.379757761911378 ], [ 13.043730378254509, 54.383267163848586 ], [ 13.0431547168169, 54.385511040701999 ], [ 13.037910103568493, 54.390246271648209 ], [ 13.02503800370107, 54.396648049767691 ], [ 13.021328211228024, 54.410603642044521 ], [ 13.02269065355091, 54.417166828686334 ], [ 13.025159955367769, 54.42203307106945 ], [ 13.034779548237623, 54.423634052269847 ], [ 13.035020947858641, 54.430919647224016 ], [ 13.033013701521099, 54.434592247334422 ], [ 13.032345533119951, 54.434898376558806 ], [ 13.026262402787722, 54.437084675217704 ], [ 13.016229152353503, 54.439294338263153 ], [ 13.015544533553452, 54.439377069596219 ], [ 13.007812499847034, 54.438336968576323 ], [ 13.007812499847034, 54.438058018662673 ], [ 13.004068851496413, 54.437947153838138 ], [ 12.99994134911401, 54.436040759273624 ], [ 12.99928450587538, 54.435602307400586 ], [ 12.998258829081749, 54.430377840764777 ], [ 12.995103955183481, 54.427590132179034 ], [ 12.988921403899724, 54.425554752350081 ], [ 12.986164450329227, 54.425016164564511 ], [ 12.96958994861734, 54.423733353611567 ], [ 12.967471480424649, 54.422737002810607 ], [ 12.956501245236268, 54.422417044710926 ], [ 12.95333182840119, 54.416928768248113 ], [ 12.938164830442645, 54.414370655681353 ], [ 12.927168727155163, 54.414295673806464 ], [ 12.921891928070181, 54.412571907267875 ], [ 12.912260651208271, 54.406587958667444 ], [ 12.897368549918724, 54.401622057012389 ], [ 12.895936846308473, 54.398793578560912 ], [ 12.896792650160762, 54.394691705957541 ], [ 12.895084500349526, 54.392169713761348 ], [ 12.894902825604902, 54.391927838399113 ], [ 12.886369943818011, 54.386551380042192 ], [ 12.883684158097594, 54.379045247939985 ], [ 12.885116815888409, 54.377125859071157 ], [ 12.883241057628766, 54.369651317454441 ], [ 12.878325343539814, 54.365251302505783 ], [ 12.877664208736348, 54.364858746633843 ], [ 12.864301561967523, 54.361833453351323 ], [ 12.854697346605349, 54.35426795520209 ], [ 12.850204348951593, 54.352429032274017 ], [ 12.844911933139315, 54.351359606161054 ], [ 12.822529673505699, 54.351912140632919 ], [ 12.816579579883808, 54.350498914493414 ], [ 12.810191869859068, 54.345382451938633 ], [ 12.809422730974404, 54.345298647714458 ], [ 12.80839490929776, 54.345832347684734 ], [ 12.809273242965958, 54.347367047950968 ], [ 12.807735562346295, 54.348265051590943 ], [ 12.807733654884373, 54.348717570659403 ], [ 12.810138941159266, 54.350173354516755 ], [ 12.808392405585153, 54.356565832747037 ], [ 12.809902905994306, 54.358253717235414 ], [ 12.804566622151981, 54.364027977209389 ], [ 12.802996278155774, 54.372652650099781 ], [ 12.795374155093327, 54.377681255185848 ], [ 12.785834312303791, 54.379047155401906 ], [ 12.784019112592034, 54.385526537819544 ], [ 12.787386178829195, 54.395878552952979 ], [ 12.784015059347496, 54.396096705998332 ], [ 12.783738851466921, 54.392680644696043 ], [ 12.777468324003962, 54.391432523292508 ], [ 12.773915648488412, 54.387974262202533 ], [ 12.771414757085495, 54.37606894972231 ], [ 12.767378926196614, 54.371116280691865 ], [ 12.754693150568471, 54.371437550003122 ], [ 12.75379407403733, 54.37476110434153 ], [ 12.749630809214523, 54.377096414368168 ], [ 12.74412536649254, 54.383628845095132 ], [ 12.741499543069494, 54.374289035810421 ], [ 12.73569762714385, 54.371178150451328 ], [ 12.736996531464797, 54.370545864100393 ], [ 12.734933019043638, 54.370535731438963 ], [ 12.720529079653431, 54.37291216836195 ], [ 12.720456242661498, 54.377737880099176 ], [ 12.716954111742893, 54.379903674215313 ], [ 12.716868757986845, 54.382728457352471 ], [ 12.713771105252363, 54.38656485098727 ], [ 12.714207172123338, 54.392934441471482 ], [ 12.71610331531582, 54.393973469600041 ], [ 12.714872241460853, 54.39869630339166 ], [ 12.699826836339469, 54.398704171560382 ], [ 12.696099400966659, 54.392063856362029 ], [ 12.695399642079906, 54.38432073581339 ], [ 12.68230032939681, 54.375152349901214 ], [ 12.686316848244132, 54.371021747555744 ], [ 12.677049278801235, 54.370362162283982 ], [ 12.682304977992487, 54.379556417195033 ], [ 12.687197446405094, 54.381261944583116 ], [ 12.690749049029534, 54.384873032864334 ], [ 12.693529248276377, 54.385683775286168 ], [ 12.68616914718848, 54.393473863827865 ], [ 12.687885045558517, 54.399090170475176 ], [ 12.690790415145557, 54.400896668346604 ], [ 12.693362951039376, 54.401354550971746 ], [ 12.696429372117848, 54.401777744047706 ], [ 12.703370928725462, 54.402500510290508 ], [ 12.71311187701167, 54.401865124875656 ], [ 12.714780569068182, 54.403334736708928 ], [ 12.714957356896662, 54.404085636443142 ], [ 12.710727572819337, 54.410623550336595 ], [ 12.706154465356292, 54.411989330942902 ], [ 12.692514062074395, 54.409633040632514 ], [ 12.685661316216908, 54.406816959335288 ], [ 12.673668742518487, 54.408396363101815 ], [ 12.665747046289198, 54.407300949279374 ], [ 12.65625000043724, 54.407645106336759 ], [ 12.65625000043724, 54.405691862489562 ], [ 12.660002112307723, 54.406307220901567 ], [ 12.660995960295452, 54.405988454403769 ], [ 12.661020636793069, 54.405700206399445 ], [ 12.658259749587842, 54.403590440946289 ], [ 12.658254503842272, 54.403310060211084 ], [ 12.66143512712955, 54.401875257537085 ], [ 12.660084843640789, 54.398062944149615 ], [ 12.665117263650927, 54.397405266340002 ], [ 12.670095205429504, 54.394826651029234 ], [ 12.670478343600848, 54.392445206681032 ], [ 12.669758558610624, 54.390960336050796 ], [ 12.667411923421525, 54.389656900945397 ], [ 12.666489124573559, 54.389501810160539 ], [ 12.662514805513922, 54.390213012920356 ], [ 12.661361217246508, 54.386790752591139 ], [ 12.65650236639118, 54.383924007087444 ], [ 12.65625000043724, 54.383928536972519 ], [ 12.636852740861457, 54.379296541002645 ], [ 12.619590878316387, 54.372337221885346 ], [ 12.598853350102104, 54.370754480734774 ], [ 12.599961757329311, 54.364017724938208 ], [ 12.599262833912746, 54.362993717286372 ], [ 12.593752503375413, 54.358265519038525 ], [ 12.591650366870908, 54.357538462130492 ], [ 12.586238742324213, 54.356387614996436 ], [ 12.580476045832825, 54.356334447976508 ], [ 12.574093580654278, 54.358405232315704 ], [ 12.576701402347965, 54.364519715712504 ], [ 12.575585961522904, 54.366456747481038 ], [ 12.578699827235425, 54.367935061154128 ], [ 12.582424044833886, 54.373369574346498 ], [ 12.57795155082357, 54.373285174771183 ], [ 12.573300361522627, 54.371153235633415 ], [ 12.566672206057433, 54.37169015427736 ], [ 12.556810259386054, 54.375157356426882 ], [ 12.555274247908244, 54.378783822215723 ], [ 12.553368568304961, 54.379412174032723 ], [ 12.554450273761177, 54.372367501159374 ], [ 12.544356346068582, 54.368212341926153 ], [ 12.539876341819763, 54.368039846561715 ], [ 12.534334540406746, 54.365093827618239 ], [ 12.5349838734071, 54.362232446570204 ], [ 12.550289630462146, 54.360282063466457 ], [ 12.552715778310642, 54.35894441635179 ], [ 12.550789355844074, 54.355610370522356 ], [ 12.539011359486665, 54.351814628042746 ], [ 12.535263061641047, 54.345231056468265 ], [ 12.538488865069155, 54.34283494957333 ], [ 12.535076857011404, 54.338819623227209 ], [ 12.534619569737401, 54.338466763430574 ], [ 12.526391744283728, 54.334419250348162 ], [ 12.521113753596921, 54.334124564996841 ], [ 12.51422011826395, 54.335879207059804 ], [ 12.506338834869496, 54.33359694444357 ], [ 12.499430656599714, 54.333547949378499 ], [ 12.499122858233363, 54.331818461352952 ], [ 12.496294021851725, 54.33088624480439 ], [ 12.473868846569985, 54.330014825124181 ], [ 12.471128820938361, 54.325467467050089 ], [ 12.471128940548283, 54.321839809659593 ], [ 12.475924730042323, 54.316406249748809 ], [ 12.475705027465153, 54.316406249748809 ], [ 12.477183818678384, 54.315500617159785 ], [ 12.477488875011602, 54.315151214357059 ], [ 12.479429245063614, 54.308689356129037 ], [ 12.4762098789829, 54.30699133897923 ], [ 12.478742957121767, 54.304314613028964 ], [ 12.454405546179089, 54.299021243935329 ], [ 12.433879137412418, 54.296545743990919 ], [ 12.432794451602774, 54.29616355910116 ], [ 12.43027460608829, 54.293735027149978 ], [ 12.418520450758365, 54.289680242149586 ], [ 12.416226863878649, 54.288088321618886 ], [ 12.416026949983802, 54.287812352058438 ], [ 12.414635300378848, 54.283561706407738 ], [ 12.414379477431112, 54.283289313451178 ], [ 12.409539937718137, 54.280261636065745 ], [ 12.408184171062771, 54.276859044809157 ], [ 12.408192157941812, 54.276133179502665 ], [ 12.408666848896075, 54.272788643980846 ], [ 12.410495639162491, 54.271610617536112 ], [ 12.408822775151123, 54.268520117109688 ], [ 12.41825044190449, 54.257905722071598 ], [ 12.418711543203187, 54.257640958063917 ], [ 12.450013279789175, 54.253795623369513 ], [ 12.456709742360829, 54.250408649739427 ], [ 12.460430145035275, 54.249861836754462 ], [ 12.460709452878973, 54.248737453970421 ], [ 12.460381746220719, 54.248509645803608 ], [ 12.453515052777561, 54.246660828534573 ], [ 12.437274337141048, 54.245284676946312 ], [ 12.432479619638912, 54.245299577813341 ], [ 12.431101440978807, 54.246199727235705 ], [ 12.417062879048615, 54.246970057722081 ], [ 12.415930271065236, 54.247173309001141 ], [ 12.400472521389759, 54.250499724982376 ], [ 12.399470329492146, 54.250826955000036 ], [ 12.396598339142031, 54.25332713144212 ], [ 12.386474609715549, 54.256726264805309 ], [ 12.381068468335116, 54.260305166350406 ], [ 12.370654225512169, 54.26310944584435 ], [ 12.367359638336666, 54.265711069410372 ], [ 12.364015817775794, 54.265954970945245 ], [ 12.364048838183521, 54.267241954752592 ], [ 12.369596600302884, 54.269758701203102 ], [ 12.377493143393963, 54.271363616038116 ], [ 12.382855772875757, 54.277976155675219 ], [ 12.382288456247409, 54.27971434554064 ], [ 12.380438566087093, 54.281057476721344 ], [ 12.375907778921032, 54.28227841881403 ], [ 12.367938518447943, 54.28874826392132 ], [ 12.365453242872945, 54.29121100878109 ], [ 12.36399924776714, 54.296473861179777 ], [ 12.358689904015989, 54.299597024982745 ], [ 12.35990953489727, 54.300781727095114 ], [ 12.358741641113966, 54.302453875246272 ], [ 12.36215567624356, 54.303678154723173 ], [ 12.360691427967197, 54.306216955248374 ], [ 12.365988850305314, 54.309907555289612 ], [ 12.366697550251843, 54.310083746867519 ], [ 12.370669841340259, 54.308602571551432 ], [ 12.377295017351287, 54.308383226005105 ], [ 12.381796479424054, 54.309072255979856 ], [ 12.38385891895399, 54.309962630671009 ], [ 12.385862946617806, 54.31157135953066 ], [ 12.386062145551762, 54.311977505957202 ], [ 12.384485840848981, 54.313323855811348 ], [ 12.384832024977982, 54.313674330605977 ], [ 12.390306115534827, 54.316406249748809 ], [ 12.392636179815895, 54.318713903823721 ], [ 12.392012954134714, 54.320781111559199 ], [ 12.396685123719635, 54.323241830246332 ], [ 12.396705746972771, 54.325490951946051 ], [ 12.394195914510021, 54.326600313353936 ], [ 12.397642850437308, 54.330808043356569 ], [ 12.397608042177524, 54.331460356710124 ], [ 12.39687287788098, 54.332745551765925 ], [ 12.396839857473424, 54.333173274727017 ], [ 12.396360039484364, 54.333642244194323 ], [ 12.391564369600019, 54.334931850424709 ], [ 12.391130209291816, 54.335202575138794 ], [ 12.390719056339435, 54.337367654293871 ], [ 12.385179042778645, 54.339297175824129 ], [ 12.385182738093079, 54.339414120065669 ], [ 12.389020800869275, 54.341006875167125 ], [ 12.389965176251962, 54.342956543309981 ], [ 12.394798755258535, 54.34290540246252 ], [ 12.400182008892671, 54.342262148879115 ], [ 12.407217740706187, 54.335782408531486 ], [ 12.415442347486533, 54.334875106800837 ], [ 12.4180594681701, 54.336359142860204 ], [ 12.421756625168257, 54.341395855334497 ], [ 12.421344161004242, 54.353043079474674 ], [ 12.417174100904163, 54.356702446960526 ], [ 12.416870832423115, 54.363557100279934 ], [ 12.414719224212945, 54.365092515507285 ], [ 12.421407818616046, 54.371446251843111 ], [ 12.434116244569054, 54.375101566084595 ], [ 12.435896158480944, 54.378479242523042 ], [ 12.438411474110353, 54.377727627827767 ], [ 12.450279951258779, 54.379091978512122 ], [ 12.452379703660426, 54.380536555917388 ], [ 12.459987401597289, 54.381272911815586 ], [ 12.49561286004564, 54.381888508547945 ], [ 12.502410411811184, 54.380540252131027 ], [ 12.509833454650277, 54.377315044054228 ], [ 12.519855141601681, 54.371456622825008 ], [ 12.520026564974046, 54.370157241863296 ], [ 12.524022340958254, 54.36974000949391 ], [ 12.524920344598286, 54.369791507372213 ], [ 12.525008917028003, 54.371115922761646 ], [ 12.522435903594214, 54.372337937745613 ], [ 12.52202784970558, 54.376994370993486 ], [ 12.522491574326807, 54.377419352820993 ], [ 12.526263236559259, 54.380209207189353 ], [ 12.527527332620366, 54.380707264328862 ], [ 12.535004615370838, 54.380805849810145 ], [ 12.539266705793978, 54.38464355465635 ], [ 12.546441435923668, 54.386554122075268 ], [ 12.551132440909498, 54.389178752997111 ], [ 12.55185914078686, 54.38932335408964 ], [ 12.572320342410023, 54.389535665138908 ], [ 12.577646731911216, 54.387909055059026 ], [ 12.58624625166334, 54.388895749839151 ], [ 12.591895580516734, 54.386911511757035 ], [ 12.591240644740026, 54.38432073581339 ], [ 12.592791080444101, 54.383355855888112 ], [ 12.593061923868788, 54.383481264548777 ], [ 12.597601175453917, 54.391347407856699 ], [ 12.586104035572873, 54.393166065461685 ], [ 12.57812082751434, 54.397092223127686 ], [ 12.576421380442412, 54.399422407018506 ], [ 12.577840447678568, 54.40410447094456 ], [ 12.583385109834978, 54.405036449172826 ], [ 12.587525606521638, 54.407582521616234 ], [ 12.603460669574361, 54.408821821569916 ], [ 12.609804153638834, 54.409259677192438 ], [ 12.616969823998261, 54.407138705287082 ], [ 12.611406922691401, 54.411119938334537 ], [ 12.613918543006491, 54.414041161170758 ], [ 12.618221164075521, 54.414753556431606 ], [ 12.617685913673995, 54.417865156751759 ], [ 12.623533010639903, 54.42016482394763 ], [ 12.628852247833038, 54.419602752165417 ], [ 12.637600660242299, 54.424762607008745 ], [ 12.639247178614426, 54.423674344595383 ], [ 12.634979247993954, 54.42172527270327 ], [ 12.636210203138489, 54.416521072289697 ], [ 12.636474967146057, 54.416324138748053 ], [ 12.638989806134816, 54.416057348567904 ], [ 12.63974904977897, 54.419260144639964 ], [ 12.641762375533233, 54.416564941219178 ], [ 12.645131707162591, 54.415840745054481 ], [ 12.644193053266804, 54.419549822566239 ], [ 12.646720409019792, 54.419352412384001 ], [ 12.65212154387433, 54.410965919541582 ], [ 12.652580142359739, 54.410558343193088 ], [ 12.65625000043724, 54.409877061777138 ], [ 12.663599848354409, 54.408262372210686 ], [ 12.664180875147451, 54.408256411504283 ], [ 12.667929053383148, 54.409692168359015 ], [ 12.668173551168536, 54.410112857722368 ], [ 12.666976213581449, 54.417820453251466 ], [ 12.670485019268312, 54.415545344741872 ], [ 12.671812176690707, 54.416036009454331 ], [ 12.670289754868463, 54.422056555965412 ], [ 12.681413650919353, 54.425840258321273 ], [ 12.688547014932965, 54.43005704899366 ], [ 12.689152002363073, 54.430091858152764 ], [ 12.686423778534675, 54.427139162642277 ], [ 12.686576366506131, 54.426910161974433 ], [ 12.692891120828563, 54.428270101484031 ], [ 12.690980911340034, 54.427005052141624 ], [ 12.691065550135022, 54.424616575094888 ], [ 12.67812585812203, 54.422873258194443 ], [ 12.674004912696603, 54.418800473263275 ], [ 12.678888678369901, 54.41496145720555 ], [ 12.684519768072846, 54.414697169838576 ], [ 12.687681912990001, 54.416760444838701 ], [ 12.694430828520069, 54.418516755144253 ], [ 12.707568407356234, 54.417660236330846 ], [ 12.719980835846968, 54.415025353137651 ], [ 12.729970574382548, 54.415529370084357 ], [ 12.730682850033645, 54.41577744447352 ], [ 12.73126316096608, 54.416865945207292 ], [ 12.730296850219474, 54.421797871374679 ], [ 12.724722147109503, 54.425013303821061 ], [ 12.710550427060639, 54.425718069233653 ], [ 12.696907639675885, 54.431086301491632 ], [ 12.713192105531277, 54.427803277799114 ], [ 12.716025471798218, 54.428494453556254 ], [ 12.720114946347792, 54.431858659050022 ], [ 12.723750471906783, 54.429398178683186 ], [ 12.722545742791965, 54.427488923375165 ], [ 12.726827740607803, 54.426835060489736 ], [ 12.729098200521605, 54.423257708476569 ], [ 12.739334702234885, 54.415361642925632 ], [ 12.75455677467545, 54.414587020874364 ], [ 12.763655543168966, 54.413001656401377 ], [ 12.767013311315338, 54.416255355000828 ], [ 12.771470546528576, 54.417182803343849 ], [ 12.788504600906663, 54.417101741152578 ], [ 12.792724609353343, 54.415435433198752 ], [ 12.801598667844416, 54.408237457392772 ], [ 12.808419346575704, 54.41442728059468 ], [ 12.814811825705249, 54.418247819181488 ], [ 12.821521877932298, 54.421052455706274 ], [ 12.831104159729364, 54.422403455055473 ], [ 12.850257277651394, 54.421529055022063 ], [ 12.851286649759118, 54.42138397728877 ], [ 12.860696077362263, 54.419709802065768 ], [ 12.864556669954538, 54.41880583771939 ], [ 12.874738455115676, 54.413253545714724 ], [ 12.875309944598428, 54.413246750437281 ], [ 12.880739450365525, 54.416265129732096 ], [ 12.894696354753137, 54.417640805578742 ], [ 12.895303368355883, 54.418730854945068 ], [ 12.901062369532781, 54.419260144639964 ], [ 12.901752710719165, 54.420632600913962 ], [ 12.910049557341324, 54.42010450371987 ], [ 12.922496557570241, 54.423165202412235 ], [ 12.927503943152487, 54.427037358487496 ], [ 12.929306269069116, 54.427052021034058 ], [ 12.930001258851121, 54.427866340059609 ], [ 12.929999828029793, 54.42949843420547 ], [ 12.927788972483143, 54.431783556665948 ], [ 12.931571126206677, 54.431734204570034 ], [ 12.93848884088743, 54.438012122661348 ], [ 12.949461578888815, 54.439649820482998 ], [ 12.957498908148182, 54.438030004780956 ], [ 12.958273648909881, 54.436495542835019 ], [ 12.960646748448823, 54.436545849111667 ], [ 12.961316466381845, 54.436724543502862 ], [ 12.96226882954295, 54.437941908992002 ], [ 12.961179971778279, 54.441188335673246 ], [ 12.959032058882599, 54.441621541800771 ], [ 12.950006365701313, 54.44277167307439 ], [ 12.930127262862925, 54.442736506884387 ], [ 12.928631543710878, 54.442483425070066 ], [ 12.924734712037321, 54.44057035483803 ], [ 12.924470544280325, 54.433717131440574 ], [ 12.921702146836594, 54.43221151794728 ], [ 12.916588545025434, 54.438613534387116 ], [ 12.919446229859659, 54.443130254357811 ], [ 12.921724200011909, 54.442893624741089 ], [ 12.92037033991943, 54.444542646825823 ], [ 12.856356977992164, 54.440369844692668 ], [ 12.800033569593552, 54.439872741733723 ], [ 12.769269347002819, 54.441605448432881 ], [ 12.671795248751835, 54.441406250398302 ], [ 12.6648503538608, 54.441715240366136 ], [ 12.65625000043724, 54.442522167863729 ], [ 12.615817904872529, 54.449150562548596 ], [ 12.56528460969713, 54.453154445021653 ], [ 12.558619260970147, 54.454028845055234 ], [ 12.548891902339562, 54.45585763442233 ], [ 12.54822945632435, 54.456060409960003 ], [ 12.537224769907311, 54.461107134586655 ], [ 12.535908818037683, 54.461887359414163 ], [ 12.526432633759157, 54.471090912415832 ], [ 12.5262093545781, 54.471574067789106 ], [ 12.52901780602707, 54.475585937141432 ], [ 12.530360937207604, 54.482281326821806 ], [ 12.518518567378123, 54.484302401135039 ], [ 12.510995030696279, 54.482868075101635 ], [ 12.496552467222557, 54.469650149035203 ], [ 12.477897525150752, 54.441169976912875 ], [ 12.468201756106225, 54.421850919684232 ], [ 12.451928377093054, 54.404292344716055 ], [ 12.435684561493417, 54.391363501224589 ], [ 12.407888054889895, 54.377501249583077 ], [ 12.392644643335757, 54.357885479930928 ], [ 12.385121226263664, 54.353181123610113 ], [ 12.379710674608077, 54.343585848408338 ], [ 12.370792150937007, 54.332745551765925 ], [ 12.366714358580793, 54.329147457789077 ], [ 12.367413759537499, 54.327458143378749 ], [ 12.356345653828953, 54.316406249748809 ], [ 12.355659246277355, 54.316406249748809 ], [ 12.34238433826664, 54.302554965339368 ], [ 12.339909314962995, 54.298474430950421 ], [ 12.319820165568331, 54.287270665209121 ], [ 12.306138157849716, 54.281008601266024 ], [ 12.304687500128125, 54.280691861840012 ], [ 12.244540214859114, 54.260172247451408 ], [ 12.222604155657336, 54.253872751925996 ], [ 12.195479869800124, 54.242586970712296 ], [ 12.175628423812839, 54.229423046236661 ], [ 12.149336456912124, 54.200808405683404 ], [ 12.132709145210981, 54.188554406260948 ], [ 12.123791456110894, 54.183335662011245 ], [ 12.109024643872317, 54.177930831842559 ], [ 12.102492332755048, 54.1784545187611 ], [ 12.095141053117231, 54.18065214168314 ], [ 12.101006746264432, 54.16910397966501 ], [ 12.106802344452603, 54.170311927453611 ], [ 12.109601139880738, 54.175553440738838 ], [ 12.116276860488881, 54.175504207353299 ], [ 12.120093702862221, 54.173942446486706 ], [ 12.123339056652185, 54.176032542867688 ], [ 12.129895925556582, 54.173454046267238 ], [ 12.140583157586775, 54.174134016471839 ], [ 12.142443418728874, 54.172337651261671 ], [ 12.142671942756124, 54.171922921705516 ], [ 12.140187978392532, 54.16929066183468 ], [ 12.136420249794753, 54.168214678764571 ], [ 12.138379216028113, 54.16735661041929 ], [ 12.136683702590858, 54.161431312904767 ], [ 12.14255785925792, 54.161579728022161 ], [ 12.14245462428164, 54.160766721107393 ], [ 12.13766670205672, 54.159913301357903 ], [ 12.135651946380278, 54.157378315756773 ], [ 12.13103282420559, 54.158613920396135 ], [ 12.133030056591963, 54.155862450891505 ], [ 12.129446864381293, 54.158438205458992 ], [ 12.121551155861255, 54.15830814820265 ], [ 12.124864340117256, 54.15046060107602 ], [ 12.120825171844331, 54.155152917273483 ], [ 12.116283059515581, 54.156224369559141 ], [ 12.108811855283079, 54.155331135023914 ], [ 12.112652302162132, 54.149076938350106 ], [ 12.112512469275202, 54.146378278834504 ], [ 12.106271743546301, 54.156141042874935 ], [ 12.102721214712346, 54.154955029551104 ], [ 12.103607535259584, 54.148194074796834 ], [ 12.101701855656131, 54.148282170585787 ], [ 12.100710153450791, 54.15379858054024 ], [ 12.098031639648582, 54.153300643010255 ], [ 12.097795724992807, 54.153088927312126 ], [ 12.096165060769067, 54.144960522809924 ], [ 12.096989154526, 54.140625000043713 ], [ 12.096406937030622, 54.140625000043713 ], [ 12.096054673484502, 54.138247251909149 ], [ 12.100079059600944, 54.125546216584723 ], [ 12.097889303948193, 54.116226315592087 ], [ 12.100295305184318, 54.112136721432591 ], [ 12.102699637278477, 54.111746073022971 ], [ 12.101215958249952, 54.109562635107693 ], [ 12.111534834265285, 54.103320956097434 ], [ 12.11387574706805, 54.100588917344851 ], [ 12.112629055586467, 54.099664330644316 ], [ 12.113012552587406, 54.099257349646962 ], [ 12.117459058888471, 54.096927642396906 ], [ 12.117962241264422, 54.096747278863916 ], [ 12.124737739854879, 54.095214962700368 ], [ 12.125522613278008, 54.095217704733273 ], [ 12.134796142527989, 54.097454071348409 ], [ 12.142227053535748, 54.096890210814649 ], [ 12.147382855134708, 54.097870469146926 ], [ 12.148112773685739, 54.09779763215505 ], [ 12.152384042589631, 54.096631050482699 ], [ 12.150624633220332, 54.09436941111943 ], [ 12.142742872285737, 54.093275546829091 ], [ 12.121211052048579, 54.093253135723785 ], [ 12.109632611655798, 54.095572114062008 ], [ 12.108255862917872, 54.099324225932264 ], [ 12.104114770880017, 54.098870754481879 ], [ 12.103316545222356, 54.099124669967637 ], [ 12.101177453776529, 54.100641012372876 ], [ 12.096782446252917, 54.104375243023071 ], [ 12.095133542878727, 54.107897519654898 ], [ 12.092565417260289, 54.108952045800379 ], [ 12.092684030643568, 54.111703753625363 ], [ 12.089779376916795, 54.113277316295239 ], [ 12.086097955356479, 54.122615933078919 ], [ 12.092122912142713, 54.132118463896063 ], [ 12.092120051399263, 54.132633448075296 ], [ 12.089889765100679, 54.133705258291172 ], [ 12.087461948110388, 54.140625000043713 ], [ 12.087447523884123, 54.142114043528352 ], [ 12.084908246718385, 54.14439237161082 ], [ 12.084899901909068, 54.144686102781577 ], [ 12.088079810235058, 54.146244526263899 ], [ 12.092656850433286, 54.153256654471079 ], [ 12.094183445109934, 54.159178376281204 ], [ 12.096390127802124, 54.161269307232772 ], [ 12.095127463461779, 54.163508057950594 ], [ 12.096951365912901, 54.165642380291672 ], [ 12.097020030050373, 54.169716358623248 ], [ 12.093755245508305, 54.171967625205809 ], [ 12.094946861608491, 54.173967957555362 ], [ 12.093066811784013, 54.178107619671039 ], [ 12.092834829863591, 54.178444146879997 ], [ 12.087096929479799, 54.182962536891637 ], [ 12.070163011913451, 54.178094744976647 ], [ 12.05713975399658, 54.177845239766043 ], [ 12.042168855908074, 54.176089644421722 ], [ 12.026491641975724, 54.176089644421722 ], [ 12.009857774216982, 54.177824139872314 ], [ 12.008823752614262, 54.177683949055108 ], [ 11.966675877390003, 54.167064547490952 ], [ 11.953124999819011, 54.1651785369599 ], [ 11.943732858084957, 54.164378762669742 ], [ 11.922032356508169, 54.16000771488433 ], [ 11.918723345106343, 54.159256816049322 ], [ 11.910030007179159, 54.156467318711861 ], [ 11.887400865657469, 54.151082038905031 ], [ 11.877150416358688, 54.148930549405407 ], [ 11.853201747262858, 54.145118832268281 ], [ 11.845187544969406, 54.144614100360457 ], [ 11.83287870848568, 54.144396423955925 ], [ 11.811562060940389, 54.145118832268281 ], [ 11.794570445569661, 54.147109270276644 ], [ 11.781966447993227, 54.149049520718904 ], [ 11.770476460420412, 54.151422024007331 ], [ 11.760831475192504, 54.154545307420051 ], [ 11.73899567151318, 54.15324676013006 ], [ 11.704221248711804, 54.153916954703675 ], [ 11.680708169846184, 54.152616142920749 ], [ 11.660111666120486, 54.141049623041852 ], [ 11.660156250011028, 54.140625000043713 ], [ 11.660557746942573, 54.140545964025137 ], [ 11.647869229281639, 54.132075548247997 ], [ 11.632723212506278, 54.123556256116501 ], [ 11.61860871272205, 54.112107872980062 ], [ 11.608369350265491, 54.10659527794985 ], [ 11.604689955777019, 54.106444239510097 ], [ 11.604149460529356, 54.106233477992703 ], [ 11.603143334097751, 54.10439825037912 ], [ 11.601562500409102, 54.103794575059624 ], [ 11.589062929410773, 54.099746942367631 ], [ 11.588117003597006, 54.099548339684191 ], [ 11.56546699960245, 54.098427056863272 ], [ 11.556796312000245, 54.09538745896424 ], [ 11.525345444436823, 54.071681856832299 ], [ 11.525052428227127, 54.071375012646854 ], [ 11.525804042922402, 54.068645357996957 ], [ 11.529502153201918, 54.073202014161723 ], [ 11.531871080785777, 54.074572324653104 ], [ 11.534165859267148, 54.07414972782766 ], [ 11.533814668612138, 54.066075563236723 ], [ 11.536896825128451, 54.057056427012526 ], [ 11.531465172679702, 54.053664564668111 ], [ 11.530503511427924, 54.050631642436542 ], [ 11.531851649134467, 54.049104214088288 ], [ 11.542232751939935, 54.054274439913513 ], [ 11.541890859375712, 54.057653665884061 ], [ 11.549592853027832, 54.063969850128672 ], [ 11.548464178679012, 54.065674066305178 ], [ 11.556188345116141, 54.067839265070177 ], [ 11.571430444559496, 54.079525947864283 ], [ 11.575932741203133, 54.079984068809722 ], [ 11.578385115081119, 54.085322141403822 ], [ 11.583250879924265, 54.0902924533342 ], [ 11.587052106469514, 54.092813372639171 ], [ 11.589389323958244, 54.093719959408702 ], [ 11.592385650077688, 54.094277977946433 ], [ 11.598698854868303, 54.09439754461107 ], [ 11.601562500409102, 54.095424055975514 ], [ 11.602905035339234, 54.096164107187803 ], [ 11.601562500409102, 54.097935319259761 ], [ 11.600249767212972, 54.098957299839583 ], [ 11.600640535232515, 54.100730657693759 ], [ 11.601325154032736, 54.101283431385298 ], [ 11.601562500409102, 54.101283431385298 ], [ 11.606621861409792, 54.103835105705627 ], [ 11.612733841093927, 54.102856159484304 ], [ 11.614779353584368, 54.101384043938594 ], [ 11.625742315955165, 54.08940160290166 ], [ 11.625706911444922, 54.086125016556309 ], [ 11.62217342836118, 54.075883507417984 ], [ 11.613271951339584, 54.073076367180704 ], [ 11.61013364834929, 54.070875525585166 ], [ 11.611780047111665, 54.07006442523317 ], [ 11.60440075359196, 54.068923353729929 ], [ 11.602336526209683, 54.067246675693696 ], [ 11.601562500409102, 54.067243337410218 ], [ 11.59468424348313, 54.06749296223046 ], [ 11.58732616856787, 54.064184665789753 ], [ 11.581397652379849, 54.063242554900171 ], [ 11.586325168272083, 54.05117845542145 ], [ 11.586322545848873, 54.046755552726722 ], [ 11.579864144614646, 54.038637519206304 ], [ 11.579553246285343, 54.038318633997903 ], [ 11.572568655319287, 54.032821655694988 ], [ 11.572311043619834, 54.032677411633301 ], [ 11.566164612706814, 54.02962601193093 ], [ 11.556697248978992, 54.026989579205861 ], [ 11.5493232012048, 54.025432348224342 ], [ 11.54662025012442, 54.025144815181079 ], [ 11.540765524209689, 54.025119543332323 ], [ 11.536126732962373, 54.026214480513943 ], [ 11.532948851708227, 54.028368354116253 ], [ 11.529222130397159, 54.034322858013525 ], [ 11.520005702701098, 54.032749533664116 ], [ 11.516281962642552, 54.027274846856756 ], [ 11.517811060132431, 54.025082350070534 ], [ 11.52696537974856, 54.025161146869436 ], [ 11.52860772616566, 54.02662074565103 ], [ 11.530735373738651, 54.026622771823497 ], [ 11.533641338677, 54.02429342250349 ], [ 11.53452050691601, 54.021055817272327 ], [ 11.531994342764733, 54.018808126394106 ], [ 11.519246459056944, 54.016125440636642 ], [ 11.50969612567576, 54.011875152916105 ], [ 11.505300402291709, 54.007107734334568 ], [ 11.505212068182459, 54.004542231139112 ], [ 11.500206947092977, 54.001026153534212 ], [ 11.497123002724493, 53.995868921113924 ], [ 11.491837858830195, 53.993119955321845 ], [ 11.492911339087073, 53.989975332795552 ], [ 11.498008966240889, 53.988170743285366 ], [ 11.49960494001607, 53.985930204715203 ], [ 11.49795424968886, 53.981469511608793 ], [ 11.493474245440041, 53.979483962315101 ], [ 11.490610360679625, 53.976077317814031 ], [ 11.49373376370221, 53.971154451416851 ], [ 11.489859223524491, 53.96831226370017 ], [ 11.486625075287066, 53.969442963322138 ], [ 11.488163113836777, 53.973684668812609 ], [ 11.486666202183642, 53.974444032066458 ], [ 11.483723640233961, 53.971366167114979 ], [ 11.479685902782194, 53.970205306929358 ], [ 11.468813419403887, 53.971434950862374 ], [ 11.467418551125206, 53.97330427177485 ], [ 11.472870826827261, 53.979547023676389 ], [ 11.479748367892967, 53.981569170880562 ], [ 11.477791070801459, 53.98522317391047 ], [ 11.47950685046078, 53.989985346746437 ], [ 11.477789759589882, 53.997573017680679 ], [ 11.485453844119718, 54.002493142944331 ], [ 11.488875508198191, 54.002195238919171 ], [ 11.487923145037257, 53.999324441070144 ], [ 11.491432547873842, 54.00117063501682 ], [ 11.495709538264691, 54.010799050236074 ], [ 11.496235966316931, 54.014648437275582 ], [ 11.496181368475504, 54.019691347877597 ], [ 11.492105126550314, 54.022598743637275 ], [ 11.490340471435672, 54.022955060427762 ], [ 11.469429969417604, 54.02427446839215 ], [ 11.457595944397383, 54.02368700515126 ], [ 11.444669842939049, 54.021013855804938 ], [ 11.416205644574859, 54.011190056575913 ], [ 11.402623057807887, 54.008340954871301 ], [ 11.383399367387028, 54.000100732263036 ], [ 11.378144741087112, 53.997087955744632 ], [ 11.376745700853576, 53.995643615760343 ], [ 11.374427318765868, 53.99213874370821 ], [ 11.377637147536461, 53.975358844035611 ], [ 11.383053660797998, 53.969132423822373 ], [ 11.389960646566749, 53.964843750338844 ], [ 11.391286373167588, 53.964843750338844 ], [ 11.39392292460326, 53.964036464911032 ], [ 11.398610710915648, 53.964006543567223 ], [ 11.404479264806298, 53.964362859458504 ], [ 11.40609180948951, 53.964843750338844 ], [ 11.410417318304667, 53.966291308097482 ], [ 11.410785317288628, 53.966656565947744 ], [ 11.410689830871092, 53.967707514590188 ], [ 11.394946455614502, 53.967606305786546 ], [ 11.392675161129944, 53.966750621543952 ], [ 11.386752367328029, 53.968099475110762 ], [ 11.386332034995519, 53.969279646438565 ], [ 11.389985441774797, 53.97322893107048 ], [ 11.390280842986556, 53.973470449401873 ], [ 11.392856955484262, 53.974393844500355 ], [ 11.394154310273166, 53.974216103390575 ], [ 11.401442169720497, 53.968628763906509 ], [ 11.410535812078194, 53.968652367512846 ], [ 11.414631843584687, 53.964843750338844 ], [ 11.415385604062408, 53.964843750338844 ], [ 11.417526960001339, 53.963242054177556 ], [ 11.423711180426722, 53.961134075677194 ], [ 11.426475644235666, 53.960797667178781 ], [ 11.428114652369345, 53.961083054439428 ], [ 11.42829084394748, 53.961306571940838 ], [ 11.428616404823345, 53.964843750338844 ], [ 11.427916169295827, 53.964843750338844 ], [ 11.427089453115855, 53.966946601804239 ], [ 11.429769158519889, 53.969473242596109 ], [ 11.429769277230491, 53.969985008101673 ], [ 11.427456140888239, 53.972570061659212 ], [ 11.427456021278545, 53.975841641478667 ], [ 11.429756641755773, 53.977669954205169 ], [ 11.428443312309128, 53.979816555889442 ], [ 11.428463578531421, 53.983160018520152 ], [ 11.429795622869733, 53.983901143523099 ], [ 11.429789065912814, 53.984308838582137 ], [ 11.42799365488338, 53.985941648588266 ], [ 11.435089826534352, 53.99116420776204 ], [ 11.442685007707041, 53.994490146203475 ], [ 11.44489181000921, 53.997017621566158 ], [ 11.446335553742813, 53.996037840773852 ], [ 11.444765209746663, 53.988059758850909 ], [ 11.446305275368161, 53.97438752676311 ], [ 11.441717624968533, 53.969873070386029 ], [ 11.441445350722518, 53.96919214690007 ], [ 11.440726041473738, 53.964843750338844 ], [ 11.440902233051702, 53.964843750338844 ], [ 11.442859768463677, 53.961076855412728 ], [ 11.447905540708177, 53.958364844562027 ], [ 11.44865524794136, 53.958094477778104 ], [ 11.452642679116423, 53.957390665646869 ], [ 11.454094767659569, 53.957510948171773 ], [ 11.455483078980933, 53.958231925663029 ], [ 11.455218076652898, 53.960966110197944 ], [ 11.4556753639269, 53.9613654613471 ], [ 11.459937572161266, 53.962791323860642 ], [ 11.459803342950067, 53.964843750338844 ], [ 11.460178255921846, 53.964843750338844 ], [ 11.467052340892963, 53.970459461635016 ], [ 11.475623845863822, 53.969114541702766 ], [ 11.471043944022938, 53.965222478234807 ], [ 11.471090554985153, 53.964843750338844 ], [ 11.47114407993547, 53.964843750338844 ], [ 11.471445440954483, 53.963562369308079 ], [ 11.474451780125662, 53.964843750338844 ], [ 11.474411726120422, 53.964983225295782 ], [ 11.475044250791598, 53.965113520872421 ], [ 11.476309418844778, 53.964843750338844 ], [ 11.479630470369955, 53.964843750338844 ], [ 11.476853609406533, 53.969275951124246 ], [ 11.483185648698907, 53.968309045026501 ], [ 11.483693242249387, 53.967858433419963 ], [ 11.482484936530625, 53.964843750338844 ], [ 11.479294300191839, 53.96019673389219 ], [ 11.482363342794145, 53.946921348341675 ], [ 11.476954578990728, 53.934972763182543 ], [ 11.480951070835374, 53.930011272702188 ], [ 11.480528354400178, 53.927553534368087 ], [ 11.477954745615079, 53.926393151722664 ], [ 11.475335359539201, 53.928627371655978 ], [ 11.473344444890245, 53.928303718242091 ], [ 11.464737057869002, 53.922887563810093 ], [ 11.457895040923461, 53.916498422964025 ], [ 11.45018017257695, 53.914744853792001 ], [ 11.445096731329102, 53.911991953465986 ], [ 11.444097042244891, 53.909935355032758 ], [ 11.445970416401678, 53.907495379208513 ], [ 11.444423318081817, 53.906093358621604 ], [ 11.448248028623709, 53.903512358308774 ], [ 11.454560518453206, 53.902175307444622 ], [ 11.454567312831273, 53.900566101044831 ], [ 11.452047467316788, 53.899908542845139 ], [ 11.43489265467241, 53.901547074337998 ], [ 11.437953233754854, 53.910151243585119 ], [ 11.433754205592152, 53.910410642237366 ], [ 11.414404034518668, 53.91576397452792 ], [ 11.403144717654584, 53.921465158290516 ], [ 11.400861978397586, 53.925636172571501 ], [ 11.405632972683634, 53.934968352008013 ], [ 11.389745950515248, 53.938836932378706 ], [ 11.373647450969202, 53.935039162827252 ], [ 11.364523530236852, 53.935187459234044 ], [ 11.346915841493001, 53.944933771975968 ], [ 11.348217844877752, 53.947919249573715 ], [ 11.344694614065247, 53.948539852831971 ], [ 11.339478850168916, 53.956548214028885 ], [ 11.333941578641031, 53.958536743675779 ], [ 11.329051017690347, 53.958108663684072 ], [ 11.32614874806643, 53.956218719518461 ], [ 11.320824742667924, 53.947663068695817 ], [ 11.314027905863213, 53.941406249598856 ], [ 11.300596356636618, 53.937225580196525 ], [ 11.286157608087308, 53.930194258658219 ], [ 11.284219623037359, 53.929715871490259 ], [ 11.272442936991979, 53.929995059724206 ], [ 11.26238286517713, 53.932708144365449 ], [ 11.258366942580494, 53.934165835684894 ], [ 11.250000000099988, 53.93889510592453 ], [ 11.25321745871878, 53.940990448050798 ], [ 11.252796769355427, 53.941806435318767 ], [ 11.252404212584338, 53.941931367338896 ], [ 11.250000000099988, 53.941685319122257 ], [ 11.248439073804377, 53.940662622681998 ], [ 11.246680856036733, 53.941023469357731 ], [ 11.245990872780567, 53.941725373127497 ], [ 11.240607261216212, 53.951571821782181 ], [ 11.243857144891479, 53.964843750338844 ], [ 11.243357658728996, 53.964843750338844 ], [ 11.245603322535374, 53.971382140873288 ], [ 11.245810151317528, 53.971764445372969 ], [ 11.248339414532438, 53.973214149813202 ], [ 11.250000000099988, 53.973214149813202 ], [ 11.253957748251594, 53.973090768224495 ], [ 11.254565000174807, 53.973693847293362 ], [ 11.259887456940589, 53.981251120243144 ], [ 11.257551670273415, 53.985583543945438 ], [ 11.250000000099988, 53.9871652122049 ], [ 11.239293337317633, 53.981807947178993 ], [ 11.232393622567713, 53.981614351021619 ], [ 11.227151155101694, 53.982208847860193 ], [ 11.214743971457153, 53.984683156202777 ], [ 11.200852155502673, 53.991444468887266 ], [ 11.199003219523092, 53.995338559427069 ], [ 11.193591117436199, 53.999891877308357 ], [ 11.193314314204315, 54.007802843726324 ], [ 11.185879230342323, 54.012943148207796 ], [ 11.183259108621144, 54.013933006802858 ], [ 11.178917408411849, 54.01557326319562 ], [ 11.153461337071178, 54.01207900044551 ], [ 11.14652085335473, 54.009457111556628 ], [ 11.119434952361189, 54.010911226272185 ], [ 11.097915172247554, 54.013891577734171 ], [ 11.089003443853926, 54.013865828345388 ], [ 11.083508372113727, 54.011657953152167 ], [ 11.077469110710922, 54.01166677460202 ], [ 11.072928428304294, 54.009808063891171 ], [ 11.072170377161228, 54.009686350544769 ], [ 11.054397225751416, 54.0086183543537 ], [ 11.048850655233707, 54.007847308906321 ], [ 11.040638446507103, 54.006359338312791 ], [ 11.029140829985352, 54.003487825502873 ], [ 11.019903421106108, 54.000481128401475 ], [ 11.006862759508749, 53.994457840756809 ], [ 10.980501651829798, 53.986590027407885 ], [ 10.974045038447912, 53.984027624175553 ], [ 10.961352347932575, 53.977458953468101 ], [ 10.950436949805521, 53.973465561586579 ], [ 10.951934814740014, 53.972100615551085 ], [ 10.93622124211663, 53.966199516994266 ], [ 10.934495211085107, 53.964843750338844 ], [ 10.934937358272634, 53.964699864207375 ], [ 10.915409922729907, 53.959120869532626 ], [ 10.904674768525751, 53.95664584622898 ], [ 10.898437499790816, 53.955714344641478 ], [ 10.891710877555113, 53.955727577265918 ], [ 10.889589429008993, 53.955927014520171 ], [ 10.886725902178796, 53.958370804369224 ], [ 10.881679654192737, 53.958341359666008 ], [ 10.875372052178534, 53.956904053279573 ], [ 10.870693206926148, 53.95532965693809 ], [ 10.866477727465337, 53.952726960481016 ], [ 10.864736437636566, 53.951112627945406 ], [ 10.863318801221737, 53.948161244545872 ], [ 10.863119960218171, 53.946147680471142 ], [ 10.865896344540772, 53.940608739801633 ], [ 10.866865754351181, 53.940324902972009 ], [ 10.881198644601795, 53.944218873901889 ], [ 10.882890462724731, 53.948807716802776 ], [ 10.887763977025998, 53.949520826125308 ], [ 10.890828132712159, 53.951876640694479 ], [ 10.891579151156918, 53.952070832203219 ], [ 10.898437499790816, 53.953125000418538 ], [ 10.902410745959173, 53.954015374210314 ], [ 10.907912135436845, 53.95128262049667 ], [ 10.909582257415309, 53.946136713238843 ], [ 10.898437499790816, 53.93889510592453 ], [ 10.898437499790816, 53.938336968676253 ], [ 10.896140813847524, 53.936327218626332 ], [ 10.895483136038081, 53.934895276695784 ], [ 10.894783020120315, 53.928886771207601 ], [ 10.894890546661429, 53.924399852971021 ], [ 10.898437499790816, 53.92215394994497 ], [ 10.898519158232602, 53.922139764039002 ], [ 10.89902257892885, 53.922377109516162 ], [ 10.905352235017745, 53.923530459463279 ], [ 10.914342046148647, 53.923188448188512 ], [ 10.924579859073333, 53.921388864304788 ], [ 10.925417900415766, 53.921131133894789 ], [ 10.930295348351819, 53.917719244547584 ], [ 10.938923954876714, 53.918896913961476 ], [ 10.94928491106981, 53.912343144120882 ], [ 10.95730376285843, 53.913474679213152 ], [ 10.963885069040771, 53.913065075792645 ], [ 10.96785581149669, 53.908125519777059 ], [ 10.967704534736527, 53.907768249705043 ], [ 10.964680671375902, 53.907460451338864 ], [ 10.957786440691791, 53.909690618927073 ], [ 10.950437903086879, 53.904548645303805 ], [ 10.94201576741392, 53.903649210842502 ], [ 10.936986446467358, 53.900693059237426 ], [ 10.928351640915537, 53.900476455724004 ], [ 10.916142821633969, 53.897908926356024 ], [ 10.910961151036474, 53.897890925525871 ], [ 10.902226447892417, 53.903968214761449 ], [ 10.903230548151384, 53.907441854258195 ], [ 10.910863757156847, 53.912484764860039 ], [ 10.911417007488978, 53.913072109390384 ], [ 10.911224245902361, 53.914416432172686 ], [ 10.910359620599991, 53.915393471831294 ], [ 10.904157758174051, 53.915555357893538 ], [ 10.901492119066063, 53.917232275149445 ], [ 10.898437499790816, 53.917131542986397 ], [ 10.89592635611649, 53.917719602477803 ], [ 10.889624356878699, 53.920614123543146 ], [ 10.886991739077587, 53.924017071830519 ], [ 10.88300073129875, 53.924197912004161 ], [ 10.881960749888776, 53.923921942443883 ], [ 10.87806177153368, 53.921685338407656 ], [ 10.873638510908677, 53.91389083869143 ], [ 10.860052347537817, 53.909301042509185 ], [ 10.856107354470851, 53.904920816242679 ], [ 10.848324656557736, 53.904924869487218 ], [ 10.847136377841593, 53.896509647802191 ], [ 10.84057581452231, 53.895433664731911 ], [ 10.834859013133041, 53.896441102375093 ], [ 10.83214545275041, 53.894298910966086 ], [ 10.824589252691908, 53.89292812383394 ], [ 10.818869948489407, 53.893552780336677 ], [ 10.813360333812341, 53.887475133171051 ], [ 10.81307291947968, 53.887297630381511 ], [ 10.806352614981165, 53.886231422042613 ], [ 10.80505275737903, 53.88633036635332 ], [ 10.803557753187818, 53.887257814696511 ], [ 10.802563428559495, 53.889732718390405 ], [ 10.802982568390973, 53.893364548635134 ], [ 10.802688240969701, 53.893564343819435 ], [ 10.792641640099703, 53.894029617073329 ], [ 10.777721047388468, 53.889581322919867 ], [ 10.768128633829519, 53.890481948982824 ], [ 10.767798900998628, 53.894350051813603 ], [ 10.770402550737288, 53.895549058542315 ], [ 10.768136144067853, 53.897358656376923 ], [ 10.7765407564508, 53.897968172793128 ], [ 10.771710753148739, 53.901398777931377 ], [ 10.764814853323003, 53.900954008320923 ], [ 10.76212382275628, 53.905135750614534 ], [ 10.758292674867221, 53.907078623479777 ], [ 10.740759253936403, 53.907945274954614 ], [ 10.742024302379832, 53.906881571227586 ], [ 10.740615725735211, 53.906587839157623 ], [ 10.732919454469368, 53.907615542123722 ], [ 10.716604947660244, 53.905191064316227 ], [ 10.706115841672897, 53.901572347086187 ], [ 10.701988458900303, 53.896768451103299 ], [ 10.704607844076804, 53.889448642341165 ], [ 10.703295230490596, 53.888133049300961 ], [ 10.695526838093144, 53.885677456749249 ], [ 10.695259809592699, 53.885922074144389 ], [ 10.69945681068333, 53.888170004242454 ], [ 10.700859307910889, 53.890723824345059 ], [ 10.698997616846611, 53.898029446302019 ], [ 10.696838140467946, 53.898286461750956 ], [ 10.698797345021546, 53.900823951064581 ], [ 10.69914877399691, 53.901041746179658 ], [ 10.706929922378151, 53.903275370761833 ], [ 10.711580514529203, 53.906856656409616 ], [ 10.728188157157774, 53.90815556073062 ], [ 10.733761549056339, 53.910340308958268 ], [ 10.73496067539503, 53.910393357267651 ], [ 10.737510800183315, 53.909114837879542 ], [ 10.748143553982004, 53.909289717346724 ], [ 10.754219651615756, 53.908695459727767 ], [ 10.76400423051092, 53.906594276504791 ], [ 10.780708909088901, 53.89854192766802 ], [ 10.781756043706537, 53.8965457681727 ], [ 10.782389759979594, 53.896222233469302 ], [ 10.785082221367475, 53.895785332027572 ], [ 10.803238153018356, 53.895144342937101 ], [ 10.803615927632961, 53.895143151335446 ], [ 10.805909752832804, 53.896134376900022 ], [ 10.813240409217656, 53.89487385744269 ], [ 10.816352247857935, 53.896432757565776 ], [ 10.826761364545462, 53.898187875370297 ], [ 10.842226624459215, 53.906813025800602 ], [ 10.853477477803494, 53.910070776744988 ], [ 10.859785676068213, 53.913896321857862 ], [ 10.861176013562215, 53.917672156944604 ], [ 10.866086244484734, 53.918215751256014 ], [ 10.862173438153718, 53.92517793201614 ], [ 10.863807678081969, 53.929069638453029 ], [ 10.863895535550625, 53.932820320401561 ], [ 10.862666964508946, 53.941801667113396 ], [ 10.862437844231181, 53.942473054188213 ], [ 10.861427664555265, 53.943361640127648 ], [ 10.859503865411114, 53.942012667850463 ], [ 10.860974073494731, 53.943803310674355 ], [ 10.8601126668662, 53.947913527187609 ], [ 10.857450008111414, 53.95102524801689 ], [ 10.857449769791117, 53.951318621257428 ], [ 10.859478116022331, 53.953269005260552 ], [ 10.859781146183138, 53.95349812463877 ], [ 10.867889642393266, 53.955076813444236 ], [ 10.87298762837645, 53.95832324012548 ], [ 10.884207964126404, 53.960003733985275 ], [ 10.884494542988932, 53.960234522505289 ], [ 10.881898880129313, 53.964843750338844 ], [ 10.881705165261167, 53.96482718033019 ], [ 10.881479859008437, 53.966793417582323 ], [ 10.885155558182589, 53.978095531383815 ], [ 10.874403715259234, 53.988512277919369 ], [ 10.863211751321387, 53.992437124373964 ], [ 10.854988813682894, 53.993443131195647 ], [ 10.839009165840423, 53.99104177945469 ], [ 10.822199344824014, 53.994111061276499 ], [ 10.81029880054939, 53.994953751214723 ], [ 10.810805678239603, 53.99305951638371 ], [ 10.803848146974531, 53.991421341921523 ], [ 10.796983242282863, 53.992689609937599 ], [ 10.785695672317388, 53.997038244819123 ], [ 10.772466659408849, 54.008059144214201 ], [ 10.75285303553926, 54.032888650690836 ], [ 10.749515175684962, 54.04283285115531 ], [ 10.749520421430475, 54.043339729744901 ], [ 10.75285303553926, 54.052121758812234 ], [ 10.755271554438707, 54.055957556196347 ], [ 10.759434223011056, 54.059503436434454 ], [ 10.759788751949316, 54.05970704564379 ], [ 10.776437043934493, 54.066323637625828 ], [ 10.791627645499602, 54.075057267878776 ], [ 10.799415349938613, 54.082723141160159 ], [ 10.801630735370168, 54.090424537662386 ], [ 10.806859135640764, 54.091635942444952 ], [ 10.804870963024712, 54.095967173646159 ], [ 10.812638640460875, 54.095624924051094 ], [ 10.814692258540902, 54.092319964994488 ], [ 10.823770403781282, 54.088670730170122 ], [ 10.824867248424823, 54.088508605787581 ], [ 10.842103600800613, 54.087918520123651 ], [ 10.855111479411278, 54.088874816919372 ], [ 10.866346716927467, 54.084889173596594 ], [ 10.873442172718171, 54.086524724736307 ], [ 10.886813640936907, 54.092075943849864 ], [ 10.898437499790816, 54.101004361861897 ], [ 10.898437499790816, 54.101283431385298 ], [ 10.90702140371485, 54.107555746700427 ], [ 10.92492866472611, 54.116711020497291 ], [ 10.942628860433672, 54.132620573380905 ], [ 10.953947424634066, 54.140625000043713 ], [ 10.954649448013754, 54.140625000043713 ], [ 10.981165647376883, 54.149676561324327 ], [ 11.010136843040868, 54.162747502195487 ], [ 11.043944358845124, 54.174706935876372 ], [ 11.045750140856342, 54.175516963337316 ], [ 11.050737500335345, 54.17786443219785 ], [ 11.066390037770077, 54.190796613972736 ], [ 11.084855318218388, 54.19693362718516 ], [ 11.093494177014747, 54.197898030469901 ], [ 11.090415358781854, 54.210798025508609 ], [ 11.090427875546141, 54.2225085493302 ], [ 11.085706829606579, 54.231165647276839 ], [ 11.081990003536021, 54.243194460955635 ], [ 11.081417560771854, 54.247483849400226 ], [ 11.082001447408857, 54.261053919403025 ], [ 11.084076762532732, 54.267411947303628 ], [ 11.084548354423021, 54.281378149781915 ], [ 11.077603578242588, 54.297598243064613 ], [ 11.077498078773374, 54.30334484618777 ], [ 11.075223803935557, 54.307957648826459 ], [ 11.074695110491007, 54.316406249748809 ], [ 11.074457765014017, 54.316406249748809 ], [ 11.072981238293607, 54.332745551765925 ], [ 11.07222330586103, 54.341132164218095 ], [ 11.072481036270858, 54.344399452472828 ], [ 11.075346946304592, 54.346156954380035 ], [ 11.073372602563666, 54.346421956708014 ], [ 11.068489670561974, 54.344066857999223 ], [ 11.063211560265415, 54.343986749988517 ], [ 11.058724045778092, 54.350864648984441 ], [ 11.058723807457795, 54.354168414640696 ], [ 11.059525251789012, 54.355604052784884 ], [ 11.061357140219968, 54.357041239561624 ], [ 11.062115430582764, 54.357221603094615 ], [ 11.065899730088518, 54.357791066404729 ], [ 11.068602442848601, 54.357837199826918 ], [ 11.072978377550101, 54.356682419957906 ], [ 11.079501748506971, 54.351649642017549 ], [ 11.076963901263127, 54.345945119971304 ], [ 11.078529477053905, 54.345113754296335 ], [ 11.081671237937371, 54.352404952027086 ], [ 11.086434960305212, 54.356387376676139 ], [ 11.1040600536287, 54.362914919588036 ], [ 11.112408161607448, 54.368229866115541 ], [ 11.120962261998898, 54.370827078507034 ], [ 11.127086758447149, 54.374586463194817 ], [ 11.131050943945979, 54.384645223798145 ], [ 11.131259202650142, 54.386699557738439 ], [ 11.130435108893323, 54.388816953040021 ], [ 11.127858161824804, 54.390499949713046 ], [ 11.118345617956095, 54.394446134381667 ], [ 11.117805958178451, 54.394532918959101 ], [ 11.114714265251166, 54.39110684370587 ], [ 11.106583357036357, 54.394945979373574 ], [ 11.096779346489654, 54.393640518095481 ], [ 11.088382720985805, 54.389812230949872 ], [ 11.086646557292795, 54.386752009797476 ], [ 11.08045423037845, 54.381967306246224 ], [ 11.079012751137611, 54.377280950755392 ], [ 11.076440215243792, 54.377884507364172 ], [ 11.066752076047464, 54.374918818448748 ], [ 11.059145211782209, 54.375135421962341 ], [ 11.02537226681676, 54.367496132640497 ], [ 11.017808914449972, 54.367450117928627 ], [ 11.005913853341781, 54.372856735949654 ], [ 11.00302541259282, 54.372468709963016 ], [ 11.001139759991986, 54.369977235361318 ], [ 10.993803024190356, 54.370462536516982 ], [ 10.984585643212938, 54.374652862839355 ], [ 10.982658862816379, 54.379333853874357 ], [ 10.986870765673416, 54.37914955580743 ], [ 10.987084150513169, 54.375684142409398 ], [ 10.991734623953846, 54.376437306636547 ], [ 10.998272776167767, 54.374972343399065 ], [ 11.006269931811971, 54.376330733376619 ], [ 11.009960651462904, 54.375299572517349 ], [ 11.013352870838389, 54.376494646510707 ], [ 11.024557709470741, 54.376356363155821 ], [ 11.023493171173072, 54.379968046788008 ], [ 11.022854924115563, 54.380242943457176 ], [ 11.021703004989774, 54.380485654289544 ], [ 10.993620753195273, 54.379529356594674 ], [ 10.972337245667461, 54.381975412735244 ], [ 10.959572553630608, 54.381726622485701 ], [ 10.949510454743688, 54.384438872556075 ], [ 10.930598785905318, 54.381958927262872 ], [ 10.930396318835164, 54.381932377477369 ], [ 10.928699135356965, 54.381492137751991 ], [ 10.909992575796764, 54.369117855804461 ], [ 10.904008507586525, 54.366603374746035 ], [ 10.899593353450541, 54.364961624579337 ], [ 10.898437499790816, 54.364955305942658 ], [ 10.890140056918142, 54.364668369149967 ], [ 10.889475658474851, 54.364445369658199 ], [ 10.870908021688024, 54.358213305299955 ], [ 10.846607446976236, 54.342860221422086 ], [ 10.833287000894472, 54.332745551765925 ], [ 10.83179926862141, 54.331615925034953 ], [ 10.824172735283582, 54.32710504526176 ], [ 10.802295327167712, 54.316720247141859 ], [ 10.801339149082594, 54.316406249748809 ], [ 10.800304770448804, 54.316406249748809 ], [ 10.787675142194132, 54.311303973099939 ], [ 10.784454941542378, 54.310296058816164 ], [ 10.766179442327484, 54.306669950058222 ], [ 10.754239678618376, 54.306271911019849 ], [ 10.735939144975589, 54.309637308115441 ], [ 10.712403535395026, 54.304716944531492 ], [ 10.705094576053966, 54.30471610996068 ], [ 10.69809544125178, 54.305394649343782 ], [ 10.696844219884895, 54.305655360106812 ], [ 10.687914848591504, 54.308233976317126 ], [ 10.683424353750979, 54.310297966278313 ], [ 10.681770325140576, 54.311562657690672 ], [ 10.678378701116287, 54.31481397128789 ], [ 10.678411841133595, 54.316406249748809 ], [ 10.678398132767768, 54.316884040666025 ], [ 10.681692600333349, 54.31778931622398 ], [ 10.6780517103183, 54.321122646193203 ], [ 10.656685233137125, 54.328257322317597 ], [ 10.654187917438549, 54.329550147221596 ], [ 10.650518059361048, 54.331775545705057 ], [ 10.649619340759955, 54.332745551765925 ], [ 10.649318814311982, 54.332971215049554 ], [ 10.648934602350209, 54.336098313386628 ], [ 10.643006444092237, 54.343468665846387 ], [ 10.638475179386205, 54.347701549886608 ], [ 10.63133430513426, 54.351231933007398 ], [ 10.611268401415771, 54.35940814007364 ], [ 10.598370075518631, 54.364066720003279 ], [ 10.596841573380061, 54.36453115958534 ], [ 10.574423670915735, 54.369355320891316 ], [ 10.546875000381078, 54.377790212548462 ], [ 10.539909362627043, 54.379800439238977 ], [ 10.52991151850182, 54.3806089162685 ], [ 10.513266444291105, 54.384736060720627 ], [ 10.497920870651797, 54.386506557831524 ], [ 10.493662357731694, 54.387343644993223 ], [ 10.477284550341778, 54.391798257783535 ], [ 10.448089957685511, 54.401403546036818 ], [ 10.41407465891848, 54.414968252482936 ], [ 10.404097556756994, 54.421037912769464 ], [ 10.390541553050411, 54.425365447757258 ], [ 10.38957357406116, 54.425566434543441 ], [ 10.342792272945076, 54.434122323686381 ], [ 10.3316966290962, 54.435517430285302 ], [ 10.319126248177781, 54.435517430285302 ], [ 10.307482242711501, 54.434033751256607 ], [ 10.302220344493378, 54.433196544484986 ], [ 10.302213072575341, 54.433192134209605 ], [ 10.290090561230386, 54.428307771386642 ], [ 10.27721357354767, 54.420496344630692 ], [ 10.280479550590769, 54.420289873778756 ], [ 10.286282659017672, 54.424331545764289 ], [ 10.29350674124322, 54.425389647614338 ], [ 10.293186545722619, 54.422633648224348 ], [ 10.289773463874383, 54.4215251204879 ], [ 10.289486646691387, 54.419188380539367 ], [ 10.281268358548061, 54.419153809700731 ], [ 10.278804659507557, 54.417800426248846 ], [ 10.274387239979262, 54.418866514977765 ], [ 10.260878443485353, 54.417162060480791 ], [ 10.24097013516365, 54.41649353504863 ], [ 10.229156374567026, 54.413990616573813 ], [ 10.215358257177911, 54.403595924112722 ], [ 10.218732953263157, 54.402531504525427 ], [ 10.214497446799783, 54.399913549271048 ], [ 10.215328812474752, 54.39877450483965 ], [ 10.213323354888928, 54.39717304699866 ], [ 10.209720849737494, 54.395938038609756 ], [ 10.208565473617739, 54.3869105575763 ], [ 10.201346039987811, 54.38096165645544 ], [ 10.195312500071964, 54.379464149450996 ], [ 10.193882942244102, 54.379285335450049 ], [ 10.193716048756812, 54.378739476645649 ], [ 10.196618318380729, 54.375627637105822 ], [ 10.196518063757821, 54.373801827192608 ], [ 10.194030762010129, 54.37179124347125 ], [ 10.196269154797733, 54.369838118334599 ], [ 10.196136713438705, 54.366930842184672 ], [ 10.195312500071964, 54.365513444090311 ], [ 10.1932581661315, 54.364589572351008 ], [ 10.178557038576571, 54.361331820507246 ], [ 10.178388237627132, 54.361013173619142 ], [ 10.179400921015656, 54.357399463814374 ], [ 10.177623867847217, 54.351721406118145 ], [ 10.174543142152402, 54.348654031758315 ], [ 10.175052643164975, 54.339521050356211 ], [ 10.172833204488768, 54.337270140804492 ], [ 10.176606655472824, 54.334296107079808 ], [ 10.17451834694424, 54.334985137054559 ], [ 10.173226952861683, 54.333863854233641 ], [ 10.170481443164249, 54.333919406255632 ], [ 10.170491933755784, 54.333520770067594 ], [ 10.172105908361118, 54.332004665982652 ], [ 10.178175806967943, 54.329414963829663 ], [ 10.18193066087133, 54.329233050764799 ], [ 10.18420755903162, 54.327839017057102 ], [ 10.169876337023425, 54.329558849061755 ], [ 10.169397711535169, 54.327154278647129 ], [ 10.163067340485441, 54.325274348432629 ], [ 10.16362082913804, 54.324072837991253 ], [ 10.161103249015696, 54.322741150683612 ], [ 10.158575057792746, 54.323759913489312 ], [ 10.155347346902715, 54.322017431159679 ], [ 10.154214024857424, 54.324268340711399 ], [ 10.151807427371011, 54.323958754493049 ], [ 10.152047156950857, 54.320493578515936 ], [ 10.150931358195749, 54.319800257875784 ], [ 10.149269342706077, 54.320577740670387 ], [ 10.138147830757873, 54.316406249748809 ], [ 10.134015679779907, 54.310863852085106 ], [ 10.132987975914432, 54.310937643257773 ], [ 10.132037401504988, 54.312323570476451 ], [ 10.132262825568944, 54.313030243351136 ], [ 10.134699344399394, 54.314700960680966 ], [ 10.135112643134164, 54.317246675194099 ], [ 10.143931030892475, 54.322049021645114 ], [ 10.14878666397334, 54.329667806424141 ], [ 10.157314539234619, 54.336979508697482 ], [ 10.154803752591135, 54.344493746389276 ], [ 10.141031742520966, 54.353056907450423 ], [ 10.142325759026676, 54.358639359119195 ], [ 10.145175814912022, 54.360901713443297 ], [ 10.149838447186767, 54.359701037572961 ], [ 10.145553350306955, 54.362856746042041 ], [ 10.151300430070876, 54.363076210298971 ], [ 10.14237225037914, 54.364968418957517 ], [ 10.102201223507791, 54.370606541358825 ], [ 10.101042747424913, 54.370761751753605 ], [ 10.092488527423768, 54.370761751753605 ], [ 10.087321042732071, 54.370192647272916 ], [ 10.079970240634225, 54.368526577639557 ], [ 10.075185060442209, 54.366963148530488 ], [ 10.07367026846822, 54.366333604212514 ], [ 10.067046761598817, 54.361755966864564 ], [ 10.065991520492446, 54.361294507635535 ], [ 10.061560511308699, 54.359855055466483 ], [ 10.057214737170455, 54.359126209806789 ], [ 10.051100135063336, 54.359095931432137 ], [ 10.027287602640797, 54.36046147371809 ], [ 10.022005439099757, 54.359587073684679 ], [ 10.014780401794212, 54.358044028609129 ], [ 10.010960459457749, 54.356803536154416 ], [ 9.998478532258559, 54.349688649611551 ], [ 9.990857243766868, 54.346488475962474 ], [ 9.986111044689039, 54.34493947018052 ], [ 9.969803809798066, 54.341232180520706 ], [ 9.964930534716473, 54.34117650978817 ], [ 9.964826941809918, 54.341087817748644 ], [ 9.964708447137184, 54.333261728446189 ], [ 9.961179375227971, 54.326991319693775 ], [ 9.959552645538224, 54.328785657831929 ], [ 9.961290359662428, 54.331199645946924 ], [ 9.960988402392957, 54.335955143115427 ], [ 9.962668657033078, 54.341101050373254 ], [ 9.96250414854768, 54.341200471324726 ], [ 9.955203652726482, 54.340429663298437 ], [ 9.937891960545699, 54.340152144206286 ], [ 9.928772926729266, 54.341181635923931 ], [ 9.866956233543476, 54.360256314077731 ], [ 9.858775615302534, 54.36195302001596 ], [ 9.857953429007694, 54.362097739818864 ], [ 9.851540326624843, 54.362930059674568 ], [ 9.806428551236706, 54.362414717565287 ], [ 9.783721327876947, 54.358258843371004 ], [ 9.764067650002119, 54.346305847037343 ], [ 9.756908416990029, 54.343927740972561 ], [ 9.734976411032733, 54.332745551765925 ], [ 9.728908061957554, 54.330088973327463 ], [ 9.720741152981986, 54.324313878782675 ], [ 9.717197180205744, 54.322156071545578 ], [ 9.715638518402955, 54.320815444077539 ], [ 9.715138078059908, 54.319870352834585 ], [ 9.713784336677975, 54.312363624481691 ], [ 9.713164448380667, 54.307432651595718 ], [ 9.709807514805107, 54.302324652560742 ], [ 9.702909350486209, 54.297475218506634 ], [ 9.694860100713186, 54.294884323852614 ], [ 9.675849676421535, 54.291237354420559 ], [ 9.657646536658376, 54.288997769131754 ], [ 9.649099230645049, 54.28635704484185 ], [ 9.642283201408702, 54.282720208071282 ], [ 9.632294654474777, 54.273558854857299 ], [ 9.609801054275238, 54.23482382316098 ], [ 9.603620529164175, 54.225826740112097 ], [ 9.599792956979456, 54.222011923911225 ], [ 9.590486645642272, 54.215987443765698 ], [ 9.589795947425102, 54.215582371129642 ], [ 9.573481202295625, 54.20688104632336 ], [ 9.559182524953599, 54.200123667273431 ], [ 9.545156478888543, 54.193946957985759 ], [ 9.448614835506362, 54.173700929054689 ], [ 9.420002341634927, 54.16456425233855 ], [ 9.384289145327841, 54.155915379591136 ], [ 9.344643711937806, 54.141046523977877 ], [ 9.338336348243899, 54.135795354671927 ], [ 9.330890774689578, 54.12589192407313 ], [ 9.329034208861742, 54.120029568309974 ], [ 9.330326915055196, 54.099643469070884 ], [ 9.319540143362985, 54.079321622794737 ], [ 9.30863034711291, 54.05338645022465 ], [ 9.294476747504007, 53.999024271652786 ], [ 9.284865618153844, 53.986179351995645 ], [ 9.274873256295848, 53.977339744733456 ], [ 9.229531407348588, 53.944994210914274 ], [ 9.224050759834824, 53.93953955200891 ], [ 9.219975829121267, 53.938208818882003 ], [ 9.196754932794079, 53.920935749885018 ], [ 9.195578455881162, 53.919312953829831 ], [ 9.197303414021405, 53.915124058328786 ], [ 9.191971540454404, 53.917309165385859 ], [ 9.190279126080952, 53.916949510311781 ], [ 9.180500030352221, 53.91199994124446 ], [ 9.176207899874669, 53.908250212577343 ], [ 9.166331171946013, 53.904518842670598 ], [ 9.15144836874731, 53.893386244779379 ], [ 9.148203730817613, 53.894847751023065 ], [ 9.143273353282723, 53.891025543294234 ], [ 9.134389758380735, 53.888060927270146 ], [ 9.134017706152406, 53.887152552648217 ], [ 9.134117126204501, 53.886797308748839 ], [ 9.138970971433366, 53.886718750270177 ], [ 9.146595120668337, 53.88822615161564 ], [ 9.164588927936677, 53.888888955560844 ], [ 9.165382265779044, 53.888905048029528 ], [ 9.171257138306373, 53.88689994837398 ], [ 9.184505224037025, 53.887685775977843 ], [ 9.184293746659193, 53.888404131045945 ], [ 9.180707335775026, 53.887871265646481 ], [ 9.181341409978074, 53.889490246777484 ], [ 9.212770343077011, 53.888664722199223 ], [ 9.222093344032771, 53.887613057696512 ], [ 9.228670239040412, 53.886570453863385 ], [ 9.258905768186708, 53.879155754934231 ], [ 9.263976216029675, 53.87710332845603 ], [ 9.290588021420092, 53.872715473240532 ], [ 9.31017732582302, 53.86657941330941 ], [ 9.320368647395298, 53.861276746124929 ], [ 9.327561736285134, 53.859995007163946 ], [ 9.337620138958414, 53.852958560389368 ], [ 9.340075254869134, 53.848750949097109 ], [ 9.349552273718643, 53.841414809545938 ], [ 9.354593753498932, 53.838692545524623 ], [ 9.358716249355439, 53.838139653122539 ], [ 9.364861965307625, 53.834951042956448 ], [ 9.381784439000683, 53.829491138305571 ], [ 9.38665473462828, 53.824226617664465 ], [ 9.38745355563708, 53.82382225998947 ], [ 9.390959978120463, 53.823063135055691 ], [ 9.394723773083626, 53.823117136646601 ], [ 9.404268742008924, 53.82719266450988 ], [ 9.404957771084355, 53.827661752687789 ], [ 9.406075835231718, 53.831345200420742 ], [ 9.403509140434608, 53.834398150554364 ], [ 9.406722545808918, 53.834791422286344 ], [ 9.407102942846507, 53.834671974332252 ], [ 9.410957336412082, 53.828653812823347 ], [ 9.405982851627471, 53.825825453082302 ], [ 9.398902058383442, 53.823885559670885 ], [ 9.398637056055463, 53.8215620514477 ], [ 9.39687824293668, 53.820749521173525 ], [ 9.397971749296971, 53.8196883202599 ], [ 9.396311163729251, 53.818807721199562 ], [ 9.396301507708529, 53.818803906275377 ], [ 9.396315574903952, 53.815151334066911 ], [ 9.403121948119576, 53.807328224218281 ], [ 9.402199864232443, 53.801918506234131 ], [ 9.404702306066667, 53.797943830143652 ], [ 9.401483654946787, 53.794302701808306 ], [ 9.401557445220078, 53.794035673307803 ], [ 9.403238057790247, 53.793958902681368 ], [ 9.40402984610057, 53.794428944140634 ], [ 9.403404355027021, 53.79584515063334 ], [ 9.406129836822686, 53.79701566683957 ], [ 9.410452008253742, 53.791432618920339 ], [ 9.409929752156359, 53.783344149712832 ], [ 9.421994209565241, 53.770125508685396 ], [ 9.425680518041531, 53.763722419354281 ], [ 9.426844716510516, 53.755442977311588 ], [ 9.430949449857337, 53.750648856059911 ], [ 9.430117845862071, 53.749521851752093 ], [ 9.430320143859603, 53.749249935436353 ], [ 9.437415361329897, 53.745988964918865 ], [ 9.448466658709492, 53.735954522883048 ], [ 9.455165743704129, 53.732259631277032 ], [ 9.492577075871452, 53.723974705168644 ], [ 9.521195650059383, 53.712133050300054 ], [ 9.526487946261739, 53.705992222163388 ], [ 9.528946637877198, 53.699895262956204 ], [ 9.536006450837192, 53.69348394842558 ], [ 9.5448482038816, 53.680291175497416 ], [ 9.547202944660285, 53.671450257023821 ], [ 9.550977945176214, 53.668548107009656 ], [ 9.548712849718356, 53.657667160111487 ], [ 9.553428053661719, 53.646734952755935 ], [ 9.562069416170687, 53.638903021457452 ], [ 9.567597746638739, 53.63583004432121 ], [ 9.567584753233803, 53.632565021458674 ], [ 9.560365319603875, 53.625467300275773 ], [ 9.556222677134997, 53.623456716554415 ], [ 9.555487752058298, 53.620393037508848 ], [ 9.556005716590732, 53.62007153077667 ], [ 9.57804834815289, 53.611357450885748 ], [ 9.586896061903872, 53.609264850792385 ], [ 9.59023726004159, 53.606936335143814 ], [ 9.602430224275565, 53.603484273080767 ], [ 9.60898542403811, 53.598593115879737 ], [ 9.618075013151326, 53.595828652070736 ], [ 9.619282603009879, 53.59352493252976 ], [ 9.630970478305017, 53.592146515549359 ], [ 9.648380160615886, 53.587025523109503 ], [ 9.664633750946962, 53.577182769769081 ], [ 9.670757770754676, 53.575850247890685 ], [ 9.670112848029646, 53.572812319133391 ], [ 9.676763653819705, 53.57041382813577 ], [ 9.684662341793739, 53.5698248144638 ], [ 9.686632156548797, 53.570924043210027 ], [ 9.690599322400999, 53.569509863789165 ], [ 9.69479787392271, 53.570374131161373 ], [ 9.698767900518362, 53.567847252049148 ], [ 9.707844853257484, 53.567714214439604 ], [ 9.73424565791089, 53.564809680322583 ], [ 9.749521136591227, 53.56312930607271 ], [ 9.770041942581713, 53.563142537797944 ], [ 9.818740844714284, 53.553042769008641 ], [ 9.857413172979648, 53.546939849994203 ], [ 9.878695845936647, 53.544672250823908 ], [ 9.934301615127595, 53.543467402099111 ], [ 9.938596725058915, 53.542484044703087 ], [ 9.948190450728816, 53.544430852102266 ], [ 9.965608358239251, 53.545450448579402 ], [ 9.991928219411932, 53.538293242639099 ], [ 10.010171771110379, 53.537078976213934 ], [ 10.024763345951783, 53.534182906516094 ], [ 10.039990067887402, 53.529348849969608 ], [ 10.055840015504316, 53.520965337480391 ], [ 10.061374068358703, 53.513767003744363 ], [ 10.060972213496996, 53.506290078024733 ], [ 10.05569672562342, 53.501531243472186 ], [ 10.051771521238777, 53.492777466606867 ], [ 10.054008007463608, 53.48458576242308 ], [ 10.05903863872237, 53.480676770117043 ], [ 10.063781380806233, 53.473634957987031 ], [ 10.067124605116589, 53.46093165906899 ], [ 10.08267116554191, 53.453928231802593 ], [ 10.093417763618959, 53.44689500370157 ], [ 10.096938848649074, 53.447113037137115 ], [ 10.099905610455608, 53.444181204099436 ], [ 10.096236347729416, 53.44537663422426 ], [ 10.095446348170469, 53.444623231676985 ], [ 10.100199579946661, 53.441357016313418 ], [ 10.103348851068802, 53.433429836917469 ], [ 10.110154032682544, 53.427525758906825 ], [ 10.121005654487419, 53.424694538422273 ], [ 10.133974551983954, 53.424160838451996 ], [ 10.142299056356535, 53.421302557367312 ], [ 10.149245857810115, 53.415067553125141 ], [ 10.151620268560578, 53.410245657211476 ], [ 10.156204343255922, 53.405868649618469 ], [ 10.16808593251983, 53.399325966620097 ], [ 10.176478147748355, 53.397350907018904 ], [ 10.181471228714258, 53.397350907018904 ], [ 10.18801212296114, 53.398758411671452 ], [ 10.18877124789492, 53.400092243862105 ], [ 10.195939660287081, 53.399820208835763 ], [ 10.201652049602444, 53.401432156369083 ], [ 10.205534577558808, 53.400675773468265 ], [ 10.203993558655952, 53.399767040916288 ], [ 10.206346273262, 53.398636817934971 ], [ 10.210407733929912, 53.399451375280819 ], [ 10.211435436896011, 53.397987246614321 ], [ 10.218702316059137, 53.39669644788296 ], [ 10.230958104233309, 53.396009206659699 ], [ 10.237821459392876, 53.397225857187607 ], [ 10.244232654313635, 53.403486251989079 ], [ 10.254413843224427, 53.417950749027966 ], [ 10.262762546554313, 53.421374916819047 ], [ 10.288723946053267, 53.426929354606102 ], [ 10.294297456662434, 53.430110454533917 ], [ 10.303473949063573, 53.433862328084103 ], [ 10.307281255925318, 53.434700250716162 ], [ 10.308268546955958, 53.434649467798749 ], [ 10.315052152035207, 53.43289530237638 ], [ 10.324734568845429, 53.427989244308321 ], [ 10.333180546445192, 53.42557465994264 ], [ 10.364186048147644, 53.427662253510334 ], [ 10.377420663832595, 53.425274014784122 ], [ 10.387235641611596, 53.419952154268628 ], [ 10.393067240560754, 53.418389916761441 ], [ 10.394010901881757, 53.415642380891143 ], [ 10.401337504122523, 53.412216067317843 ], [ 10.402379274284215, 53.410624146786972 ], [ 10.44176495109167, 53.395127177677239 ], [ 10.479839920875804, 53.383836507748811 ], [ 10.481116652411743, 53.382053256452707 ], [ 10.494011879244965, 53.377943039040019 ], [ 10.495925426117708, 53.376403570568414 ], [ 10.516769408881146, 53.372281074711907 ], [ 10.561386942953163, 53.369107842053381 ], [ 10.566854476552919, 53.367573141787148 ], [ 10.570052146489559, 53.36303114906832 ], [ 10.570836902101519, 53.362631201668705 ], [ 10.576004862534433, 53.36108362670808 ], [ 10.580657959297469, 53.36092400513877 ], [ 10.586759448389898, 53.362314105211851 ], [ 10.59524273886143, 53.365094542778991 ], [ 10.604990005784259, 53.3689329625862 ], [ 10.625906467609582, 53.371651649104422 ], [ 10.635449051532646, 53.371622324011184 ], [ 10.664796829310376, 53.368273973565181 ], [ 10.68035197286531, 53.368333935862552 ], [ 10.692597031228104, 53.371343255386932 ], [ 10.705071330377677, 53.370227217412207 ], [ 10.729309320368941, 53.357679128888776 ], [ 10.734325051659823, 53.352816462210001 ], [ 10.740324259057388, 53.342646003110588 ], [ 10.743183970064194, 53.326040148334357 ], [ 10.732499003426312, 53.312328815522449 ], [ 10.733450650727036, 53.306192278950618 ], [ 10.736673474701149, 53.301254868717194 ], [ 10.750437021251571, 53.295970916424778 ], [ 10.785282850223382, 53.291506648513177 ], [ 10.797957658619111, 53.288195848359862 ], [ 10.804045676766691, 53.285389304372984 ], [ 10.812574028668507, 53.279432058442808 ], [ 10.815045476267812, 53.26584446425079 ], [ 10.822452664059313, 53.259546876187528 ], [ 10.829972505426838, 53.257283925612853 ], [ 10.843354225017606, 53.25696754411689 ], [ 10.857357740367547, 53.253497957864454 ], [ 10.870889663827029, 53.247553109988075 ], [ 10.885187744918539, 53.23915517327282 ], [ 10.916995763843431, 53.22896027599603 ], [ 10.932499528230778, 53.218312144689776 ], [ 10.944182276490949, 53.212332606364839 ], [ 10.986958741852504, 53.192015647903986 ], [ 10.996261835415396, 53.188983440633251 ], [ 10.999327302313304, 53.186668872570579 ], [ 11.010015368014933, 53.183583378670164 ], [ 11.01898014561732, 53.177910208789285 ], [ 11.028653740977461, 53.168629407621154 ], [ 11.078040360974001, 53.142173409775012 ], [ 11.078896046115801, 53.141858339490852 ], [ 11.091818570970418, 53.139863729527633 ], [ 11.098598241515731, 53.14119696636692 ], [ 11.10924005508457, 53.14702653914361 ], [ 11.119548320898332, 53.159458637606122 ], [ 11.129420876872132, 53.167430639212739 ], [ 11.138856530504597, 53.16961336126775 ], [ 11.147109866127494, 53.169561267138874 ], [ 11.157510280974748, 53.166770338980086 ], [ 11.177049279101027, 53.155132055000365 ], [ 11.181642174347019, 53.148900628261458 ], [ 11.183454751635452, 53.139107465337304 ], [ 11.187175750560471, 53.136406779649235 ], [ 11.191735744109451, 53.135905146805214 ], [ 11.196032404472021, 53.136957049628165 ], [ 11.207003832161263, 53.1446820497369 ], [ 11.208095550669213, 53.144995212559195 ], [ 11.217606305786489, 53.145617842889237 ], [ 11.225536346825095, 53.144464254621823 ], [ 11.236693263283541, 53.14170384405719 ], [ 11.250878333768185, 53.136127829735585 ], [ 11.264804720561415, 53.126122117441867 ], [ 11.269798874418655, 53.119692445050418 ], [ 11.27091097875882, 53.119002818825095 ], [ 11.271363138997856, 53.117326855749923 ], [ 11.269157051656578, 53.106186151369968 ], [ 11.269582271804381, 53.103039145640139 ], [ 11.272780060451453, 53.098916649783632 ], [ 11.294605851079211, 53.084628701353552 ], [ 11.309487700097407, 53.079115868003043 ], [ 11.317335009802889, 53.073770761811261 ], [ 11.329743146729015, 53.061301708407257 ], [ 11.338553070967521, 53.056115627534211 ], [ 11.356653571105539, 53.056854962886291 ], [ 11.380731344176354, 53.064823150468214 ], [ 11.39904284505144, 53.07344901585958 ], [ 11.411870718059333, 53.075813054728769 ], [ 11.426900863484093, 53.076100349451735 ], [ 11.43432807917759, 53.07846105093688 ], [ 11.441054821023272, 53.079210758170063 ], [ 11.455602049395225, 53.078933357788287 ], [ 11.466195464149337, 53.075581431637943 ], [ 11.476577758556857, 53.066562414124178 ], [ 11.496886372208394, 53.054307222200634 ], [ 11.509629607320676, 53.04875767222893 ], [ 11.517141222589316, 53.047711968432679 ], [ 11.526857256956987, 53.048025250864669 ], [ 11.536703705611615, 53.051242709483631 ], [ 11.540838361201452, 53.05458462258224 ], [ 11.545014977359415, 53.054966449542178 ], [ 11.551885247406346, 53.053091645463098 ], [ 11.561472654439569, 53.043922543690485 ], [ 11.579310059711531, 53.037443756624157 ], [ 11.59238862953174, 53.036558508968199 ], [ 11.611572861298612, 53.041647553891607 ], [ 11.622085570892523, 53.042950153526874 ], [ 11.638218641277376, 53.040918350301695 ], [ 11.643581152048625, 53.037482142387034 ], [ 11.644455313761739, 53.035035252575028 ], [ 11.636363744591165, 53.026340723045962 ], [ 11.628904343061095, 53.021468043315679 ], [ 11.6289267541664, 53.012716650553045 ], [ 11.634691118900037, 53.008958101335395 ], [ 11.649564027757776, 53.007283926112393 ], [ 11.654461980236249, 53.007283806502642 ], [ 11.664243340457915, 53.010172248150809 ], [ 11.677536725939206, 53.009176016060394 ], [ 11.681994080762195, 53.006519556332648 ], [ 11.686666130737365, 53.000933646770363 ], [ 11.685803174576961, 52.98571944249835 ], [ 11.686735152805113, 52.983418107060004 ], [ 11.691483021024737, 52.979750036834844 ], [ 11.692082762709504, 52.979454636522291 ], [ 11.695233225433071, 52.978545665650017 ], [ 11.701287150281814, 52.97857534867353 ], [ 11.725002765465263, 52.98758435223624 ], [ 11.731700300928196, 52.989337921408094 ], [ 11.733751416194991, 52.989646911375928 ], [ 11.741917848530022, 52.989880442828223 ], [ 11.742954015915132, 52.989829420691308 ], [ 11.7461775539511, 52.98860204215066 ], [ 11.74861633817352, 52.989346861568492 ], [ 11.751816153892548, 52.988920449819034 ], [ 11.755895376170713, 52.987879157197483 ], [ 11.768054843356424, 52.981560826271107 ], [ 11.78276014286638, 52.96330344659691 ], [ 11.783649325056331, 52.962713241323115 ], [ 11.788453340649312, 52.960822105555792 ], [ 11.800338744837234, 52.958923458650872 ], [ 11.805708050885926, 52.958503007607817 ], [ 11.828429579761348, 52.958954930425762 ], [ 11.832167267405566, 52.958087444380112 ], [ 11.845111965944568, 52.953124999719023 ], [ 11.850905060420359, 52.948232650916168 ], [ 11.851348519718442, 52.945216417403799 ], [ 11.856490254122036, 52.944285035426162 ], [ 11.858950138238356, 52.942157626173696 ], [ 11.859173059489194, 52.941818237321911 ], [ 11.857077122011617, 52.934357643290639 ], [ 11.856848240054319, 52.933704376655726 ], [ 11.850727319310522, 52.928696751853806 ], [ 11.849355339677345, 52.928067445856072 ], [ 11.846327066041397, 52.929310917764781 ], [ 11.846364855553702, 52.929543018395634 ], [ 11.85065174118489, 52.932466744944463 ], [ 11.844179749396005, 52.931420564507619 ], [ 11.843257427188632, 52.931752443120899 ], [ 11.843140244626625, 52.932069420867208 ], [ 11.844082355516377, 52.932844042918305 ], [ 11.854433775298503, 52.935389757431437 ], [ 11.854764581020731, 52.940011739450256 ], [ 11.851947546442148, 52.942274808735476 ], [ 11.848058104497966, 52.937957644729636 ], [ 11.847193717516063, 52.937360525467852 ], [ 11.83335340033932, 52.930315613374887 ], [ 11.830573559022696, 52.92836451531025 ], [ 11.824977516799152, 52.923137664571755 ], [ 11.824977516799152, 52.919817567227142 ], [ 11.827829241826123, 52.914797544371254 ], [ 11.829941868922106, 52.913244724564436 ], [ 11.832109332180039, 52.912147641600427 ], [ 11.837284326210863, 52.910742759371033 ], [ 11.87110912788404, 52.910156250310877 ], [ 11.883370757154751, 52.904752611743675 ], [ 11.891878009162838, 52.897526622055977 ], [ 11.901256919171601, 52.893830776269454 ], [ 11.908200621561605, 52.892857074894266 ], [ 11.932746649138664, 52.892773747310684 ], [ 11.953124999819011, 52.888392806083289 ], [ 11.962849855636364, 52.878545046217027 ], [ 11.97057890898958, 52.873984575128134 ], [ 12.005828618995622, 52.875290036406227 ], [ 12.005942344563607, 52.875290274726524 ], [ 12.004178404410027, 52.872865199769308 ], [ 11.997332572540245, 52.873296261013763 ], [ 11.981427073800489, 52.871123075369724 ], [ 11.970894813844609, 52.871122240798911 ], [ 11.962838768794143, 52.874344229302835 ], [ 11.953124999819011, 52.883091450110385 ], [ 11.945030451194555, 52.887378573162721 ], [ 11.92688000181073, 52.890316843547566 ], [ 11.897616147867097, 52.890097140970397 ], [ 11.886630058530557, 52.894849657785642 ], [ 11.877493262204439, 52.904110550661528 ], [ 11.868040203992337, 52.908497810525716 ], [ 11.839172362914383, 52.907953619963564 ], [ 11.83086073413574, 52.909706711595618 ], [ 11.829615473475428, 52.910156250310877 ], [ 11.822271823685867, 52.914235353878667 ], [ 11.819497943075646, 52.920433402279741 ], [ 11.827142477243626, 52.931903361950731 ], [ 11.835122347018739, 52.934909939442207 ], [ 11.845281839785116, 52.941725849968122 ], [ 11.846416354331382, 52.947136044592867 ], [ 11.843179941601079, 52.950865149107472 ], [ 11.837271332805926, 52.95401143987624 ], [ 11.828976750676532, 52.956257462511985 ], [ 11.797536134485085, 52.956781744781665 ], [ 11.783950447754989, 52.959702133946507 ], [ 11.777863740819043, 52.963065266548938 ], [ 11.770996332414938, 52.973653078526866 ], [ 11.762809515147126, 52.981202602018527 ], [ 11.751500963998467, 52.986291527332241 ], [ 11.74558794492782, 52.987414717615252 ], [ 11.732381940274422, 52.987401724210315 ], [ 11.717922568471806, 52.981378316955897 ], [ 11.701161742520469, 52.976871013786251 ], [ 11.693522453198796, 52.976592540513366 ], [ 11.687438845326596, 52.97780096494273 ], [ 11.680718779148378, 52.985912680725676 ], [ 11.680615425461554, 53.001525044545247 ], [ 11.676814317626679, 53.005727171771696 ], [ 11.671445727438424, 53.007688165076843 ], [ 11.664346575434195, 53.008060455625639 ], [ 11.659216761544485, 53.007064103925302 ], [ 11.653062820392961, 53.003915905694669 ], [ 11.642565846236948, 53.003935575666446 ], [ 11.631840348053629, 53.00589454189975 ], [ 11.623362064107994, 53.010849833353177 ], [ 11.623377442514993, 53.019534110610834 ], [ 11.623622536550897, 53.020010948246693 ], [ 11.626129508270367, 53.02353942390539 ], [ 11.635260939240993, 53.029197454598943 ], [ 11.638941645840418, 53.033559441714999 ], [ 11.639181613740561, 53.033945203208702 ], [ 11.639189005268463, 53.036500454132749 ], [ 11.638430118655208, 53.037738203655181 ], [ 11.63696384420615, 53.037848830159419 ], [ 11.634338378713323, 53.039120435559767 ], [ 11.629477858716314, 53.040148973096677 ], [ 11.619479775371474, 53.040148973096677 ], [ 11.593403935343417, 53.034069657688633 ], [ 11.591361641526703, 53.034060954949155 ], [ 11.586528540060101, 53.034040212985417 ], [ 11.581989050154675, 53.034349441273719 ], [ 11.564971923715348, 53.038277029761275 ], [ 11.556923150583088, 53.041573644008622 ], [ 11.552394151269198, 53.046203732516403 ], [ 11.546734571043771, 53.048238873125683 ], [ 11.536646843277197, 53.047775745654178 ], [ 11.5254672764936, 53.044951319547863 ], [ 11.51489400835186, 53.044951319547863 ], [ 11.50890398033448, 53.045956611408656 ], [ 11.508321643229351, 53.046086430344531 ], [ 11.493047237440067, 53.052268743307934 ], [ 11.482843517814217, 53.06006073931178 ], [ 11.479091644264088, 53.061525106298689 ], [ 11.4662630553957, 53.072291612667982 ], [ 11.457493901022758, 53.075949907262554 ], [ 11.446566462772125, 53.077258348893849 ], [ 11.434837340970546, 53.075977564113373 ], [ 11.427501678059969, 53.072884440364817 ], [ 11.41543924772327, 53.073074221598176 ], [ 11.399817705422834, 53.070544720062856 ], [ 11.379421710943177, 53.061518311920679 ], [ 11.356613039560102, 53.054062246875276 ], [ 11.350035906232222, 53.053042769108572 ], [ 11.33810865838791, 53.054054259996235 ], [ 11.326286435170971, 53.060219645919972 ], [ 11.312488079461389, 53.073988318606041 ], [ 11.286224246052143, 53.085937500015746 ], [ 11.267393231112749, 53.100010752394496 ], [ 11.265375853013325, 53.103691220673397 ], [ 11.266239524134789, 53.118868231683678 ], [ 11.256801247179965, 53.129058718684917 ], [ 11.242264747720014, 53.137518644769784 ], [ 11.218425154697172, 53.143490553246465 ], [ 11.208027243562526, 53.141985416393993 ], [ 11.202283859112924, 53.137558817485569 ], [ 11.194372058123975, 53.134355902702794 ], [ 11.185660958586482, 53.134417652852449 ], [ 11.17853105066763, 53.139392614277881 ], [ 11.177760123930625, 53.146381139777873 ], [ 11.171802044329013, 53.155566453629092 ], [ 11.158381938975424, 53.163650750881516 ], [ 11.149414658559806, 53.16682493682157 ], [ 11.13698935537451, 53.1671019792729 ], [ 11.133302569358136, 53.166256904332784 ], [ 11.124655365752517, 53.160244465210042 ], [ 11.114799022756699, 53.148337363978271 ], [ 11.105848074029439, 53.140848756065282 ], [ 11.090425253122987, 53.137349367179581 ], [ 11.080242753000618, 53.138989209884244 ], [ 11.025190114532222, 53.166830539597754 ], [ 11.01621615844914, 53.175665855295108 ], [ 11.004756927690153, 53.183316350169548 ], [ 10.9978075029141, 53.184446811471332 ], [ 10.986857652658557, 53.188396215712828 ], [ 10.976227044642485, 53.194475412410384 ], [ 10.933156132249735, 53.214569449620512 ], [ 10.913944721171958, 53.227349400454443 ], [ 10.885188579489352, 53.236366033865409 ], [ 10.857335805902835, 53.25069081762723 ], [ 10.842876553710084, 53.254155755284046 ], [ 10.825088500533866, 53.256003618372347 ], [ 10.817041159122311, 53.259218454568156 ], [ 10.810831069698111, 53.265827179281075 ], [ 10.809526324280455, 53.27753746478237 ], [ 10.801273345688401, 53.284258842171937 ], [ 10.784179329912149, 53.288990855343854 ], [ 10.756872534739728, 53.292161226359497 ], [ 10.736360550199322, 53.297817826231778 ], [ 10.727771401429152, 53.307069778048003 ], [ 10.730226159409881, 53.317056655840076 ], [ 10.737988949030751, 53.324058770995521 ], [ 10.737988829420999, 53.334852456675719 ], [ 10.734724879449743, 53.345843076796712 ], [ 10.731446742673143, 53.351038337049658 ], [ 10.726210117203152, 53.355905652324054 ], [ 10.722637176364685, 53.358332753453908 ], [ 10.701521038964813, 53.368528365691589 ], [ 10.700780749432226, 53.368725776773374 ], [ 10.691720843342353, 53.369411706785002 ], [ 10.680851578637487, 53.366077542244966 ], [ 10.666209459199365, 53.366100907530893 ], [ 10.636822700307448, 53.368832111712777 ], [ 10.626172304508373, 53.368832111712777 ], [ 10.607875466179848, 53.366777301131719 ], [ 10.584409236597082, 53.358288406984457 ], [ 10.570386052174683, 53.358667016169875 ], [ 10.559739232080005, 53.364428758480528 ], [ 10.560158848552078, 53.365454316563614 ], [ 10.554680824360616, 53.367162108444688 ], [ 10.519730448301573, 53.368800043687202 ], [ 10.506211757466701, 53.371191144056127 ], [ 10.501117825627205, 53.37103724487298 ], [ 10.491147756164196, 53.375637531646873 ], [ 10.478170633467926, 53.379288077682816 ], [ 10.46788346754812, 53.384247541091327 ], [ 10.443159341830153, 53.391118049458498 ], [ 10.416318059131299, 53.401153326065185 ], [ 10.408090471997753, 53.406207680540035 ], [ 10.392867564986204, 53.41103923337397 ], [ 10.383118152280929, 53.418139219049806 ], [ 10.375351429025272, 53.421748041938656 ], [ 10.359061956644041, 53.424579858673724 ], [ 10.346348524165137, 53.422781825221136 ], [ 10.325068116600335, 53.42385721204073 ], [ 10.316355704951832, 53.429629444943032 ], [ 10.310166359290065, 53.431867957340501 ], [ 10.298280357952251, 53.428972721314153 ], [ 10.290921211045088, 53.424811124733708 ], [ 10.259977340781802, 53.416828155894848 ], [ 10.251799226253468, 53.40878570049972 ], [ 10.244958757940424, 53.399021506537338 ], [ 10.236116766575606, 53.394010901382046 ], [ 10.225304723034583, 53.393208742089769 ], [ 10.213663578311525, 53.393975853902646 ], [ 10.211251139728404, 53.395627975051127 ], [ 10.198319315883793, 53.396735548606841 ], [ 10.173214554807942, 53.39511954782904 ], [ 10.16406011558189, 53.397819161525149 ], [ 10.155518174024621, 53.402093052852251 ], [ 10.147311568074429, 53.408630728425408 ], [ 10.139593958594389, 53.417968749857948 ], [ 10.133144617130483, 53.421378731743062 ], [ 10.115360736808725, 53.421904444834297 ], [ 10.103142857756779, 53.425621152194481 ], [ 10.096464634335575, 53.43750000032486 ], [ 10.081862926832741, 53.450235962619615 ], [ 10.076958060366337, 53.45049941541572 ], [ 10.074258208349704, 53.452715635418429 ], [ 10.065073251529327, 53.455596327608475 ], [ 10.063334345803412, 53.456393360765105 ], [ 10.051201343866978, 53.462536215973614 ], [ 10.050314664490259, 53.463293910086009 ], [ 10.043028831215622, 53.46928346146268 ], [ 10.030732512395559, 53.47320711631545 ], [ 9.999470353174445, 53.471290469479698 ], [ 9.975510955166612, 53.475845575213214 ], [ 9.96043205299685, 53.482020259227568 ], [ 9.945270061564202, 53.498498439951163 ], [ 9.941056847495531, 53.502040505265086 ], [ 9.937560558573011, 53.503165960041031 ], [ 9.938645005162925, 53.504907250769179 ], [ 9.936382055487456, 53.508293271117736 ], [ 9.936907052718425, 53.517159462339464 ], [ 9.93518137961712, 53.523053646009146 ], [ 9.936855554840065, 53.524991035707785 ], [ 9.936855673550667, 53.53162324441729 ], [ 9.935829043475621, 53.533882856708544 ], [ 9.928777218294101, 53.539006709891851 ], [ 9.912696480358363, 53.540106654498572 ], [ 9.905082463784652, 53.538880109629531 ], [ 9.909316301106458, 53.537745713793754 ], [ 9.908270716920129, 53.534455179862732 ], [ 9.926943540212335, 53.527485847693754 ], [ 9.927931547103242, 53.524722576385784 ], [ 9.932522416176539, 53.525224327940407 ], [ 9.931604147213648, 53.521963953673662 ], [ 9.928080558471095, 53.519883871243849 ], [ 9.925648570425324, 53.521182060603735 ], [ 9.928576826859057, 53.52370476686167 ], [ 9.927658557896166, 53.524442433971274 ], [ 9.923452019495187, 53.525369643993997 ], [ 9.906126618049029, 53.534014105566712 ], [ 9.889593004913422, 53.535602212072547 ], [ 9.9006258248221, 53.535669564998443 ], [ 9.901256918672004, 53.537040471740568 ], [ 9.896708011965188, 53.539032459280634 ], [ 9.87850093856764, 53.540064931351651 ], [ 9.884744048399227, 53.534271359335946 ], [ 9.892546057454751, 53.530581950896362 ], [ 9.893093824620394, 53.523651241911352 ], [ 9.903162121634637, 53.518780946283755 ], [ 9.899243950847733, 53.517100334612792 ], [ 9.889753103123269, 53.520244240379441 ], [ 9.888810753913276, 53.530885935237905 ], [ 9.879199623663737, 53.536718845398468 ], [ 9.870972633680253, 53.540321349650696 ], [ 9.868767857550552, 53.540805459204762 ], [ 9.855667114046128, 53.542746305897367 ], [ 9.821650743287194, 53.547034740161223 ], [ 9.810461044741544, 53.540840148753944 ], [ 9.825317740621244, 53.533201217362318 ], [ 9.81628704091429, 53.52936351341549 ], [ 9.80147004110961, 53.532395601076303 ], [ 9.781745672025238, 53.538735270216705 ], [ 9.780820607784904, 53.539070605823952 ], [ 9.771910548533072, 53.54321324829283 ], [ 9.765302300460974, 53.546333432641973 ], [ 9.747262955121357, 53.546602963955706 ], [ 9.724817156586653, 53.550713777618853 ], [ 9.72109985387533, 53.549987673992007 ], [ 9.72001457181517, 53.551036476852062 ], [ 9.695283055468678, 53.549657344910599 ], [ 9.685762643431303, 53.547632575283274 ], [ 9.664821148077692, 53.55635845697725 ], [ 9.647786140418077, 53.567311644616836 ], [ 9.636572122405596, 53.570704340632858 ], [ 9.617769480177515, 53.579138279008419 ], [ 9.613656878662141, 53.580556631283514 ], [ 9.603694439047217, 53.58122396511402 ], [ 9.59018421173198, 53.584937930441129 ], [ 9.58175027335659, 53.59065794960469 ], [ 9.571348666907511, 53.594210267190249 ], [ 9.567531346994201, 53.598858952778528 ], [ 9.557886958016809, 53.606004356915719 ], [ 9.546058654483375, 53.608762741307544 ], [ 9.539521217230515, 53.61206984524722 ], [ 9.534764766780654, 53.616673350694612 ], [ 9.527130246563729, 53.629910349583099 ], [ 9.519545555083369, 53.634665966361354 ], [ 9.513355016920571, 53.642032742217339 ], [ 9.512283563735537, 53.647454142394849 ], [ 9.514660477299287, 53.650391579108259 ], [ 9.51287853721476, 53.654434442695447 ], [ 9.506931662266538, 53.656144261648535 ], [ 9.499769568510942, 53.662771105901982 ], [ 9.499558329453407, 53.665574431215191 ], [ 9.502523422118315, 53.667457223072518 ], [ 9.497884750480921, 53.666995525523191 ], [ 9.494206428883558, 53.675062179875852 ], [ 9.489751577773177, 53.679802775277949 ], [ 9.4853117462402, 53.682002901912426 ], [ 9.477014303367469, 53.691255807909386 ], [ 9.469072341815263, 53.693851947409541 ], [ 9.466421008223108, 53.696947216940544 ], [ 9.460602879319481, 53.699130773566367 ], [ 9.456186652292217, 53.697560309960465 ], [ 9.457540750705164, 53.699817538149034 ], [ 9.45565617099561, 53.70504772627163 ], [ 9.420814037338118, 53.723138570388755 ], [ 9.415035128768295, 53.727123141719744 ], [ 9.406470179854978, 53.736161112445529 ], [ 9.402239203276679, 53.736705779648105 ], [ 9.401058554408735, 53.741777062061828 ], [ 9.396534562520117, 53.744223951874005 ], [ 9.390951752921126, 53.752922415936837 ], [ 9.386523962411047, 53.755906462713256 ], [ 9.382465958737157, 53.761744141978568 ], [ 9.377858043014385, 53.763940215368734 ], [ 9.377494812235966, 53.767679572154577 ], [ 9.371708035497477, 53.770580649277633 ], [ 9.372774242936941, 53.771004438604109 ], [ 9.367827057972534, 53.77410864829551 ], [ 9.359336972223616, 53.783329844196942 ], [ 9.353437900738584, 53.79287445519202 ], [ 9.349510312251084, 53.794830322361577 ], [ 9.347055912200631, 53.799757718643889 ], [ 9.340078234323187, 53.805490135861248 ], [ 9.338256358943909, 53.809589862682174 ], [ 9.33063197138847, 53.816544651914342 ], [ 9.323135853237204, 53.827943563344945 ], [ 9.315071940018072, 53.835093736586657 ], [ 9.312922715910759, 53.836360215851414 ], [ 9.2883825303295, 53.848226427607585 ], [ 9.280892729915706, 53.854444145980608 ], [ 9.279374241727908, 53.855345964544597 ], [ 9.276064277044725, 53.856741547784338 ], [ 9.269933700280092, 53.85873627645816 ], [ 9.267026662450633, 53.859095930632861 ], [ 9.259879112531053, 53.85888886442973 ], [ 9.224028944979864, 53.863229632041907 ], [ 9.197564840644873, 53.864955306042589 ], [ 9.18763744850952, 53.865436911884046 ], [ 9.163245678045655, 53.864470243207222 ], [ 9.156131744784318, 53.865505933951738 ], [ 9.12175512270079, 53.864367246551183 ], [ 9.080484032512231, 53.860430836614 ], [ 9.068772077869141, 53.856055856093008 ], [ 9.052573442410562, 53.852648854561096 ], [ 9.051800608211636, 53.851369142671899 ], [ 9.031270146200256, 53.843021154302903 ], [ 9.02467036254717, 53.842707753160369 ], [ 9.023217439433267, 53.842449664820322 ], [ 9.020579457176268, 53.841269135562129 ], [ 9.020578860925752, 53.841199755564389 ], [ 9.034246921958072, 53.830209016732852 ], [ 9.045124053932057, 53.8140118120956 ], [ 9.042695641590626, 53.800639628915803 ], [ 9.047248959471915, 53.800433277673733 ], [ 9.057094216524888, 53.803738951691457 ], [ 9.057731509401719, 53.803477406357274 ], [ 9.056574225820043, 53.802456140738343 ], [ 9.046393036909251, 53.79918158056563 ], [ 9.045869349990539, 53.799177050680385 ], [ 9.04247260072998, 53.799854755492674 ], [ 9.041686176875601, 53.800378561121761 ], [ 9.040993452485907, 53.801709652178829 ], [ 9.043768644307534, 53.814033150309797 ], [ 9.037563443598174, 53.8235794304465 ], [ 9.033038377918842, 53.827756642854808 ], [ 9.0316686627786, 53.827337145992487 ], [ 9.032345652629772, 53.824247955878491 ], [ 9.027688980162452, 53.824374437430492 ], [ 9.024829506576509, 53.832106709457207 ], [ 9.024486780340681, 53.832358002519868 ], [ 9.015799522729822, 53.836178779427314 ], [ 9.00562274499373, 53.837465166983975 ], [ 8.998664021227626, 53.837350130204413 ], [ 8.986883639868154, 53.840555548699683 ], [ 8.984444260294424, 53.839332103793595 ], [ 8.979063033732132, 53.840640664135435 ], [ 8.977143764473226, 53.840456247357963 ], [ 8.973578214263341, 53.840372324423356 ], [ 8.94498693899618, 53.835804224385583 ], [ 8.942307829842605, 53.835322260613964 ], [ 8.918784856635796, 53.830160259988077 ], [ 8.897016048851697, 53.830265164106152 ], [ 8.892738222990715, 53.828369975094404 ], [ 8.883996009608325, 53.828054428169423 ], [ 8.879428863751116, 53.829432725539903 ], [ 8.858398556748057, 53.829992413219372 ], [ 8.834913969304239, 53.833678602985287 ], [ 8.82336735681821, 53.83076357827656 ], [ 8.803429245863072, 53.832730769709428 ], [ 8.796248078386213, 53.832452655265911 ], [ 8.795424222949578, 53.833476304987528 ], [ 8.789062499734655, 53.833705305655371 ], [ 8.786849618015538, 53.833788036988437 ], [ 8.774139762140408, 53.837362050718241 ], [ 8.759653329737432, 53.84338581590282 ], [ 8.757091045215645, 53.842715143788894 ], [ 8.756241321679681, 53.844773530973725 ], [ 8.752855658361966, 53.846490621844794 ], [ 8.747098445936615, 53.847528934113143 ], [ 8.74492645279355, 53.850906729262306 ], [ 8.737258911269919, 53.852721452333128 ], [ 8.7260241512937, 53.857662558780191 ], [ 8.728389859304684, 53.859964012929026 ], [ 8.71987330920598, 53.865473150965272 ], [ 8.716324568224366, 53.861428379915992 ], [ 8.712421178694512, 53.863520622079136 ], [ 8.712657809210612, 53.866588949720381 ], [ 8.715496659543362, 53.868541717826133 ], [ 8.718808651298332, 53.867216706186184 ], [ 8.714077234376987, 53.870424628394062 ], [ 8.710528731715669, 53.867356061533201 ], [ 8.710528731715669, 53.862474441642291 ], [ 8.724013328352498, 53.855221748385134 ], [ 8.722120643053302, 53.854036331311818 ], [ 8.720346450628369, 53.854803443124467 ], [ 8.719518423236821, 53.856546760025083 ], [ 8.70745325086682, 53.862683653627812 ], [ 8.709937215230468, 53.867356061533201 ], [ 8.703313231720301, 53.863520622079136 ], [ 8.709345817455585, 53.867635131056602 ], [ 8.710410356652687, 53.869796871928258 ], [ 8.709109306549294, 53.870494246712099 ], [ 8.708044647742327, 53.868471861187629 ], [ 8.707689643062622, 53.870494246712099 ], [ 8.706270337506169, 53.870494246712099 ], [ 8.710410356652687, 53.872447013918702 ], [ 8.708281159547994, 53.873772024659331 ], [ 8.706625223475271, 53.872586369265719 ], [ 8.70319485665749, 53.875306248284801 ], [ 8.70461440053424, 53.8758641481121 ], [ 8.707216620350778, 53.874399542804838 ], [ 8.70425951456491, 53.876840353199896 ], [ 8.699764609449232, 53.875236511255991 ], [ 8.691939830458978, 53.876478553242805 ], [ 8.685276269584335, 53.880971908826552 ], [ 8.684964060942832, 53.881268262420519 ], [ 8.682330846891205, 53.886203408160952 ], [ 8.683796048448983, 53.891485333381524 ], [ 8.687108040203952, 53.892112851527031 ], [ 8.671257615047068, 53.891764163685252 ], [ 8.66688096538428, 53.891276121396004 ], [ 8.649611234670886, 53.888486624058544 ], [ 8.640148400828139, 53.886812925476306 ], [ 8.636718034909563, 53.885836601677966 ], [ 8.626747012165026, 53.881759166352595 ], [ 8.617738246922613, 53.881952047549134 ], [ 8.608261943034336, 53.878524780694249 ], [ 8.607610940892357, 53.875139355696831 ], [ 8.607374548696612, 53.875000000349871 ], [ 8.60295140768136, 53.874996662066451 ], [ 8.60260593851342, 53.874535560767583 ], [ 8.6045911307761, 53.871212363459847 ], [ 8.584053635167209, 53.854169607241658 ], [ 8.57614231081908, 53.845214843590213 ], [ 8.569633841628615, 53.844436049584203 ], [ 8.562715053157262, 53.835032105147718 ], [ 8.558144211985905, 53.834072947608547 ], [ 8.558386445278359, 53.832079768466599 ], [ 8.555675744739801, 53.831043004830974 ], [ 8.55655133727447, 53.829525947464674 ], [ 8.551967263478559, 53.824897170168299 ], [ 8.553881644921944, 53.823947072399449 ], [ 8.554108857737617, 53.819850444642441 ], [ 8.553957342657327, 53.819593429193503 ], [ 8.549564242595807, 53.818735957098738 ], [ 8.549497842951098, 53.817116260107468 ], [ 8.546006560554417, 53.815103053962957 ], [ 8.540084004173423, 53.801292658129796 ], [ 8.541788578280375, 53.799576043899492 ], [ 8.541878342311804, 53.791706323987796 ], [ 8.544098735168575, 53.79073381421432 ], [ 8.544097662277466, 53.790177345208349 ], [ 8.542874217371377, 53.789062499734769 ], [ 8.542921543294653, 53.789062499734769 ], [ 8.537343859831253, 53.785964847000116 ], [ 8.528815149999218, 53.767726779367479 ], [ 8.519215464522119, 53.754049539854407 ], [ 8.519184231966904, 53.751801013505997 ], [ 8.522525906745386, 53.749412179428589 ], [ 8.515319824450387, 53.741917609909876 ], [ 8.508892655771547, 53.730551361855987 ], [ 8.504557013395583, 53.728921175172218 ], [ 8.501357435997022, 53.725617170296289 ], [ 8.499570608097144, 53.720738411148886 ], [ 8.491220235625406, 53.712173342625817 ], [ 8.495254159052365, 53.710285544242595 ], [ 8.491297245471571, 53.704908609245081 ], [ 8.492044329382395, 53.703588843350474 ], [ 8.489788770335451, 53.703338741889524 ], [ 8.488445043803836, 53.699024915267728 ], [ 8.483939051845766, 53.694347858766719 ], [ 8.483767032222886, 53.693652153124447 ], [ 8.483671427094805, 53.655832052107655 ], [ 8.491106748377717, 53.646060109586529 ], [ 8.49318194389167, 53.645222425274767 ], [ 8.493157863644512, 53.641768336139876 ], [ 8.496381044649638, 53.636772274820714 ], [ 8.504100441981848, 53.629813551953987 ], [ 8.514375448168551, 53.616859674034856 ], [ 8.515625000393584, 53.613281250029729 ], [ 8.515676856201935, 53.613281250029729 ], [ 8.521400928610035, 53.605828642877725 ], [ 8.521438718122511, 53.605217456420519 ], [ 8.525181412292397, 53.596672057869284 ], [ 8.527918100539978, 53.595402717861248 ], [ 8.526599407536651, 53.59238171614345 ], [ 8.524482250555536, 53.591973304324597 ], [ 8.524674177571342, 53.588592052181639 ], [ 8.524933337903292, 53.587717175507407 ], [ 8.530864239093546, 53.580912113503359 ], [ 8.556666612374329, 53.554484606179699 ], [ 8.565062642527096, 53.550266146365686 ], [ 8.56905531854818, 53.542575478775461 ], [ 8.57364082316559, 53.541757702755945 ], [ 8.576800346558912, 53.538618325974994 ], [ 8.576895118015386, 53.537850618811035 ], [ 8.574455857152202, 53.535093426920241 ], [ 8.575079918303572, 53.530637264598056 ], [ 8.573208451608934, 53.524404049107659 ], [ 8.570797562557516, 53.520262241209593 ], [ 8.568592548107688, 53.517658948501776 ], [ 8.561236858194547, 53.51092445809735 ], [ 8.554010748896928, 53.507545471346475 ], [ 8.553187013070385, 53.507284045622384 ], [ 8.524804473147981, 53.502374649270735 ], [ 8.521493315963767, 53.501207113417649 ], [ 8.514582753591299, 53.496887564409747 ], [ 8.514328240955649, 53.496585607140105 ], [ 8.503558755132531, 53.482862352915333 ], [ 8.501152753896577, 53.477249861192263 ], [ 8.49887120714061, 53.467092275887978 ], [ 8.499175548512824, 53.456094503458701 ], [ 8.498724221945395, 53.452666640353357 ], [ 8.496113300288755, 53.445012808094702 ], [ 8.497695564798562, 53.442472458037628 ], [ 8.497419953168333, 53.43750000032486 ], [ 8.49811422798922, 53.43750000032486 ], [ 8.503200530879951, 53.420458555318248 ], [ 8.501480221335328, 53.416496753922161 ], [ 8.503255248331129, 53.414767026676998 ], [ 8.501542449024839, 53.411557912867465 ], [ 8.503288268738686, 53.408051729603699 ], [ 8.501527548157981, 53.396007060877309 ], [ 8.503590941868651, 53.387580156099432 ], [ 8.501963972959174, 53.379497647598384 ], [ 8.503257751144361, 53.378500104296563 ], [ 8.504262209333547, 53.363116502824369 ], [ 8.507387280598607, 53.360805153435194 ], [ 8.512157678634082, 53.359796762510655 ], [ 8.512151241286915, 53.356724023694881 ], [ 8.518781065893563, 53.346385121576077 ], [ 8.516791224135716, 53.33295345273973 ], [ 8.518090844317157, 53.332211255745051 ], [ 8.518950104263865, 53.319357752958126 ], [ 8.515640974151722, 53.313622355387565 ], [ 8.516501664919986, 53.326590537923039 ], [ 8.513554931015278, 53.3318895097932 ], [ 8.512681960903819, 53.338022708980986 ], [ 8.513839722025637, 53.348193764330802 ], [ 8.512386679301983, 53.351216435190508 ], [ 8.508094548824431, 53.352591871817538 ], [ 8.505448341367924, 53.350914001280273 ], [ 8.501326918402697, 53.338031410821145 ], [ 8.493510007580937, 53.323410749206744 ], [ 8.49343931637145, 53.316545844515304 ], [ 8.497514009663917, 53.309860348276572 ], [ 8.496868133657529, 53.308241725075561 ], [ 8.498917341462231, 53.307049154794811 ], [ 8.496737956791435, 53.304932355743745 ], [ 8.494796156817301, 53.28705692263901 ], [ 8.49071252336438, 53.277694940569063 ], [ 8.488860010780854, 53.263272166677268 ], [ 8.490653872278472, 53.261718749720615 ], [ 8.490443349081374, 53.261718749720615 ], [ 8.490567445631086, 53.261643051985402 ], [ 8.488039255307513, 53.259961128203656 ], [ 8.486798405821958, 53.257311820783968 ], [ 8.483929157504804, 53.249011754588935 ], [ 8.483477115976143, 53.246233224483717 ], [ 8.483929157504804, 53.235359072862991 ], [ 8.489230871407699, 53.225404620127279 ], [ 8.492363214590739, 53.220772147516641 ], [ 8.493615150019139, 53.219672560840138 ], [ 8.499075532210156, 53.218480944739952 ], [ 8.497939348522266, 53.215461850484132 ], [ 8.502796053595034, 53.211564659981207 ], [ 8.515120745126353, 53.199396252635097 ], [ 8.530823469227812, 53.191510200135724 ], [ 8.549796461937206, 53.185703754324948 ], [ 8.5518336296185, 53.183861255692534 ], [ 8.575357675716191, 53.17561840976191 ], [ 8.59529364088894, 53.172162771095145 ], [ 8.609515309284234, 53.171410321829057 ], [ 8.623084306395754, 53.167019247940004 ], [ 8.627404213333875, 53.16306424182136 ], [ 8.628362536302063, 53.149717450100241 ], [ 8.632028817775847, 53.142854571581267 ], [ 8.631150245787353, 53.141591429700782 ], [ 8.636765837473604, 53.135241508289141 ], [ 8.645730733786365, 53.12969613117167 ], [ 8.656268000268142, 53.12703943222408 ], [ 8.673428773619094, 53.126278519438301 ], [ 8.691749453874252, 53.120608448621169 ], [ 8.70012640940638, 53.120616078469368 ], [ 8.709057211521269, 53.118932843476045 ], [ 8.715021967689722, 53.119451641680087 ], [ 8.728799223505348, 53.117546558327149 ], [ 8.736970901585892, 53.114439248672568 ], [ 8.74050164263673, 53.115306139366908 ], [ 8.742785572596176, 53.113116264104463 ], [ 8.742678761915329, 53.110732555263326 ], [ 8.749666452844679, 53.107310533254633 ], [ 8.756426930058808, 53.107853532214904 ], [ 8.756529450074026, 53.105892658519508 ], [ 8.749852657474207, 53.103396654032451 ], [ 8.762095927984831, 53.095783233709312 ], [ 8.766828179477045, 53.088892460019167 ], [ 8.771414756985564, 53.085937500015746 ], [ 8.771946907423967, 53.085937500015746 ], [ 8.773235679083484, 53.084818005946374 ], [ 8.780504107778484, 53.081961751034157 ], [ 8.789062499734655, 53.080636144042842 ], [ 8.790129304324068, 53.080629945016142 ], [ 8.795371532570186, 53.078997611650607 ], [ 8.806831955830205, 53.072211742078366 ], [ 8.815040230922023, 53.069435835295735 ], [ 8.831845640763675, 53.068071365001629 ], [ 8.84246873854147, 53.060319662222753 ], [ 8.847944378630189, 53.059221863398307 ], [ 8.860980749561918, 53.060753941241558 ], [ 8.870389461304626, 53.059778452014029 ], [ 8.875959157888929, 53.055905938008777 ], [ 8.877001762621433, 53.053638338838255 ], [ 8.875965953166315, 53.050007462774261 ], [ 8.868981837941533, 53.041794657797197 ], [ 8.868526220708702, 53.040406942726349 ], [ 8.868250012827957, 53.033670663570376 ], [ 8.868718624365044, 53.032720327481229 ], [ 8.881142020088248, 53.026227712439038 ], [ 8.884685158293451, 53.02445185177163 ], [ 8.884775638185317, 53.024198651246877 ], [ 8.883828640379477, 53.02383911578255 ], [ 8.88087594486899, 53.0240557192962 ], [ 8.869783043952395, 53.029854774478395 ], [ 8.866846203489672, 53.031713366478868 ], [ 8.863988638265198, 53.034451365038649 ], [ 8.865236520449116, 53.040290355515538 ], [ 8.865738749543652, 53.041728258152659 ], [ 8.87227845218888, 53.049246549988368 ], [ 8.873443364719549, 53.05303204019657 ], [ 8.870191454871872, 53.058201908990952 ], [ 8.863148451140148, 53.059401273649939 ], [ 8.847938775854004, 53.058387518269512 ], [ 8.841550826609421, 53.059649944289561 ], [ 8.836121559162791, 53.062806129399462 ], [ 8.832523345575964, 53.066785573695313 ], [ 8.832065224630526, 53.066949725149698 ], [ 8.822921157285577, 53.066753626179036 ], [ 8.817176222404896, 53.06786012684347 ], [ 8.812702655503244, 53.069151520925971 ], [ 8.803583621686869, 53.07260441755983 ], [ 8.801482319753347, 53.075150251682942 ], [ 8.797997355093912, 53.077027916505301 ], [ 8.796516537708214, 53.077636837569969 ], [ 8.789062499734655, 53.079520106068117 ], [ 8.788005471675262, 53.079549550771333 ], [ 8.776345133621078, 53.081659913374381 ], [ 8.775962233770201, 53.081774353903427 ], [ 8.768246173821922, 53.085937500015746 ], [ 8.766477346752197, 53.086886763213727 ], [ 8.759298324158351, 53.094400405554381 ], [ 8.752889752560179, 53.097582936303581 ], [ 8.739992856585218, 53.10934257480011 ], [ 8.738486528130863, 53.108658670960949 ], [ 8.739286661250446, 53.101733446041749 ], [ 8.743003964861146, 53.097339630120018 ], [ 8.741387366933623, 53.096290111399696 ], [ 8.733726978617256, 53.107821822119547 ], [ 8.730304956608563, 53.108209967715936 ], [ 8.726798415414635, 53.113129258408605 ], [ 8.71098363398761, 53.117429852405792 ], [ 8.710036277352344, 53.117567301190036 ], [ 8.70638120143127, 53.116699933854932 ], [ 8.697855949492578, 53.116937041011795 ], [ 8.667100548351755, 53.124512911042075 ], [ 8.652771711345565, 53.125026941040574 ], [ 8.648115753839079, 53.125964522045251 ], [ 8.647242069665936, 53.126068234561501 ], [ 8.640777945146169, 53.129210233765434 ], [ 8.634253502197396, 53.13313364939853 ], [ 8.627498150219537, 53.140507459751575 ], [ 8.625177621450177, 53.146664857897065 ], [ 8.624143957777505, 53.16168105573621 ], [ 8.621105551480071, 53.164851546361774 ], [ 8.618455052458785, 53.166725635479793 ], [ 8.612343549415414, 53.168776154496072 ], [ 8.603507518757112, 53.170171261094879 ], [ 8.582412242930673, 53.170432806429062 ], [ 8.581111550757555, 53.170778513018092 ], [ 8.557100653972043, 53.180961370171133 ], [ 8.534145474034517, 53.18736124082875 ], [ 8.519268751151969, 53.192983150252246 ], [ 8.516623139046771, 53.19611024858915 ], [ 8.505582928509511, 53.202585459051704 ], [ 8.48076486590594, 53.227475166146178 ], [ 8.477490663663275, 53.235980630301924 ], [ 8.477090835873526, 53.243048905882404 ], [ 8.477080225671898, 53.244156241117821 ], [ 8.480226159409767, 53.252650618431346 ], [ 8.480204105335304, 53.257138252528421 ], [ 8.477973819036549, 53.258651614580458 ], [ 8.479761838538082, 53.261718749720615 ], [ 8.479929923627196, 53.261718749720615 ], [ 8.479929923627196, 53.262416243215227 ], [ 8.480862379395262, 53.262974262652278 ], [ 8.481911778505832, 53.27196752987777 ], [ 8.484074950198817, 53.275282978626535 ], [ 8.482292055933669, 53.279492139450724 ], [ 8.489939808775205, 53.302363037624275 ], [ 8.490052699772377, 53.303295373782589 ], [ 8.487844228328584, 53.305657148159014 ], [ 8.486507654105026, 53.311878323525889 ], [ 8.486577630353452, 53.321649432375523 ], [ 8.487619519225518, 53.327666402282773 ], [ 8.490304827405964, 53.333445667883382 ], [ 8.494050026187836, 53.337100863414207 ], [ 8.496119737635922, 53.342917561496336 ], [ 8.498200654636605, 53.343910574913252 ], [ 8.495415448863923, 53.347082853390987 ], [ 8.499096155463349, 53.353294729768038 ], [ 8.496503115026712, 53.3547848461439 ], [ 8.496391057701203, 53.360525966100568 ], [ 8.493084668722588, 53.367526530824932 ], [ 8.494325637818065, 53.37092471090682 ], [ 8.489307045783676, 53.394708156556362 ], [ 8.489470362667248, 53.411426424789795 ], [ 8.486561655695937, 53.418202757951065 ], [ 8.484448433248645, 53.418311834023996 ], [ 8.482126354947411, 53.416717529390439 ], [ 8.475460052939241, 53.401275515153031 ], [ 8.474910139990982, 53.402563929781707 ], [ 8.477647543199623, 53.411663651556353 ], [ 8.483660101932287, 53.422014355478268 ], [ 8.483709573637952, 53.426432609577375 ], [ 8.485861063137577, 53.428720117039916 ], [ 8.484341025418075, 53.430925368910835 ], [ 8.485948204746023, 53.432716846305482 ], [ 8.484592556801204, 53.43750000032486 ], [ 8.484780550182393, 53.43750000032486 ], [ 8.486985325412491, 53.44351601605149 ], [ 8.486984968381648, 53.444325447261747 ], [ 8.484312533996217, 53.447684049979102 ], [ 8.485108733481411, 53.454152345554348 ], [ 8.480124473965361, 53.45639610279801 ], [ 8.480148554212519, 53.457794308460734 ], [ 8.480252862080079, 53.458198427815205 ], [ 8.484280705190486, 53.459131956474778 ], [ 8.484927057837638, 53.476735234043872 ], [ 8.486218929460108, 53.47919034995482 ], [ 8.501219868502176, 53.496737718471081 ], [ 8.505712151194871, 53.500949740038493 ], [ 8.515051841769207, 53.507776856117005 ], [ 8.521238922938039, 53.510364771317199 ], [ 8.522046446686147, 53.512513041243949 ], [ 8.522558212191882, 53.512742161521714 ], [ 8.536951303060164, 53.518101811549514 ], [ 8.546614050797928, 53.519700050716835 ], [ 8.548329830457476, 53.521879672808723 ], [ 8.556802272407083, 53.525434374496911 ], [ 8.552674531704383, 53.535301804334949 ], [ 8.549599408785809, 53.537965655590597 ], [ 8.546674847666111, 53.539220452661823 ], [ 8.539957165590806, 53.539363741643399 ], [ 8.539334058619943, 53.539545059357124 ], [ 8.528013944887732, 53.54387605223809 ], [ 8.5217015746681, 53.546847462640471 ], [ 8.520838260577307, 53.547485948018277 ], [ 8.516181946039978, 53.552555680000751 ], [ 8.515978335931493, 53.55298435714252 ], [ 8.516813874460865, 53.555759072323326 ], [ 8.516155123760143, 53.555934429330478 ], [ 8.515047550204429, 53.55579984218906 ], [ 8.510769725242767, 53.552589177948278 ], [ 8.508326530744853, 53.55192947396614 ], [ 8.503937244708197, 53.551412344004575 ], [ 8.495454072947211, 53.551648259559727 ], [ 8.478607177379388, 53.553499341321583 ], [ 8.469267844735271, 53.553773522130484 ], [ 8.46508944072508, 53.552862643796118 ], [ 8.456439614696478, 53.554725766581043 ], [ 8.447553276862379, 53.558690428720411 ], [ 8.437500000324917, 53.559988856400651 ], [ 8.437500000324917, 53.5602678063143 ], [ 8.435523629511977, 53.561753034874698 ], [ 8.416315555818414, 53.564781665541489 ], [ 8.398934245319253, 53.568839549605627 ], [ 8.394382953610602, 53.570069313148394 ], [ 8.384278536225452, 53.574347019399454 ], [ 8.382296443026576, 53.575543642025536 ], [ 8.380955457628261, 53.576810955861106 ], [ 8.379692315747945, 53.580444455247459 ], [ 8.370421409820381, 53.584842204803977 ], [ 8.367338418733084, 53.587503671956938 ], [ 8.363028764965691, 53.59450781328502 ], [ 8.34920847389202, 53.605291009272719 ], [ 8.347116947589086, 53.60883510075945 ], [ 8.345534563469357, 53.610090255760724 ], [ 8.338725447321679, 53.613281250029729 ], [ 8.338196516456151, 53.613281250029729 ], [ 8.336219311072398, 53.614446401780128 ], [ 8.325255632841333, 53.617158055599816 ], [ 8.306231856315151, 53.61796104946302 ], [ 8.285485744071934, 53.613281250029729 ], [ 8.28395474001934, 53.613281250029729 ], [ 8.272026419283918, 53.609515667214396 ], [ 8.271514415457887, 53.609103918011499 ], [ 8.274303555764504, 53.604477166887932 ], [ 8.263029933384701, 53.599481225178522 ], [ 8.253673434481584, 53.593630909538945 ], [ 8.241235971563015, 53.578813552703423 ], [ 8.241006969995794, 53.578320741309199 ], [ 8.243167757586036, 53.575269341606884 ], [ 8.238127470306608, 53.560823917389882 ], [ 8.238078355631785, 53.552594900334554 ], [ 8.236264467131605, 53.54805815246192 ], [ 8.237157225925216, 53.542555451772841 ], [ 8.231178164240873, 53.520781278633137 ], [ 8.237554550002528, 53.519294023900216 ], [ 8.245148301253266, 53.520285725206179 ], [ 8.260277629309201, 53.518217563289966 ], [ 8.268638253152972, 53.518223047355832 ], [ 8.276005626158849, 53.51892244831231 ], [ 8.283894658112047, 53.522015452451171 ], [ 8.300462365445924, 53.525596141848609 ], [ 8.316088557241187, 53.521755456649032 ], [ 8.312531828481156, 53.519433617567529 ], [ 8.316027045411943, 53.514395833101332 ], [ 8.3144912722546, 53.505497574753406 ], [ 8.315652251150539, 53.502229928568454 ], [ 8.313490748599236, 53.499629020862699 ], [ 8.316134453242512, 53.494140744399886 ], [ 8.316118716905294, 53.466322779972472 ], [ 8.314837933024194, 53.459665775155372 ], [ 8.312944412254865, 53.458684921472127 ], [ 8.313241243388745, 53.455733656782968 ], [ 8.313125372038371, 53.455468535744444 ], [ 8.310577750063146, 53.454664707310371 ], [ 8.308441758580443, 53.448727846313091 ], [ 8.296684264967041, 53.442466139401006 ], [ 8.296222209487496, 53.43750000032486 ], [ 8.294911026722616, 53.434556960835209 ], [ 8.297346353951241, 53.432199120093401 ], [ 8.297220349040003, 53.4290262462643 ], [ 8.282646060067691, 53.414392948276031 ], [ 8.27861726277655, 53.413340210882211 ], [ 8.259341359516156, 53.401139616799981 ], [ 8.258944154149447, 53.400966643895572 ], [ 8.25217330415478, 53.399054646554816 ], [ 8.240067004888431, 53.399024963531303 ], [ 8.230158924794637, 53.400912642304604 ], [ 8.21055710272816, 53.401998043075309 ], [ 8.20197963705067, 53.404608726411652 ], [ 8.196928143319269, 53.407679677375256 ], [ 8.196356058485378, 53.412982106239383 ], [ 8.195905923519661, 53.413817643869208 ], [ 8.19262230357657, 53.416961550535234 ], [ 8.175707101801493, 53.431176423653142 ], [ 8.167067170113853, 53.43750000032486 ], [ 8.166923165271896, 53.43750000032486 ], [ 8.153842806700311, 53.447067380355463 ], [ 8.153583407148687, 53.447225571103274 ], [ 8.141741871890019, 53.451979041199934 ], [ 8.135568857017233, 53.452773213613057 ], [ 8.11666393309406, 53.450945139206908 ], [ 8.109354734533497, 53.447127580973131 ], [ 8.100685476853414, 53.445666670980131 ], [ 8.099392771559337, 53.445813178635376 ], [ 8.095467805494991, 53.44766604914895 ], [ 8.090270757389703, 53.452970266764453 ], [ 8.087040543686271, 53.454219103129276 ], [ 8.085937500015802, 53.455636143293418 ], [ 8.085690140587587, 53.455610156483544 ], [ 8.078480124658199, 53.460270166335192 ], [ 8.075348138505831, 53.463391542285933 ], [ 8.063923239366034, 53.478088140855164 ], [ 8.061707615614012, 53.491777777522429 ], [ 8.062383651284449, 53.497902750611502 ], [ 8.060713648915907, 53.500004530084993 ], [ 8.065116524608015, 53.505886673631096 ], [ 8.076809048498831, 53.501982450429864 ], [ 8.085937500015802, 53.50195312533657 ], [ 8.093034506237586, 53.501983403711222 ], [ 8.106470942380156, 53.50392842325823 ], [ 8.107349633978572, 53.504114746598304 ], [ 8.13449680848106, 53.510941147715926 ], [ 8.135955333471998, 53.511231422792036 ], [ 8.155153632434292, 53.513665079979489 ], [ 8.156161070077474, 53.515704870083766 ], [ 8.162682056032054, 53.519826054728696 ], [ 8.171941757306286, 53.536676645610783 ], [ 8.169583678244294, 53.538962960572348 ], [ 8.169045448388772, 53.53492975210645 ], [ 8.164812445637949, 53.533711075405904 ], [ 8.164032101200519, 53.529975056903538 ], [ 8.159214615562234, 53.531317948864341 ], [ 8.163047910133059, 53.536512970796991 ], [ 8.169238328686106, 53.540240049139129 ], [ 8.169781327646206, 53.5418963431419 ], [ 8.168737530412841, 53.544679641452262 ], [ 8.161794542983955, 53.549011230583915 ], [ 8.161606907532757, 53.549282670259117 ], [ 8.160030603729354, 53.555030346273554 ], [ 8.160381674774499, 53.555722355702301 ], [ 8.161291718538052, 53.556358575687796 ], [ 8.166484236758265, 53.557371377786865 ], [ 8.16987776734527, 53.553119540534453 ], [ 8.172364712061949, 53.55422461037756 ], [ 8.170089244722931, 53.555401444321319 ], [ 8.166502356298793, 53.561754346086275 ], [ 8.164375543296785, 53.561585068496299 ], [ 8.165724158543128, 53.55893504611555 ], [ 8.160292625704187, 53.557524919939226 ], [ 8.155729770512551, 53.561013818233221 ], [ 8.151416659751192, 53.560358762846761 ], [ 8.152154445571341, 53.564670562396714 ], [ 8.146040916355332, 53.569182276740662 ], [ 8.140291452488725, 53.576869845267311 ], [ 8.140335201808284, 53.579744577650331 ], [ 8.152698278203104, 53.583523631410571 ], [ 8.154191851572762, 53.583672404457957 ], [ 8.15592765823493, 53.581057906197543 ], [ 8.157909631824054, 53.580773711437757 ], [ 8.15707194841184, 53.584773540666447 ], [ 8.156787752752678, 53.585090040872785 ], [ 8.153916120332781, 53.585477948148878 ], [ 8.137511849492228, 53.581276417172944 ], [ 8.132063150394117, 53.582339048008691 ], [ 8.129888415218375, 53.5886538032305 ], [ 8.119696855325799, 53.599444866487545 ], [ 8.114024877945951, 53.613281250029729 ], [ 8.114175438845507, 53.613281250029729 ], [ 8.113662004198204, 53.614656448336405 ], [ 8.114818454108388, 53.615295529065577 ], [ 8.127668976542111, 53.618249059146876 ], [ 8.125711321520384, 53.621796250596617 ], [ 8.123677253802214, 53.621830343895283 ], [ 8.123810768052522, 53.619257569681167 ], [ 8.11150324367992, 53.61645853503353 ], [ 8.107175946113045, 53.621797561808194 ], [ 8.096250057394343, 53.629667520939506 ], [ 8.097053766218437, 53.631664753325708 ], [ 8.114393115250039, 53.636481404393408 ], [ 8.110225200932405, 53.64213943508696 ], [ 8.109770059440791, 53.642471909950814 ], [ 8.106291651738445, 53.642714261953813 ], [ 8.111245751590218, 53.636845708063106 ], [ 8.095556259213993, 53.63340270487106 ], [ 8.0935369727531, 53.633630633547 ], [ 8.088657260324339, 53.638510823515787 ], [ 8.083114266410348, 53.640066743285672 ], [ 8.085937500015802, 53.641183018681545 ], [ 8.087222456751135, 53.643413662910348 ], [ 8.086649059806291, 53.64429366572017 ], [ 8.085937500015802, 53.644252062183 ], [ 8.078798413616084, 53.643897176213841 ], [ 8.072443723998731, 53.64563107451454 ], [ 8.065013646662578, 53.643658756946252 ], [ 8.061856746591616, 53.641536355118774 ], [ 8.05123734502763, 53.64068770447409 ], [ 8.044813155802615, 53.641798853734144 ], [ 8.036324739195493, 53.654602169854343 ], [ 8.033626914250874, 53.657482147083499 ], [ 8.030928253835953, 53.658248067294664 ], [ 8.028574943878709, 53.661692022868749 ], [ 8.027053355727958, 53.677665352973747 ], [ 8.023725748144841, 53.681586146183861 ], [ 8.02497017423434, 53.684000730549371 ], [ 8.022206068355558, 53.684776425491748 ], [ 8.021057367003948, 53.687808752372007 ], [ 8.022241115834959, 53.688208580161927 ], [ 8.020115971974633, 53.688586950127842 ], [ 8.020066261049294, 53.688895940995053 ], [ 8.029908657358817, 53.698238849343568 ], [ 8.030125021652395, 53.698553323377212 ], [ 8.028606653074689, 53.701388120465481 ], [ 8.02870094789057, 53.701797842596534 ], [ 8.031082272628851, 53.703274607637127 ], [ 8.031262755771593, 53.703979373049719 ], [ 8.030928253835953, 53.705002427420197 ], [ 8.029043078775089, 53.706453442172801 ], [ 8.02310872059104, 53.70877635504479 ], [ 8.021723866263471, 53.709198355619719 ], [ 8.015965342626487, 53.710446357413559 ], [ 7.991901517141343, 53.713977218074319 ], [ 7.964501500044321, 53.715930342311594 ], [ 7.911097526629703, 53.71763384352721 ], [ 7.904508710208859, 53.717354774903015 ], [ 7.882165551299181, 53.715931058171805 ], [ 7.830997705279913, 53.710966944369147 ], [ 7.811302423867744, 53.711516022746423 ], [ 7.810362100830389, 53.708510279825703 ], [ 7.810233951036139, 53.710628866728939 ], [ 7.793956637488975, 53.710069418269143 ], [ 7.759860157820128, 53.702063441174857 ], [ 7.734374999706517, 53.699497819269027 ], [ 7.733198404083055, 53.699218749745626 ], [ 7.724261641261762, 53.699527144362321 ], [ 7.706717610129715, 53.701943278259876 ], [ 7.704662680838112, 53.701064467051708 ], [ 7.704082846546214, 53.702545047016486 ], [ 7.697884678535218, 53.701858520754172 ], [ 7.672985553740375, 53.697515129819578 ], [ 7.665861606527926, 53.694524645695992 ], [ 7.63886761624758, 53.690516352947441 ], [ 7.627306103793842, 53.68749999982532 ], [ 7.611343025959854, 53.686912656194124 ], [ 7.58892917674018, 53.679880142154957 ], [ 7.579530954689858, 53.681298852360271 ], [ 7.570608854415241, 53.680495858497238 ], [ 7.57232224907267, 53.677549243303076 ], [ 7.563281655024355, 53.67469477624303 ], [ 7.549325346887315, 53.674356579892276 ], [ 7.529860853995331, 53.671388864804385 ], [ 7.515766858753693, 53.671903610663264 ], [ 7.505414366979437, 53.676568746650503 ], [ 7.474619746404301, 53.683307528619707 ], [ 7.419286370169914, 53.682756542780339 ], [ 7.40392374988113, 53.683792948485973 ], [ 7.382812500296723, 53.683314562217447 ], [ 7.382812500296723, 53.683035731014343 ], [ 7.375960946040891, 53.682839035792938 ], [ 7.357947110870498, 53.686596751339152 ], [ 7.341439247123617, 53.684460162706387 ], [ 7.326243639032839, 53.684122324286022 ], [ 7.296554446230857, 53.680302500659934 ], [ 7.287432908701817, 53.677350759330182 ], [ 7.28128337872505, 53.67389404777208 ], [ 7.271859526895639, 53.672183513858101 ], [ 7.262770652743541, 53.67237985114923 ], [ 7.244692445000453, 53.668497204482492 ], [ 7.231897830720413, 53.662155151239403 ], [ 7.226444601737171, 53.660714507468526 ], [ 7.21878325924007, 53.655186652741861 ], [ 7.18307173207495, 53.640583753637372 ], [ 7.174623966622789, 53.63103532771828 ], [ 7.166417956023963, 53.626541972134476 ], [ 7.158314108409456, 53.628559112812979 ], [ 7.160774230846243, 53.624610901072288 ], [ 7.16323435328286, 53.624524951065723 ], [ 7.160339951827495, 53.623881340451533 ], [ 7.157956242986302, 53.626528739509865 ], [ 7.155528068965339, 53.621628165507445 ], [ 7.153610944589502, 53.624911307910565 ], [ 7.156215668118591, 53.628129959030389 ], [ 7.152597904169909, 53.624997139206755 ], [ 7.152525543818967, 53.621091842214867 ], [ 7.146375059661239, 53.614912032964014 ], [ 7.14890813869971, 53.613281250029729 ], [ 7.148749470411758, 53.613281250029729 ], [ 7.14309024811655, 53.608166337006992 ], [ 7.137394547520387, 53.604800820301705 ], [ 7.112545251462222, 53.594280242539298 ], [ 7.091704845302502, 53.579921602899731 ], [ 7.089424014406802, 53.571685075605899 ], [ 7.089657544959891, 53.570993542817916 ], [ 7.102558136249172, 53.562075019146846 ], [ 7.101573944282165, 53.558847069936519 ], [ 7.103349447019525, 53.555964350674287 ], [ 7.111892342757528, 53.554698109729998 ], [ 7.117389440670195, 53.548274159724826 ], [ 7.12749552719697, 53.54077255750758 ], [ 7.127847075782029, 53.540609240624008 ], [ 7.131251335281036, 53.540331840242402 ], [ 7.137958050124098, 53.542069316046138 ], [ 7.13943827125928, 53.542076944995188 ], [ 7.142046928423156, 53.541403531747676 ], [ 7.142079830120167, 53.540683150507164 ], [ 7.132575154419953, 53.539490341905946 ], [ 7.134328365661588, 53.538325548085595 ], [ 7.134251355815422, 53.53334772591694 ], [ 7.132009267713613, 53.531831145191234 ], [ 7.127095579797299, 53.529487609965258 ], [ 7.126380801332971, 53.529340266839995 ], [ 7.110743761015783, 53.52811264997888 ], [ 7.101175069773774, 53.526006340620256 ], [ 7.100429534495447, 53.525692104906909 ], [ 7.09700453303293, 53.521798730227374 ], [ 7.098083734776537, 53.5194244381874 ], [ 7.097371220805371, 53.519302607029829 ], [ 7.096179128064364, 53.519308805157323 ], [ 7.087291121088469, 53.522470950973627 ], [ 7.084715366520982, 53.527505040125561 ], [ 7.077350258907416, 53.532382845991663 ], [ 7.075497508003764, 53.532374620792268 ], [ 7.074743151275584, 53.529529452722045 ], [ 7.071411013807392, 53.52751195411355 ], [ 7.06592237941436, 53.52499222730961 ], [ 7.064181566226409, 53.524872422324506 ], [ 7.062246203599443, 53.524978041403642 ], [ 7.060996770984275, 53.525433301605631 ], [ 7.053521036866471, 53.533122300953607 ], [ 7.039523601832855, 53.53768026832978 ], [ 7.038257837529159, 53.537778138850172 ], [ 7.037515520924728, 53.537324428179886 ], [ 7.037675619134632, 53.534908413892254 ], [ 7.0340790746896, 53.533061147054411 ], [ 7.035049677000984, 53.526999235326628 ], [ 7.038752436775724, 53.522729515954438 ], [ 7.038789510427591, 53.520235300218985 ], [ 7.040722608561623, 53.517125129820954 ], [ 7.049401044722401, 53.507923722601845 ], [ 7.031249999987608, 53.490234255806342 ], [ 7.025514840737344, 53.483476400115819 ], [ 7.024173855339257, 53.465600133339649 ], [ 7.013461231850556, 53.43750000032486 ], [ 7.013532042669794, 53.43750000032486 ], [ 7.011255740759964, 53.430403947384434 ], [ 7.011466979817328, 53.423848032660771 ], [ 7.013265609520261, 53.423250078828175 ], [ 7.014345407514611, 53.414345860673052 ], [ 7.010785579690776, 53.407460213118497 ], [ 7.010213971497649, 53.399414420339269 ], [ 7.007590770497757, 53.394821047553307 ], [ 7.011151552502326, 53.384344458330133 ], [ 7.007281542209455, 53.377307772335939 ], [ 6.999103546391666, 53.373175740068461 ], [ 6.999031424360851, 53.358951925890779 ], [ 7.001223444506479, 53.358170747781912 ], [ 7.00152957463024, 53.35785555878698 ], [ 7.005046248485655, 53.352217555096274 ], [ 7.007827758944075, 53.349182605792805 ], [ 7.014076709872313, 53.343269348401861 ], [ 7.018699646071866, 53.339713215892345 ], [ 7.020705223267555, 53.338508606387222 ], [ 7.025203228346356, 53.336616754759518 ], [ 7.02644395822216, 53.33643102677064 ], [ 7.031249999987608, 53.335937500415355 ], [ 7.034586429919955, 53.335923433219932 ], [ 7.039926409975976, 53.3375737665163 ], [ 7.051569223840602, 53.3380874394839 ], [ 7.060874342676811, 53.334574103012585 ], [ 7.152711629737894, 53.335379362267929 ], [ 7.176554679754759, 53.334044217966323 ], [ 7.188809156717355, 53.345296025491336 ], [ 7.190313101068796, 53.343858719104674 ], [ 7.182803630682997, 53.337615132632322 ], [ 7.182792544740209, 53.337329030410615 ], [ 7.186863303498683, 53.336648940596262 ], [ 7.183916449984281, 53.335447311444341 ], [ 7.18456327927197, 53.334975242913231 ], [ 7.188613056847146, 53.334292650285647 ], [ 7.238477110730059, 53.331153511825221 ], [ 7.254209518754408, 53.329490542154986 ], [ 7.257580756946481, 53.329025745541855 ], [ 7.263038635424721, 53.327529311428691 ], [ 7.269769907155649, 53.324527620853132 ], [ 7.274579763845111, 53.323969602315458 ], [ 7.293754100371473, 53.324189304892627 ], [ 7.310529828089216, 53.321780442913223 ], [ 7.331250905904767, 53.322793245012349 ], [ 7.3384870291531, 53.321307421100755 ], [ 7.339530706776884, 53.321030259039276 ], [ 7.346836924984188, 53.316043377100243 ], [ 7.350849747617872, 53.311479568627249 ], [ 7.357634305978479, 53.307617068573052 ], [ 7.359236002139767, 53.299188375043627 ], [ 7.365927458185752, 53.298064231479259 ], [ 7.377963542883379, 53.298746227856157 ], [ 7.382812500296723, 53.297711968832459 ], [ 7.385190606361505, 53.297747731272921 ], [ 7.38743305239359, 53.297114610351002 ], [ 7.392250061391337, 53.294916510788369 ], [ 7.39259660255135, 53.294709324975543 ], [ 7.401125907734581, 53.287857532399357 ], [ 7.401875257936865, 53.26773536169776 ], [ 7.399531364780728, 53.261718749720615 ], [ 7.398735165295705, 53.260323644021014 ], [ 7.398239612767952, 53.240148067079815 ], [ 7.398460746166677, 53.23922634112273 ], [ 7.399693965804033, 53.237048745203538 ], [ 7.402853965837949, 53.235198378402572 ], [ 7.409519552885229, 53.232728600844268 ], [ 7.422994256080244, 53.230845928596864 ], [ 7.42335116822187, 53.23073804412553 ], [ 7.426752448266996, 53.228315711201276 ], [ 7.429665327193163, 53.225049376227901 ], [ 7.429180145647194, 53.220172643252965 ], [ 7.427751421490996, 53.21726501007214 ], [ 7.424096226859376, 53.210297226535886 ], [ 7.423606276208659, 53.209706664231192 ], [ 7.416238665781862, 53.206533909112693 ], [ 7.41569423689964, 53.206088661962212 ], [ 7.413667440200243, 53.204298257458674 ], [ 7.411844253609388, 53.199127435382877 ], [ 7.410718440903395, 53.198986768824511 ], [ 7.40999901294424, 53.199060917027793 ], [ 7.409376620934495, 53.199985623337909 ], [ 7.411013722505402, 53.204416155881063 ], [ 7.411212205578977, 53.204635143497171 ], [ 7.42151236490389, 53.210790514570647 ], [ 7.421930551453784, 53.211436152256738 ], [ 7.426591038845345, 53.224131941835822 ], [ 7.421761751403778, 53.229430079135 ], [ 7.405955911036585, 53.230729222675677 ], [ 7.397413730259473, 53.235036254020031 ], [ 7.394044756560334, 53.23806595757793 ], [ 7.393810153116078, 53.23845016953976 ], [ 7.393142819285799, 53.259206652764931 ], [ 7.394002676382399, 53.261718749720615 ], [ 7.395749568987583, 53.267445922091611 ], [ 7.394454956231357, 53.283871650756168 ], [ 7.395571947487497, 53.288859248555639 ], [ 7.38443243470914, 53.292658448029044 ], [ 7.382812500296723, 53.292689561873885 ], [ 7.358448267073982, 53.294669151360324 ], [ 7.34771752314515, 53.300590753560584 ], [ 7.342319846184125, 53.306889057484113 ], [ 7.341263651796169, 53.311522245055698 ], [ 7.338203311034022, 53.315091848510122 ], [ 7.337559461200328, 53.315612554176084 ], [ 7.332894921463492, 53.318048476755791 ], [ 7.331197142634096, 53.318329453741285 ], [ 7.289752125360394, 53.316751718217404 ], [ 7.255778312319308, 53.321077108321958 ], [ 7.247530460762221, 53.31996393199006 ], [ 7.246033549109086, 53.319503069011546 ], [ 7.243928313541005, 53.316844820532026 ], [ 7.238666653643179, 53.300170064197232 ], [ 7.235056042902102, 53.298133134836405 ], [ 7.233423709536567, 53.295274257500978 ], [ 7.229453206300548, 53.293731570355874 ], [ 7.232915878564995, 53.29159796207648 ], [ 7.235869526457464, 53.28771853408324 ], [ 7.236350417338031, 53.286348223591688 ], [ 7.23640584975027, 53.276646256419781 ], [ 7.235951900759687, 53.273855805800963 ], [ 7.22894561274984, 53.261718749720615 ], [ 7.22909092880343, 53.261718749720615 ], [ 7.228123546064921, 53.258596062558411 ], [ 7.227814316877243, 53.25814485560079 ], [ 7.223611950431291, 53.253189921177977 ], [ 7.219785452037058, 53.248878359948549 ], [ 7.219465613547356, 53.248616934224287 ], [ 7.210279465125325, 53.244172930736227 ], [ 7.191666667083098, 53.324999999650345 ], [ 7.173333333366713, 53.325277777747431 ], [ 7.133333333266819, 53.322777777572355 ], [ 7.115000000449754, 53.322777777572355 ], [ 7.09962701097777, 53.321283181673607 ], [ 7.094999999950119, 53.320833333591622 ], [ 7.086944445030099, 53.318888888711285 ], [ 7.080000000699613, 53.317222221928034 ], [ 7.07500000034986, 53.316944444730382 ], [ 7.070000000000107, 53.316388888536437 ], [ 7.061666666983228, 53.316111111338898 ], [ 7.054722222652515, 53.316388888536437 ], [ 7.047500000224943, 53.317222221928034 ], [ 7.040833333991316, 53.31750000002512 ], [ 7.033333333466715, 53.318055555319688 ], [ 7.025833333841433, 53.318888888711285 ], [ 7.013888889160967, 53.320277777397678 ], [ 7.011124752705257, 53.320573934939205 ], [ 7.006111111438827, 53.321111110789104 ], [ 6.996666666933265, 53.324722222452692 ], [ 6.988333333916387, 53.327777777922108 ], [ 6.983888888861202, 53.33 ], [ 6.978333333216881, 53.3333333335666 ], [ 6.973333333766504, 53.33722222242767 ], [ 6.965555556044194, 53.345000000150037 ], [ 6.958598583258038, 53.349782918547021 ], [ 6.956666666833371, 53.351111111089097 ], [ 6.948611111014145, 53.357222222027985 ], [ 6.938888889310931, 53.364166666358642 ], [ 6.935000000449634, 53.36777777802223 ], [ 6.930277778196967, 53.375000000449802 ], [ 6.924722222552646, 53.384722222152845 ], [ 6.923333333866253, 53.391111111188991 ], [ 6.920000000299751, 53.400000000399814 ], [ 6.914999999950169, 53.412222222277762 ], [ 6.913333333166918, 53.417222222627515 ], [ 6.912500000674527, 53.422222222077892 ], [ 6.913888889360862, 53.429166666408605 ], [ 6.913888889360862, 53.433888888661272 ], [ 6.913333333166918, 53.438333333716457 ], [ 6.908333333716541, 53.445555555244709 ], [ 6.90083333319194, 53.45138888898623 ], [ 6.897222222427729, 53.454166666358617 ], [ 6.887222222627599, 53.45722222182826 ], [ 6.878949598345457, 53.458847202336642 ], [ 6.871666667182978, 53.460277778197053 ], [ 6.866719774498165, 53.461669091455462 ], [ 6.853888888761333, 53.46527777764743 ], [ 6.821666667282898, 53.477500000424754 ], [ 6.81549730455697, 53.480199096111448 ], [ 6.808333333916266, 53.483333333266785 ], [ 6.778333333616501, 53.493333333066914 ], [ 6.731111111089035, 53.51 ], [ 6.727856300927726, 53.511257540902932 ], [ 6.706666667332911, 53.519444444505609 ], [ 6.694444444555586, 53.528333333716432 ], [ 6.686666666833275, 53.533888889360753 ], [ 6.653333333866385, 53.55555555574449 ], [ 6.635000000150001, 53.563888888761369 ], [ 6.623600342281975, 53.568488751055099 ], [ 6.619166666608464, 53.570277777797287 ], [ 6.60623408283675, 53.573651495420279 ], [ 6.587222222327739, 53.578611110814165 ], [ 6.563671014905424, 53.582298041621414 ], [ 6.540776998759668, 53.585882088187986 ], [ 6.413333333266849, 53.60583333374143 ], [ 6.332222222477753, 53.751666666483629 ], [ 6.326656797673138, 53.756849046646323 ], [ 6.320306168494881, 53.762762587323721 ], [ 6.263611110764202, 53.815555555944229 ], [ 6.107222222027929, 54.000000000099988 ], [ 5.999999999800252, 54.186666666333736 ], [ 5.000000000000114, 54.620000000299797 ], [ 5.000000000000114, 54.999999999900126 ], [ 4.333333333466612, 55.333333333166877 ], [ 3.370277777397575, 55.765000000349914 ], [ 3.399999999600425, 55.834999999850197 ], [ 3.349999999700401, 55.919277777347588 ], [ 3.806505032581299, 55.844940723535672 ], [ 4.25000000015001, 55.772722222452728 ], [ 4.75000000049971, 55.404166666958247 ], [ 5.01523268848797, 55.301941568148891 ], [ 5.150000000150044, 55.250000000299963 ], [ 5.403333333666581, 55.250000000299963 ], [ 5.750000000299849, 55.511194444518253 ], [ 7.13342189310606, 55.247518018042172 ], [ 7.323244393713935, 55.211338368570978 ], [ 7.552666666883283, 55.167611111164035 ], [ 7.572526007789858, 55.164020969458853 ], [ 7.572526007789993, 55.164020969458832 ], [ 7.698060421568906, 55.1466583382769 ], [ 8.042682848459727, 55.098993372153089 ], [ 8.199064623440616, 55.07733558898677 ], [ 8.199064639885911, 55.077335586709211 ], [ 8.300649872947062, 55.063266741725144 ], [ 8.325450724764407, 55.060866696828178 ], [ 8.331533058680902, 55.061599931451291 ], [ 8.359900234304138, 55.064999813497579 ], [ 8.378535639271204, 55.067232492432474 ], [ 8.37853564193038, 55.067232492751067 ], [ 8.388283271996993, 55.068400341174716 ], [ 8.388283365523428, 55.068400352506856 ], [ 8.388601226106015, 55.068438866115741 ], [ 8.388601229544186, 55.068438866532325 ], [ 8.395433244587704, 55.069266668309822 ], [ 8.472650372056743, 55.054116600686164 ], [ 8.478482901167673, 55.047382815981031 ], [ 8.471999711097004, 55.025316563489014 ], [ 8.501266479002764, 55.000048035635494 ], [ 8.501266482285329, 55.000048032801374 ], [ 8.501533619027427, 54.999817390585257 ], [ 8.518049900305449, 54.992599896766812 ], [ 8.55741677401134, 54.992732580462601 ], [ 8.556781228273952, 54.976048040401771 ], [ 8.556781228216678, 54.976048038898213 ], [ 8.55468244791982, 54.92095021999743 ], [ 8.634825383194942, 54.911617648407614 ] ], [ [ 8.496899366212915, 54.68031334898194 ], [ 8.515358209314059, 54.681334614600871 ], [ 8.521627903105411, 54.680328249848969 ], [ 8.533041835012739, 54.68133211178764 ], [ 8.554487347313341, 54.679233550987647 ], [ 8.567390680635469, 54.679991841350443 ], [ 8.571522951223244, 54.686316847944283 ], [ 8.57060670843299, 54.687402367425307 ], [ 8.573551059134218, 54.690944910279427 ], [ 8.576042771157063, 54.691454648713091 ], [ 8.576341509753036, 54.692807555524382 ], [ 8.573044300154322, 54.692366123298143 ], [ 8.573155641619621, 54.693374633832434 ], [ 8.57626676529901, 54.695995926470857 ], [ 8.57557535212095, 54.701973557333872 ], [ 8.578070640747512, 54.706565379688584 ], [ 8.583843231579863, 54.713304877518055 ], [ 8.59307265268086, 54.716917157400928 ], [ 8.594972849117823, 54.718345046087165 ], [ 8.594946146447569, 54.719177961294008 ], [ 8.591360569235007, 54.722427844969047 ], [ 8.5838452577525, 54.726203918376257 ], [ 8.581766366924342, 54.728006959253946 ], [ 8.580841302684007, 54.7300331597026 ], [ 8.580823779393995, 54.730366706558357 ], [ 8.586157440813338, 54.73391604379043 ], [ 8.586236238511674, 54.734199643199133 ], [ 8.58686482864897, 54.737920880444392 ], [ 8.586427330956667, 54.740501404116685 ], [ 8.583569407801974, 54.744061946901525 ], [ 8.568440675996555, 54.750047922573629 ], [ 8.565081119098465, 54.751058101350395 ], [ 8.55099344249345, 54.753977179303433 ], [ 8.542460202776113, 54.754954933923102 ], [ 8.539458156069088, 54.755508422575701 ], [ 8.521098256379616, 54.754938721844667 ], [ 8.511547446357667, 54.753421544868445 ], [ 8.497018217916491, 54.749193549542838 ], [ 8.487297415343505, 54.749788880052904 ], [ 8.477768063145675, 54.752481579761252 ], [ 8.473503351198872, 54.752483367613422 ], [ 8.461297512270505, 54.749164104839622 ], [ 8.437500000324917, 54.745814561892644 ], [ 8.430851459927055, 54.745914101554661 ], [ 8.420820355275225, 54.742716669938488 ], [ 8.408693552365662, 54.734067916800996 ], [ 8.406481027677387, 54.732093573060013 ], [ 8.400366544280644, 54.723911762318039 ], [ 8.40044164666466, 54.720798253636588 ], [ 8.398476958045251, 54.720643759102302 ], [ 8.397108555015961, 54.718314051852076 ], [ 8.396077155836224, 54.709207534799987 ], [ 8.39898884316068, 54.702505946092515 ], [ 8.399385928917525, 54.702068328790517 ], [ 8.402436971588997, 54.70035970233846 ], [ 8.406881213397355, 54.700306057778334 ], [ 8.433934569724727, 54.693295717423553 ], [ 8.437500000324917, 54.692801356497512 ], [ 8.451744914396329, 54.692038416639718 ], [ 8.466376423633051, 54.684090256959962 ], [ 8.480639934785188, 54.680884957175067 ], [ 8.496899366212915, 54.68031334898194 ] ], [ [ 8.712732553664409, 54.67620754274401 ], [ 8.721928238497583, 54.685404777108886 ], [ 8.721949100071015, 54.686042666236176 ], [ 8.721278428856465, 54.687719345171786 ], [ 8.714237928837406, 54.691500425104664 ], [ 8.711071133526048, 54.69229042556276 ], [ 8.709478378424592, 54.69070005456399 ], [ 8.709547877132877, 54.685403823827528 ], [ 8.702460408221384, 54.683828234985185 ], [ 8.692042112153729, 54.67695307712296 ], [ 8.682557821386411, 54.675899148127314 ], [ 8.681664347631511, 54.675475240090293 ], [ 8.68161654506747, 54.672535300563823 ], [ 8.681809425364804, 54.672460914040016 ], [ 8.688942551957325, 54.671414732703795 ], [ 8.691957235038444, 54.671779155983245 ], [ 8.702497959413392, 54.672631263621952 ], [ 8.708897114210572, 54.67192614117846 ], [ 8.71013331420113, 54.672485709248235 ], [ 8.712732553664409, 54.67620754274401 ] ], [ [ 8.341002345481968, 54.703043460986976 ], [ 8.322646141106645, 54.689617514536735 ], [ 8.315398216054859, 54.685520053108121 ], [ 8.30532085927041, 54.682342410174272 ], [ 8.305230856019364, 54.678937316104282 ], [ 8.292405128793632, 54.670873642104993 ], [ 8.291989802987189, 54.669676423228395 ], [ 8.292157287329132, 54.668863956806263 ], [ 8.292341828212898, 54.667968750057923 ], [ 8.292456507961617, 54.667968750057923 ], [ 8.293489455773852, 54.665339947180826 ], [ 8.297125458872983, 54.660857915860163 ], [ 8.299465868055336, 54.658469530544494 ], [ 8.30755245678057, 54.650217175182604 ], [ 8.332351446562086, 54.632182717658452 ], [ 8.337551832051417, 54.629898667189877 ], [ 8.339230418449119, 54.626497149723775 ], [ 8.354857802745471, 54.616144538339825 ], [ 8.362604022357857, 54.608698963886127 ], [ 8.369176625800719, 54.607764363234821 ], [ 8.379818677689855, 54.61145830155948 ], [ 8.395493745839815, 54.612288952273389 ], [ 8.399907350443925, 54.61808776823608 ], [ 8.390942335420561, 54.616232752839323 ], [ 8.385705113700112, 54.623008251429781 ], [ 8.402913451294808, 54.62618434393238 ], [ 8.39988017113302, 54.629132271237495 ], [ 8.397241830945802, 54.629423141664802 ], [ 8.394782424369453, 54.6290053130449 ], [ 8.394133210079644, 54.627257466259209 ], [ 8.385711551047279, 54.627676964020736 ], [ 8.383444547228123, 54.632135510445551 ], [ 8.379915952859108, 54.63343787176035 ], [ 8.381494641664347, 54.640845537091991 ], [ 8.376357554957224, 54.642621159439102 ], [ 8.373501062624086, 54.645591258629679 ], [ 8.367997050723432, 54.646723508683067 ], [ 8.360951900309999, 54.650192379974442 ], [ 8.360105633768171, 54.658650040666942 ], [ 8.356477141806693, 54.661061168038657 ], [ 8.356282711078279, 54.665317416465768 ], [ 8.353451609304443, 54.667968750057923 ], [ 8.353587865587713, 54.667968750057923 ], [ 8.354009747451926, 54.67297661318031 ], [ 8.342128873149022, 54.683671474159382 ], [ 8.339173316895085, 54.689345478611074 ], [ 8.339173316895085, 54.693497657491093 ], [ 8.342900156916755, 54.697404265694388 ], [ 8.340325713561015, 54.698628545171289 ], [ 8.348524331732563, 54.701729774509545 ], [ 8.35469806156641, 54.706707716288122 ], [ 8.360547423025253, 54.709310769776266 ], [ 8.355297565830085, 54.711614250997002 ], [ 8.343294263219718, 54.706177473311868 ], [ 8.341002345481968, 54.703043460986976 ] ], [ [ 8.548467159631798, 54.619232178022571 ], [ 8.558738708824478, 54.623358369193568 ], [ 8.561951041307566, 54.626229167042595 ], [ 8.568772554609836, 54.626216650278252 ], [ 8.584258556487327, 54.633701443267 ], [ 8.596781849802539, 54.635259270499034 ], [ 8.602540373439524, 54.632699131759637 ], [ 8.609651565567276, 54.632805108768821 ], [ 8.629509330191581, 54.636024236529465 ], [ 8.63361036822397, 54.637738943297677 ], [ 8.648233175620533, 54.639528155300241 ], [ 8.648767232621822, 54.639701128204536 ], [ 8.650329231808712, 54.64128804220951 ], [ 8.656271457262108, 54.642830252714077 ], [ 8.660104035972665, 54.645963549178646 ], [ 8.663190960694408, 54.649540543261651 ], [ 8.663655638596936, 54.650254964694909 ], [ 8.6638375516618, 54.655142068651628 ], [ 8.664548159070307, 54.660470366514289 ], [ 8.664325356530128, 54.661086201566945 ], [ 8.662609338550169, 54.66196083992088 ], [ 8.658605575686863, 54.657157540188507 ], [ 8.658244371080912, 54.656990051349908 ], [ 8.650431156472791, 54.655751943897258 ], [ 8.648768543833228, 54.654778957482961 ], [ 8.64542233916967, 54.652264475525214 ], [ 8.638558268149666, 54.649787544759477 ], [ 8.638028502713325, 54.649609923259391 ], [ 8.606974959227159, 54.642627954716318 ], [ 8.604320645281632, 54.642087579078577 ], [ 8.581412315525995, 54.638921976268307 ], [ 8.574355721239669, 54.639901280419849 ], [ 8.567877053783093, 54.637481808239045 ], [ 8.55492615711654, 54.635315417872391 ], [ 8.540106176958659, 54.636406302708679 ], [ 8.539338708114997, 54.636222839212735 ], [ 8.530452251570125, 54.630977868933485 ], [ 8.529754161825167, 54.625742078034534 ], [ 8.539196967765918, 54.62286174287533 ], [ 8.548116207297198, 54.617194652411399 ], [ 8.548467159631798, 54.619232178022571 ] ], [ [ 8.739383458879558, 54.635493755232687 ], [ 8.736737728063815, 54.638178944702588 ], [ 8.736366033765535, 54.639633655668661 ], [ 8.736756443854858, 54.640843152989305 ], [ 8.738071203223626, 54.642293810710896 ], [ 8.73771786678617, 54.642532110368734 ], [ 8.731825351358907, 54.644289255244928 ], [ 8.726870417835698, 54.64188933342615 ], [ 8.723084807118198, 54.640787958897306 ], [ 8.722373843578055, 54.640653133435421 ], [ 8.718289613874617, 54.64170575121949 ], [ 8.713723659619234, 54.639323234879498 ], [ 8.711468815533578, 54.637014746233604 ], [ 8.710192561537554, 54.634702563172937 ], [ 8.709647416794894, 54.632316828159105 ], [ 8.710832715157835, 54.630761265420233 ], [ 8.720232128809869, 54.626644611559584 ], [ 8.729183315857426, 54.628660201807008 ], [ 8.739383458879558, 54.635493755232687 ] ], [ [ 8.772238016171571, 54.636708855329516 ], [ 8.76948964573063, 54.638053059401329 ], [ 8.768733144119381, 54.638149142069324 ], [ 8.76480853598531, 54.63783466803568 ], [ 8.761711358991988, 54.636267424002483 ], [ 8.761306166746238, 54.63528215914431 ], [ 8.761915445741295, 54.63509917228896 ], [ 8.772260546886798, 54.63641583911982 ], [ 8.772238016171571, 54.636708855329516 ] ], [ [ 8.482413649670377, 54.575346231643437 ], [ 8.47961461502257, 54.577183723749954 ], [ 8.479378462046441, 54.578924417328039 ], [ 8.479951977701717, 54.580413341202927 ], [ 8.483647823488241, 54.583730459093488 ], [ 8.482491254867682, 54.584406256443685 ], [ 8.480881213897078, 54.5846203562445 ], [ 8.475770950369167, 54.583114147400067 ], [ 8.471379756870419, 54.579399704532875 ], [ 8.467465758038315, 54.578667163558862 ], [ 8.456446052043702, 54.569288253550212 ], [ 8.454733133127661, 54.559940457386233 ], [ 8.460337042620552, 54.555250048650862 ], [ 8.462290049046658, 54.554815650022363 ], [ 8.464772343369077, 54.554849862930951 ], [ 8.467946171378742, 54.557701826278389 ], [ 8.477206825934275, 54.556725621190594 ], [ 8.480979323636973, 54.557890057979876 ], [ 8.494449615657231, 54.556445241354993 ], [ 8.500789523118158, 54.557984113576083 ], [ 8.491375446020186, 54.571128011048927 ], [ 8.491305827701808, 54.575677871936421 ], [ 8.486138343909431, 54.576388240125254 ], [ 8.482413649670377, 54.575346231643437 ] ], [ [ 8.548363805045597, 54.556622028284039 ], [ 8.549004078275743, 54.556435942364942 ], [ 8.564402341395066, 54.556391477184945 ], [ 8.57105100140268, 54.55731260779072 ], [ 8.572016477578472, 54.557964801534524 ], [ 8.574521422225928, 54.561449646584038 ], [ 8.575104713511791, 54.56511235235331 ], [ 8.564823746618686, 54.569062709876334 ], [ 8.561094045853565, 54.575487256132021 ], [ 8.557449221304523, 54.57842135456184 ], [ 8.551095247547607, 54.57949185356631 ], [ 8.546445250747752, 54.576753258756014 ], [ 8.5331174131382, 54.575219511771138 ], [ 8.514144063397794, 54.578845024278564 ], [ 8.509578466173423, 54.576581358742885 ], [ 8.509124755503137, 54.574647426937247 ], [ 8.515065908065253, 54.570063233531528 ], [ 8.521557808146383, 54.569719553114965 ], [ 8.528869747840645, 54.565924644306961 ], [ 8.539482116706495, 54.564548731039224 ], [ 8.544004320742943, 54.558981656878075 ], [ 8.548363805045597, 54.556622028284039 ] ], [ [ 8.627926230211415, 54.535936236268412 ], [ 8.625034212858736, 54.535186529035229 ], [ 8.595694541569969, 54.534125566441901 ], [ 8.59480774438191, 54.533989310158631 ], [ 8.591239928779657, 54.532448530475449 ], [ 8.58787655785693, 54.529718757115006 ], [ 8.587242722873498, 54.528836965553637 ], [ 8.58638572652012, 54.522460937722258 ], [ 8.591258645470077, 54.508628368204711 ], [ 8.606879472809453, 54.500431179955115 ], [ 8.609018444645585, 54.496333718526444 ], [ 8.615202308040239, 54.492187500353054 ], [ 8.61591184165826, 54.492187500353054 ], [ 8.617996453973205, 54.490861535431691 ], [ 8.626248717604369, 54.488310575173045 ], [ 8.642452001658626, 54.489464163440402 ], [ 8.662057042398772, 54.492308139908801 ], [ 8.666242241686177, 54.493079066645635 ], [ 8.673462033246324, 54.495271563432084 ], [ 8.677766680487991, 54.498046159902515 ], [ 8.678218364985639, 54.498443007339063 ], [ 8.680110335323889, 54.502546549084002 ], [ 8.682675242268658, 54.505048155448208 ], [ 8.685088634133194, 54.504997730461014 ], [ 8.688133835707958, 54.508613825267901 ], [ 8.69065654286527, 54.514589429059072 ], [ 8.693465948494861, 54.517035245979969 ], [ 8.693699955688544, 54.517563461884379 ], [ 8.693598151533592, 54.519236325895804 ], [ 8.690693854837662, 54.521355271628636 ], [ 8.696789622443191, 54.523396015014271 ], [ 8.706361532358869, 54.538368105603638 ], [ 8.703117251460014, 54.539928913188874 ], [ 8.702750325367333, 54.54186058050152 ], [ 8.706859350278933, 54.55296945607563 ], [ 8.706523060490895, 54.553539156806664 ], [ 8.702553868466225, 54.555194019988107 ], [ 8.691619753648752, 54.556855201806172 ], [ 8.689671039686857, 54.55473995228715 ], [ 8.676705241254069, 54.554329037655066 ], [ 8.676192641177579, 54.554178357145531 ], [ 8.677266001824648, 54.552226662830265 ], [ 8.668343663229621, 54.548455715558987 ], [ 8.667858004143682, 54.548346042336163 ], [ 8.652696848180994, 54.546076178672877 ], [ 8.644729853100273, 54.546555042481202 ], [ 8.640811204773399, 54.54456174372956 ], [ 8.63854932798921, 54.539500713587245 ], [ 8.627926230211415, 54.535936236268412 ] ], [ [ 8.789985776122819, 54.551917314932211 ], [ 8.797099232743562, 54.548792004447478 ], [ 8.805992364955671, 54.548210978553925 ], [ 8.822583914216409, 54.54290556933654 ], [ 8.830325960974392, 54.546978712197983 ], [ 8.830399751247683, 54.549860238958956 ], [ 8.836424708033917, 54.551260113763306 ], [ 8.837033629098812, 54.551522850698973 ], [ 8.836926222167449, 54.551904558948365 ], [ 8.828458309203711, 54.552047133868257 ], [ 8.825831412889556, 54.553092837664508 ], [ 8.818335533058587, 54.55249762496544 ], [ 8.806874155617891, 54.555870771518983 ], [ 8.789985776122819, 54.551917314932211 ] ], [ [ 8.469706058288011, 54.545286536144829 ], [ 8.469233155186089, 54.544800043387454 ], [ 8.469244360738628, 54.540591239594164 ], [ 8.467329979295243, 54.540035843479416 ], [ 8.466903209615566, 54.539296508127393 ], [ 8.466410636541696, 54.537747144415221 ], [ 8.465086937012643, 54.526699543249435 ], [ 8.464999437474205, 54.524078845962151 ], [ 8.467428326456229, 54.512155056011181 ], [ 8.470514416607102, 54.506691456046042 ], [ 8.470212459337631, 54.497330069327234 ], [ 8.472141146296906, 54.496009707182282 ], [ 8.472347378828601, 54.495786667221012 ], [ 8.476196050907049, 54.495846151978412 ], [ 8.48748993860977, 54.499473571947817 ], [ 8.496234178164968, 54.503638625522171 ], [ 8.498149156758302, 54.505436539364894 ], [ 8.498385548954047, 54.50587272674494 ], [ 8.49424803262076, 54.510100245430124 ], [ 8.493616938770685, 54.51470971068477 ], [ 8.490920543748246, 54.517369866626154 ], [ 8.491827010907912, 54.524948835720238 ], [ 8.494630813761091, 54.528983950748852 ], [ 8.502200245544998, 54.53016352672546 ], [ 8.504409671169526, 54.531506538296242 ], [ 8.500633716472862, 54.535922050362444 ], [ 8.49132204067979, 54.53989076574635 ], [ 8.488827705334359, 54.540312051360161 ], [ 8.485663771665713, 54.540970921670862 ], [ 8.48493492600619, 54.541300654501754 ], [ 8.478554248679757, 54.545949340090033 ], [ 8.475036978573826, 54.546348809949734 ], [ 8.469706058288011, 54.545286536144829 ] ], [ [ 8.507941960852861, 54.526280641738254 ], [ 8.514507651207282, 54.526972055815918 ], [ 8.515874266384401, 54.527362227584717 ], [ 8.517749309682983, 54.529296755640871 ], [ 8.517540216408008, 54.529533267446425 ], [ 8.513556003906558, 54.530183553728136 ], [ 8.508332013911343, 54.529365062747502 ], [ 8.507745743171654, 54.529175401123894 ], [ 8.504793643911626, 54.526918172935325 ], [ 8.505297064607873, 54.526380658041035 ], [ 8.507941960852861, 54.526280641738254 ] ], [ [ 8.498126745652939, 54.44616472702063 ], [ 8.493057251091386, 54.447324752635382 ], [ 8.492853164342137, 54.449243545253523 ], [ 8.492287635565958, 54.449471354319712 ], [ 8.486645817850388, 54.449856042922079 ], [ 8.485900402181983, 54.449968337668736 ], [ 8.48225927384641, 54.45150792575032 ], [ 8.487919807353251, 54.453518152440836 ], [ 8.48791027094228, 54.45381546021531 ], [ 8.482501029598893, 54.459173441101484 ], [ 8.484221458753439, 54.4604942798872 ], [ 8.483165144755731, 54.462269902234311 ], [ 8.475165247977998, 54.465806007741037 ], [ 8.474881053218155, 54.466366768311843 ], [ 8.475251316694937, 54.474240541467964 ], [ 8.478125452827442, 54.47523355488471 ], [ 8.473938942328459, 54.476609111121604 ], [ 8.469611168120991, 54.475540876610296 ], [ 8.464459300156761, 54.470460176495976 ], [ 8.459684133915687, 54.468635678693715 ], [ 8.45652735255544, 54.465624809637404 ], [ 8.451487779337697, 54.458261847806057 ], [ 8.450059652331163, 54.451315760414047 ], [ 8.451754570417222, 54.445626855095327 ], [ 8.461821914150107, 54.435293316533432 ], [ 8.469117641765934, 54.422860622719554 ], [ 8.486459135680718, 54.412817359233827 ], [ 8.487328648798211, 54.412712455115695 ], [ 8.491253614862558, 54.41363084278936 ], [ 8.4917941092109, 54.41388213675134 ], [ 8.512769937083021, 54.424698353146596 ], [ 8.513017416120988, 54.424842953339748 ], [ 8.525987744438851, 54.433550477172957 ], [ 8.52640867212267, 54.435923933742686 ], [ 8.525807142585734, 54.43654930610569 ], [ 8.518121958161942, 54.434030532583108 ], [ 8.509023308379028, 54.436709165995239 ], [ 8.498126745652939, 54.44616472702063 ] ], [ [ 8.558568834983816, 54.461145758669943 ], [ 8.560109257636213, 54.461796522491625 ], [ 8.562766313614645, 54.464378118155821 ], [ 8.547721743963393, 54.468221545388133 ], [ 8.545001507013922, 54.465109229207712 ], [ 8.549203634240371, 54.460098862372661 ], [ 8.551149607068794, 54.459687352389437 ], [ 8.553841948846923, 54.459709405564695 ], [ 8.558568834983816, 54.461145758669943 ] ], [ [ 8.721283912922274, 54.463533639465993 ], [ 8.72530305419275, 54.462188243792525 ], [ 8.726925253997251, 54.462120771256707 ], [ 8.730093121300683, 54.462723851224894 ], [ 8.73053264606483, 54.46300017871539 ], [ 8.735547661495502, 54.467652559617989 ], [ 8.73534894010163, 54.467877507041294 ], [ 8.726589202529738, 54.468100428292189 ], [ 8.724921345943358, 54.468204021198744 ], [ 8.718841075455373, 54.466947317564745 ], [ 8.718473434401631, 54.466449976285503 ], [ 8.719284653464001, 54.464610815037133 ], [ 8.721283912922274, 54.463533639465993 ] ], [ [ 8.613402843766323, 54.425216078459357 ], [ 8.613002419726058, 54.424999356235389 ], [ 8.612599373262469, 54.423905849875041 ], [ 8.612791061058772, 54.423097371946199 ], [ 8.614834547376518, 54.422521472188294 ], [ 8.615983844079324, 54.422798752960148 ], [ 8.620999932401105, 54.425686955388812 ], [ 8.613402843766323, 54.425216078459357 ] ], [ [ 7.891238212473695, 54.179254532270932 ], [ 7.892053961421368, 54.183733225308174 ], [ 7.885092616131431, 54.188610673244057 ], [ 7.873237371607445, 54.187529444428378 ], [ 7.872760415260984, 54.18770766217898 ], [ 7.867610811789518, 54.189284443522354 ], [ 7.862097545865026, 54.193788275308805 ], [ 7.862088918668633, 54.193795323295717 ], [ 7.86008834799901, 54.193499446342571 ], [ 7.860282741855201, 54.193334574531036 ], [ 7.860454612190779, 54.193188805219222 ], [ 7.866029739780743, 54.188460349765364 ], [ 7.866520425177612, 54.188231169233234 ], [ 7.878530264060487, 54.182621836828446 ], [ 7.882765174273345, 54.177086353152731 ], [ 7.886076569778027, 54.176301836760445 ], [ 7.888643741215731, 54.17384696006917 ], [ 7.889366507458533, 54.169901728681907 ], [ 7.893227457980856, 54.168756246903342 ], [ 7.898895144695302, 54.170031428008031 ], [ 7.89901697675225, 54.171208619882009 ], [ 7.89829432922005, 54.171281933514479 ], [ 7.891439080549276, 54.170287251855314 ], [ 7.891494751281812, 54.172580361194889 ], [ 7.897403359177758, 54.175162315688453 ], [ 7.896113752947429, 54.176006555158438 ], [ 7.893804311919496, 54.175536155769123 ], [ 7.894112228996221, 54.177033304843178 ], [ 7.891238212473695, 54.179254532270932 ] ], [ [ 7.921805075244208, 54.18466511270492 ], [ 7.922121643798846, 54.18481385697396 ], [ 7.921634488241182, 54.184935208793036 ], [ 7.917901754062711, 54.185865044836021 ], [ 7.919148445544351, 54.188241362149256 ], [ 7.919011116369973, 54.189007759001015 ], [ 7.917436202918395, 54.1898094677328 ], [ 7.917285442369291, 54.189886212278964 ], [ 7.917012509819529, 54.189840930514663 ], [ 7.911750674554071, 54.188967943316072 ], [ 7.900400638578787, 54.185147523439582 ], [ 7.900348066909828, 54.184641003679417 ], [ 7.904597878889149, 54.183438420346931 ], [ 7.908099532267784, 54.180629968898131 ], [ 7.910572051858765, 54.181588053546022 ], [ 7.917920934803476, 54.180715274090744 ], [ 7.918504715320523, 54.18064594265627 ], [ 7.918588101359944, 54.18109791403765 ], [ 7.918839454677141, 54.182460307797044 ], [ 7.919219970425445, 54.18345046047051 ], [ 7.921805075244208, 54.18466511270492 ] ], [ [ 8.592112540961125, 54.085007667370007 ], [ 8.590980648837956, 54.084693908297425 ], [ 8.587160468181196, 54.082032323333237 ], [ 8.586805224281818, 54.081594824741387 ], [ 8.587486267377528, 54.077736854572265 ], [ 8.592959761683687, 54.075297832928811 ], [ 8.597150206716776, 54.075334668260382 ], [ 8.599418044207368, 54.075714349437703 ], [ 8.602773428251226, 54.079954624106733 ], [ 8.614894509674059, 54.083311438971919 ], [ 8.615567207061133, 54.085971236083708 ], [ 8.615103959979876, 54.086894750792112 ], [ 8.612814307634267, 54.088428378167293 ], [ 8.611242532816789, 54.088662504970728 ], [ 8.609464764687289, 54.088752150291612 ], [ 8.592112540961125, 54.085007667370007 ] ], [ [ 8.98049390277157, 54.065487503745487 ], [ 8.977106929141655, 54.067564845041602 ], [ 8.975479603201165, 54.067870259305096 ], [ 8.974374055818089, 54.067488312735577 ], [ 8.974064946240333, 54.065426230236369 ], [ 8.973790526211985, 54.065315723342053 ], [ 8.968155264553957, 54.066000223431729 ], [ 8.967317342821218, 54.065802455319101 ], [ 8.966526150761297, 54.063972830481873 ], [ 8.96674632997923, 54.063468336894346 ], [ 8.971976041461232, 54.063167810446146 ], [ 8.974454760978517, 54.061695218259842 ], [ 8.975711822542678, 54.061722755500739 ], [ 8.982371568493136, 54.063661336801431 ], [ 8.98049390277157, 54.065487503745487 ] ], [ [ 8.690578461027201, 54.052294730817323 ], [ 8.693313002593015, 54.054770827012248 ], [ 8.700513005470839, 54.056673169231487 ], [ 8.701090574370596, 54.058622002803304 ], [ 8.70067954102808, 54.059034347357397 ], [ 8.699151754749835, 54.059512257884535 ], [ 8.694476246881322, 54.059659361790295 ], [ 8.694217443580214, 54.059914708097438 ], [ 8.692319750855802, 54.061030745172786 ], [ 8.691853046780807, 54.061505079096207 ], [ 8.692042828014166, 54.065799117035681 ], [ 8.691712021392789, 54.065942645236873 ], [ 8.686449408213775, 54.066735028898506 ], [ 8.683709978832496, 54.066088437931057 ], [ 8.682633519121794, 54.06551897552032 ], [ 8.676434874469976, 54.05877673655732 ], [ 8.675798654484311, 54.056135535626652 ], [ 8.676169753431452, 54.053167462608315 ], [ 8.682230472658375, 54.049754262049703 ], [ 8.682424068815806, 54.048454046517122 ], [ 8.690140962435578, 54.047433018319111 ], [ 8.687438964636556, 54.051484942576224 ], [ 8.690578461027201, 54.052294730817323 ] ], [ [ 8.437500000324917, 53.95982134338044 ], [ 8.439674854211262, 53.959880352396453 ], [ 8.443969368791443, 53.961610436672458 ], [ 8.444253801871582, 53.961974740342157 ], [ 8.443439245424941, 53.962801456522129 ], [ 8.442199945471259, 53.963065862599592 ], [ 8.438244343102042, 53.96283936474498 ], [ 8.437500000324917, 53.962611555678791 ], [ 8.43531227084469, 53.961022734211895 ], [ 8.437500000324917, 53.960100412004465 ], [ 8.437500000324917, 53.95982134338044 ] ], [ [ 8.42481875458202, 53.950434326882828 ], [ 8.424223541882952, 53.947978019370225 ], [ 8.427773833295817, 53.946013927900481 ], [ 8.429298520510372, 53.946062207105342 ], [ 8.434957146555234, 53.947128057513964 ], [ 8.434510349872937, 53.951290249445492 ], [ 8.42481875458202, 53.950434326882828 ] ], [ [ 8.494679808826163, 53.927824020762102 ], [ 8.488305925877967, 53.925181507720481 ], [ 8.490813135917506, 53.922351241416834 ], [ 8.487194657007933, 53.919236541133557 ], [ 8.487621903328204, 53.91764104399914 ], [ 8.491821646451797, 53.915359377633251 ], [ 8.488733648839002, 53.915297150842946 ], [ 8.488099932565945, 53.913651466142255 ], [ 8.493522405634565, 53.912417650254383 ], [ 8.500983953846571, 53.912394404578265 ], [ 8.51367175564701, 53.916390060952551 ], [ 8.514770507752871, 53.916735053480068 ], [ 8.515416741689251, 53.917283177676609 ], [ 8.517735958347828, 53.922059536418544 ], [ 8.517340540833459, 53.92280852779146 ], [ 8.512357950459204, 53.925723075859423 ], [ 8.498854875452253, 53.930881023240659 ], [ 8.496153712224213, 53.931124449034144 ], [ 8.491954445741044, 53.929221748884686 ], [ 8.494679808826163, 53.927824020762102 ] ], [ [ 8.373074412554161, 53.828763246826554 ], [ 8.373157024277305, 53.829833149580338 ], [ 8.370669007568722, 53.830975413584611 ], [ 8.370195269895817, 53.833127379724829 ], [ 8.376821875828966, 53.833009123372392 ], [ 8.37976551066987, 53.834117651108841 ], [ 8.376965164810542, 53.835703850152754 ], [ 8.374117970568022, 53.835951566611641 ], [ 8.373311758031264, 53.83541405171718 ], [ 8.364955424852951, 53.833959579071404 ], [ 8.359596014044826, 53.835309743849791 ], [ 8.3588626385, 53.835212111649696 ], [ 8.352469444409451, 53.832396149962392 ], [ 8.351097226455977, 53.830392718549263 ], [ 8.351335048573674, 53.829954743316819 ], [ 8.356399178679169, 53.827411532516294 ], [ 8.360292554258081, 53.826245427484537 ], [ 8.361421346418126, 53.826361537155208 ], [ 8.372469663444349, 53.828570127309717 ], [ 8.373074412554161, 53.828763246826554 ] ], [ [ 7.947741150733634, 53.78194165248533 ], [ 7.959990501560412, 53.778689503417979 ], [ 7.964232444471861, 53.775489330668222 ], [ 7.964802146102272, 53.775208831222699 ], [ 7.967282057221212, 53.77485466021443 ], [ 7.967730760466281, 53.774976849302277 ], [ 7.965903043990295, 53.777692436756524 ], [ 7.965301275233685, 53.777971267959629 ], [ 7.960703730492867, 53.779689908362627 ], [ 7.935996413104078, 53.787467240920478 ], [ 7.927168249715123, 53.788919449073319 ], [ 7.896248459698768, 53.793478608051487 ], [ 7.895146250599169, 53.793737649672892 ], [ 7.868095040054129, 53.793195366573059 ], [ 7.866809606678032, 53.793039679537685 ], [ 7.85204224225572, 53.789807498117568 ], [ 7.84952950498274, 53.789257526713527 ], [ 7.849672436933417, 53.789062499734769 ], [ 7.849209308562763, 53.789062499734769 ], [ 7.848144749580626, 53.788468060452658 ], [ 7.84624695793093, 53.787408351514273 ], [ 7.846575141229778, 53.786805749086227 ], [ 7.858550548668973, 53.782466649716241 ], [ 7.862938046853515, 53.779699921414363 ], [ 7.86563122230325, 53.776914357711632 ], [ 7.865517974275235, 53.773787260273934 ], [ 7.866417527447084, 53.773741125952313 ], [ 7.870345354254709, 53.775660872751189 ], [ 7.869049548997509, 53.776596904223936 ], [ 7.869360923967577, 53.783282041632901 ], [ 7.872764468505522, 53.786933064309665 ], [ 7.876430153728791, 53.787893057318797 ], [ 7.916064143245592, 53.780163764746078 ], [ 7.938603877766923, 53.780142068601663 ], [ 7.947741150733634, 53.78194165248533 ] ], [ [ 8.022302031413687, 53.744892954846136 ], [ 8.021524906549303, 53.748024940098958 ], [ 8.022927403776634, 53.748712420541892 ], [ 8.02221631972742, 53.754425644428011 ], [ 8.030333042036432, 53.75704574546495 ], [ 8.030595064011038, 53.75738394271491 ], [ 8.029873251949198, 53.760937809832114 ], [ 8.029049158192208, 53.761337160981213 ], [ 8.016816854913998, 53.771172642403599 ], [ 8.016370534872465, 53.771937370113733 ], [ 8.015939354917464, 53.773448944313429 ], [ 8.019710540509152, 53.777103662304228 ], [ 8.01925992980199, 53.778707742568429 ], [ 8.011308908479407, 53.784311533350774 ], [ 8.007265448641704, 53.785526633447546 ], [ 8.004844665249152, 53.783370256132457 ], [ 8.002849459934737, 53.775664568065451 ], [ 7.987835645298958, 53.770508050606168 ], [ 7.988077878591412, 53.769988656151611 ], [ 7.99298763287311, 53.767020106492907 ], [ 8.002637744236608, 53.763475179535988 ], [ 8.004506349288647, 53.760629058184577 ], [ 8.006825923877386, 53.760717630614295 ], [ 8.009322523715525, 53.750970363691465 ], [ 8.013595343050724, 53.747339248407627 ], [ 8.019909262802344, 53.744876623157779 ], [ 8.020786643189183, 53.74471020721046 ], [ 8.022302031413687, 53.744892954846136 ] ], [ [ 8.26414573213998, 53.75824594469475 ], [ 8.273389935397233, 53.760144471989918 ], [ 8.273990869583031, 53.760434031205648 ], [ 8.276819348034508, 53.762410640338885 ], [ 8.27681243404669, 53.762719869526393 ], [ 8.273578047489025, 53.765599012184737 ], [ 8.264019608518197, 53.764717101912822 ], [ 8.262481927898762, 53.75869250305675 ], [ 8.262799740215826, 53.75815570312335 ], [ 8.26414573213998, 53.75824594469475 ] ], [ [ 7.580721974539529, 53.756943345059483 ], [ 7.566594362639819, 53.757254362099161 ], [ 7.552480220785583, 53.755714059056686 ], [ 7.551590919885143, 53.755382776693921 ], [ 7.490534662844482, 53.755550027212053 ], [ 7.486028552176094, 53.754963159322472 ], [ 7.478406548723342, 53.752517819042168 ], [ 7.474635839772191, 53.750418544180661 ], [ 7.471968054881984, 53.747861742825307 ], [ 7.469479680243182, 53.745229244634004 ], [ 7.46851933020298, 53.742499232054058 ], [ 7.467106342383772, 53.73550260096431 ], [ 7.46705555946653, 53.72977125663823 ], [ 7.467538118589346, 53.72702622448071 ], [ 7.471230745702371, 53.723144054454735 ], [ 7.473278761006043, 53.722289561813852 ], [ 7.47616934753745, 53.722229004165342 ], [ 7.478970408357668, 53.7228535410581 ], [ 7.48457443746031, 53.725387335057633 ], [ 7.488885045408608, 53.724656343615493 ], [ 7.491461872867205, 53.722206115519896 ], [ 7.494542121921427, 53.722560406137859 ], [ 7.496622562281516, 53.726758718440294 ], [ 7.502881645871412, 53.730937838310751 ], [ 7.502275466839478, 53.73373782623969 ], [ 7.508230924917257, 53.740749120775433 ], [ 7.515894651517101, 53.743576407625198 ], [ 7.53914594672824, 53.742774963294039 ], [ 7.570497155019723, 53.748017429860681 ], [ 7.611985444972447, 53.745886564513398 ], [ 7.627535104461685, 53.748910308264271 ], [ 7.62438547630876, 53.751923441813517 ], [ 7.612146854393927, 53.75453126440641 ], [ 7.602336049469159, 53.75582993040706 ], [ 7.595772146967136, 53.755830645368178 ], [ 7.591150879909208, 53.754527330771793 ], [ 7.590058207220522, 53.754522204636203 ], [ 7.586163759649878, 53.75533342369863 ], [ 7.580721974539529, 53.756943345059483 ] ], [ [ 8.163653612524229, 53.72084367319701 ], [ 8.16390073273277, 53.721198677876714 ], [ 8.16719663111968, 53.721191405958677 ], [ 8.173213720636852, 53.72355937936203 ], [ 8.173432826963506, 53.723988651854938 ], [ 8.171553015459381, 53.726647734905214 ], [ 8.168979763705295, 53.727744817869109 ], [ 8.161355376149857, 53.729345441139287 ], [ 8.15160083730882, 53.729256272458997 ], [ 8.151082873675762, 53.729366779353484 ], [ 8.134647846021437, 53.723442673440672 ], [ 8.134121060038922, 53.723039626977254 ], [ 8.132659673405385, 53.719669580387006 ], [ 8.134826302092335, 53.71748852747362 ], [ 8.133979320589276, 53.715167403353178 ], [ 8.134458541428614, 53.714660525662737 ], [ 8.142471909151425, 53.712083458984466 ], [ 8.149280309438893, 53.711282252973774 ], [ 8.149693250243445, 53.711275458595594 ], [ 8.157673835878995, 53.713862657935294 ], [ 8.158049463811835, 53.715995669065023 ], [ 8.160292148164217, 53.71660316020774 ], [ 8.163653612524229, 53.72084367319701 ] ], [ [ 7.28706431346734, 53.719277024515122 ], [ 7.282998442524274, 53.716357469921491 ], [ 7.269079446359399, 53.719522833512087 ], [ 7.261309146500025, 53.717813849129982 ], [ 7.256538748464493, 53.718250036510085 ], [ 7.254560947729601, 53.717079162373579 ], [ 7.250000476640821, 53.717105269692581 ], [ 7.233356833251435, 53.72011554249832 ], [ 7.21997356412885, 53.72090244299352 ], [ 7.197252631503886, 53.721456766216932 ], [ 7.185164332168313, 53.720650553680173 ], [ 7.167590618012639, 53.717606544606383 ], [ 7.154343843493734, 53.713030576400115 ], [ 7.150658726618929, 53.71337902502205 ], [ 7.146369934425024, 53.712280630846408 ], [ 7.138277172753362, 53.70810854457369 ], [ 7.138095259688669, 53.705239534577004 ], [ 7.141866445280414, 53.70168197124616 ], [ 7.151958227190619, 53.696858764120748 ], [ 7.154721736818885, 53.6966173644999 ], [ 7.164371609862087, 53.697797656336775 ], [ 7.161336064307989, 53.700453043173411 ], [ 7.165005802775738, 53.70359122745333 ], [ 7.16636490861373, 53.703993558955688 ], [ 7.16749751569796, 53.70125770527892 ], [ 7.165273547136621, 53.701909661601633 ], [ 7.162831067599825, 53.701150417058102 ], [ 7.164269208557243, 53.698599577308755 ], [ 7.169355034807154, 53.701177239338165 ], [ 7.165323138452209, 53.7065148352915 ], [ 7.169038057060675, 53.70785594029951 ], [ 7.176675438920427, 53.704380631660968 ], [ 7.178008079509425, 53.701284527558983 ], [ 7.195965171055946, 53.698631048184438 ], [ 7.200571537246674, 53.701262474383839 ], [ 7.20138084884718, 53.704499840395385 ], [ 7.209554433490382, 53.706132054151169 ], [ 7.218365311909793, 53.703432202134536 ], [ 7.267051339347972, 53.703433513345942 ], [ 7.300176858774989, 53.708926439303809 ], [ 7.305917144160901, 53.710908054962886 ], [ 7.325358152157037, 53.712561846152425 ], [ 7.334605335767719, 53.715169667845942 ], [ 7.342228531721503, 53.720835447098295 ], [ 7.338169574766027, 53.722306251432428 ], [ 7.323161840446573, 53.721703649004382 ], [ 7.322502851425554, 53.721916675913917 ], [ 7.314407706550583, 53.723265409870805 ], [ 7.311153173380319, 53.722633242230415 ], [ 7.311521053653792, 53.721465468057033 ], [ 7.310808658392943, 53.72083485084778 ], [ 7.294365644758727, 53.720798253836449 ], [ 7.294744253044939, 53.719179511025743 ], [ 7.28706431346734, 53.719277024515122 ] ], [ [ 7.429306864620116, 53.726092457501068 ], [ 7.424605250332206, 53.729153275803185 ], [ 7.42409670350014, 53.729320645031862 ], [ 7.398316621714741, 53.733870745138915 ], [ 7.393620252272967, 53.734346270663991 ], [ 7.388762235988452, 53.734345436093179 ], [ 7.382812500296723, 53.733258843720819 ], [ 7.375952720841497, 53.730959654064918 ], [ 7.361815452920951, 53.728690027822608 ], [ 7.360382914739887, 53.727911830066944 ], [ 7.360289454494819, 53.727357506843532 ], [ 7.363774657474551, 53.724317669724769 ], [ 7.362859010934642, 53.721323966927685 ], [ 7.365715622877872, 53.72239685093399 ], [ 7.373584509117904, 53.722347259618402 ], [ 7.382812500296723, 53.721540212510888 ], [ 7.388847828064968, 53.720197439260403 ], [ 7.413301944928889, 53.720215678410852 ], [ 7.421113371684783, 53.720821857442843 ], [ 7.422875166056144, 53.72110724470366 ], [ 7.425354957565389, 53.721948743040116 ], [ 7.425912022821706, 53.722448706742568 ], [ 7.429306864620116, 53.726092457501068 ] ], [ [ 7.725197554023964, 53.76116073108301 ], [ 7.734374999706517, 53.76116073108301 ], [ 7.740642547715424, 53.761167764680692 ], [ 7.758029579701372, 53.763377547336063 ], [ 7.763005256987185, 53.765007615309287 ], [ 7.766476631091791, 53.764096260334327 ], [ 7.779742479331958, 53.76593434779204 ], [ 7.794267654528824, 53.769281148706114 ], [ 7.805885315255239, 53.775109052341008 ], [ 7.80038654820072, 53.776714443816559 ], [ 7.781084179691163, 53.77783215003376 ], [ 7.774860739831354, 53.777158856396227 ], [ 7.772110700248788, 53.775807142085966 ], [ 7.763582349246121, 53.775527358500824 ], [ 7.759553670665525, 53.777901649641592 ], [ 7.756931440933329, 53.777901649641592 ], [ 7.755788802811082, 53.777901649641592 ], [ 7.750954866773668, 53.77543592442845 ], [ 7.743834853196006, 53.777842045274269 ], [ 7.739312649159558, 53.775776624491812 ], [ 7.737419247999924, 53.773327946827408 ], [ 7.736770153320094, 53.77338755119456 ], [ 7.734374999706517, 53.775111556053616 ], [ 7.730679511850155, 53.77702236179266 ], [ 7.73002326486187, 53.77701795061796 ], [ 7.723023653419034, 53.774047851427383 ], [ 7.705790043076149, 53.779546738091597 ], [ 7.698486327681906, 53.779546260551626 ], [ 7.69164085374257, 53.77851653141289 ], [ 7.688017726237149, 53.777566075713821 ], [ 7.685291409870729, 53.776491880495939 ], [ 7.672138929268328, 53.767559647559665 ], [ 7.67128932444291, 53.766856074648274 ], [ 7.66719663121961, 53.75984740253574 ], [ 7.667196512509065, 53.759116172773304 ], [ 7.669150352606778, 53.755844950883841 ], [ 7.671837926179364, 53.754100561092116 ], [ 7.673902034851096, 53.753377556529074 ], [ 7.680404424624555, 53.753379702311463 ], [ 7.683027744334993, 53.753831505519656 ], [ 7.68866002563982, 53.757159828962983 ], [ 7.697226047444246, 53.764971851969449 ], [ 7.698845148185171, 53.764650702268284 ], [ 7.698668122036224, 53.761994242540368 ], [ 7.707871079686754, 53.763326764418821 ], [ 7.711931109533111, 53.76207935797612 ], [ 7.725197554023964, 53.76116073108301 ] ], [ [ 6.854842424638264, 53.661435246639485 ], [ 6.855709076113101, 53.659357309092627 ], [ 6.857190251429017, 53.659090042271714 ], [ 6.862976312307069, 53.660941004423933 ], [ 6.888254046287386, 53.663043975499079 ], [ 6.893528937910219, 53.665487527927041 ], [ 6.903280616007805, 53.664929151459319 ], [ 6.926310301179626, 53.666044950214427 ], [ 6.973068356619422, 53.671557903174858 ], [ 6.975010156593555, 53.670996427643217 ], [ 6.976135254338487, 53.668506264252869 ], [ 6.990613818572967, 53.67341136903957 ], [ 6.993103146493127, 53.673082947420255 ], [ 6.996356368451814, 53.670272826829603 ], [ 6.994819521503757, 53.673468708913902 ], [ 6.995996713377735, 53.67409634576984 ], [ 7.015792608242407, 53.673792242717923 ], [ 7.021589279321859, 53.675992727282619 ], [ 7.030608057615837, 53.676867246926008 ], [ 7.031249999987608, 53.676897168269818 ], [ 7.083725452167982, 53.680524468629415 ], [ 7.095221757478214, 53.680157542536733 ], [ 7.095546365072721, 53.681060671412922 ], [ 7.094608306528244, 53.682885646755324 ], [ 7.089732408124291, 53.683843612692669 ], [ 7.058311343194077, 53.684430837613093 ], [ 7.048428058308332, 53.684430837613093 ], [ 7.031249999987608, 53.683314562217447 ], [ 6.988223433164933, 53.680773854230154 ], [ 6.932743072634878, 53.675897955825974 ], [ 6.932191253123904, 53.675842643023657 ], [ 6.895607233387295, 53.671345352905746 ], [ 6.883340239660356, 53.670830846266654 ], [ 6.875372528719367, 53.67234194292638 ], [ 6.872141242124599, 53.671059727324575 ], [ 6.86730015287975, 53.67141342169225 ], [ 6.866613745328152, 53.671302556867545 ], [ 6.859681248490972, 53.668176770641423 ], [ 6.856361746497498, 53.666173219618372 ], [ 6.857489347055832, 53.664218425340152 ], [ 6.854830861155449, 53.662198423918198 ], [ 6.854842424638264, 53.661435246639485 ] ], [ [ 6.848145365816094, 53.642395258034867 ], [ 6.842576145872556, 53.643674254063626 ], [ 6.843238353567301, 53.647066235118757 ], [ 6.839030623564611, 53.647072672465924 ], [ 6.829722046835116, 53.650272727404456 ], [ 6.825812935818362, 53.650137424402772 ], [ 6.823770523291103, 53.648118377161552 ], [ 6.828581451972468, 53.653918027694885 ], [ 6.840605855376111, 53.656082510599447 ], [ 6.840428114266103, 53.657752155937374 ], [ 6.834207057609774, 53.658788442932405 ], [ 6.824949741337662, 53.656219601453529 ], [ 6.819479704025298, 53.65269875564303 ], [ 6.813068151174377, 53.647614120994945 ], [ 6.813294052778474, 53.640481353231849 ], [ 6.814041852549565, 53.640251875024035 ], [ 6.818214058432204, 53.64011085053545 ], [ 6.823069453192772, 53.647861957962959 ], [ 6.823391557074785, 53.647861242102749 ], [ 6.820729732890982, 53.641237139882207 ], [ 6.821905850974417, 53.63968873035077 ], [ 6.826257467108519, 53.639204621696081 ], [ 6.829065441916782, 53.636743545977936 ], [ 6.835510731035527, 53.636755108561545 ], [ 6.841394067082661, 53.640077948838439 ], [ 6.846840500788517, 53.640327334439121 ], [ 6.848145365816094, 53.642395258034867 ] ], [ [ 6.887498855887543, 53.625866532714326 ], [ 6.898107051899103, 53.626621842723921 ], [ 6.898865103941432, 53.632427215643531 ], [ 6.902542352647458, 53.636308669809239 ], [ 6.901951551123318, 53.640020370643754 ], [ 6.905025839470966, 53.642607808303808 ], [ 6.901823043398849, 53.644783138830917 ], [ 6.901403546536585, 53.647699117720208 ], [ 6.907238840800005, 53.647856831827369 ], [ 6.907402157683578, 53.648040652354382 ], [ 6.908604502695766, 53.64959084973799 ], [ 6.907959580870113, 53.651350140396744 ], [ 6.90765094793295, 53.651510953567708 ], [ 6.899876951859937, 53.653773904142497 ], [ 6.895081043655296, 53.652374267658502 ], [ 6.89447140673019, 53.650356530729482 ], [ 6.893913149872049, 53.648804903423525 ], [ 6.892984628637748, 53.648615955861771 ], [ 6.877161502401464, 53.64700651204106 ], [ 6.879996657419952, 53.644724249424655 ], [ 6.879193305626643, 53.644071221110039 ], [ 6.874101042928942, 53.645612716653716 ], [ 6.864524841448429, 53.644395351164576 ], [ 6.864645957644996, 53.639090418588125 ], [ 6.87109744579061, 53.631255746155887 ], [ 6.878036856615608, 53.627558946188401 ], [ 6.887498855887543, 53.625866532714326 ] ], [ [ 6.630609750939414, 53.597975611685285 ], [ 6.634713173074658, 53.599145769961297 ], [ 6.641090750437911, 53.598900437605096 ], [ 6.643870711364286, 53.600432277127879 ], [ 6.651720523883228, 53.598338365823111 ], [ 6.656050920513621, 53.599261045061212 ], [ 6.653126001463932, 53.592740059106575 ], [ 6.656629443594113, 53.587952851842772 ], [ 6.65631747237353, 53.584425449075354 ], [ 6.65886235231585, 53.581152677654018 ], [ 6.661774516280957, 53.578506350587759 ], [ 6.663005471425492, 53.577780246960913 ], [ 6.679144621227351, 53.573393225417192 ], [ 6.679687499678494, 53.572823643396532 ], [ 6.679687499678494, 53.572544574772337 ], [ 6.69088912053661, 53.568715453055745 ], [ 6.695440411346055, 53.56516945320783 ], [ 6.697722434742616, 53.565142154287003 ], [ 6.70024383068835, 53.566916465422537 ], [ 6.70085394425422, 53.566900849594617 ], [ 6.702261448007448, 53.566630721131048 ], [ 6.710870027529893, 53.564247965571269 ], [ 6.71135556700591, 53.564065337545458 ], [ 6.722796201583549, 53.558140158741367 ], [ 6.723678231465385, 53.558090925355998 ], [ 6.725064039074311, 53.558493137248547 ], [ 6.725015878580052, 53.558727741592179 ], [ 6.723613857993314, 53.560756921494828 ], [ 6.719525932975444, 53.56334400212404 ], [ 6.719753265401039, 53.563548922544783 ], [ 6.724449753553415, 53.567325710912826 ], [ 6.731730222371937, 53.569503903082762 ], [ 6.734346270164394, 53.569275021125463 ], [ 6.735087155947497, 53.569142103125671 ], [ 6.737914442797319, 53.5683077570975 ], [ 6.741405844803921, 53.565440654562735 ], [ 6.740455747035128, 53.556675911364323 ], [ 6.741756319598551, 53.55985164683608 ], [ 6.743707180242211, 53.559722900791314 ], [ 6.743675231826614, 53.556910753128818 ], [ 6.748692750969667, 53.557276725940199 ], [ 6.749632239436437, 53.558521151130265 ], [ 6.746452927360792, 53.559379458695219 ], [ 6.746958732159896, 53.562340736435885 ], [ 6.752377748234551, 53.562684058922287 ], [ 6.752088903979882, 53.558778643219966 ], [ 6.758158325946169, 53.562383652084009 ], [ 6.756605148209132, 53.563370704794352 ], [ 6.75830280742872, 53.563628077274132 ], [ 6.756398558646595, 53.56783962220095 ], [ 6.745396732973006, 53.569494008741628 ], [ 6.739956617004282, 53.572388410197163 ], [ 6.739225745172064, 53.576081871881058 ], [ 6.735286354881509, 53.576295852971327 ], [ 6.730109453388593, 53.579939245799665 ], [ 6.721514343911963, 53.58349752409157 ], [ 6.726819276488584, 53.583930253578501 ], [ 6.727983951598162, 53.586318373594167 ], [ 6.738499641545275, 53.58740687342862 ], [ 6.742197513504493, 53.590493321509712 ], [ 6.748165846276834, 53.592057824409039 ], [ 6.750958323068176, 53.595334172434093 ], [ 6.763396740167479, 53.595954060731458 ], [ 6.774287819727078, 53.595217823543749 ], [ 6.788195967370086, 53.596789717971205 ], [ 6.803477645077351, 53.596979141274346 ], [ 6.806206941797029, 53.601351618982108 ], [ 6.81096184271496, 53.602498173651952 ], [ 6.810080409083639, 53.603694200926725 ], [ 6.798649430526893, 53.608132242808949 ], [ 6.779866457371213, 53.613281250029729 ], [ 6.778520345837478, 53.613281250029729 ], [ 6.778529525217436, 53.613427758584351 ], [ 6.764824509243795, 53.618288874831819 ], [ 6.759833455349849, 53.618506669946953 ], [ 6.730317354162707, 53.613138079758698 ], [ 6.700039743939044, 53.606651544133626 ], [ 6.699214577291002, 53.606517911172773 ], [ 6.679687499678494, 53.605747819006751 ], [ 6.668484449797631, 53.603524446695928 ], [ 6.667778133953789, 53.605859756722566 ], [ 6.65378713626734, 53.607071876465966 ], [ 6.641987562476061, 53.611846447355731 ], [ 6.63875365255916, 53.612678170061542 ], [ 6.63609254333619, 53.612705350271824 ], [ 6.630457520897835, 53.61061334642892 ], [ 6.630609750939414, 53.597975611685285 ] ], [ [ 6.860409617509902, 53.590795517099536 ], [ 6.863830804947781, 53.588591933471093 ], [ 6.864666342577834, 53.588663577961938 ], [ 6.866454243368821, 53.589520811736236 ], [ 6.867287636115634, 53.592070817814147 ], [ 6.867310405151159, 53.592664241761497 ], [ 6.865282773881006, 53.593667745769892 ], [ 6.866415738895398, 53.595270514822516 ], [ 6.864873051750067, 53.595934510369375 ], [ 6.864328264937626, 53.596011519316335 ], [ 6.860409617509902, 53.590795517099536 ] ], [ [ 7.354158044058579, 53.301683544959815 ], [ 7.354993105047811, 53.301750779175165 ], [ 7.356143355031975, 53.304697274759576 ], [ 7.355590224309594, 53.306703806135829 ], [ 7.353948950783604, 53.307699441975728 ], [ 7.35093903500848, 53.308917045785165 ], [ 7.349364519057474, 53.306934833875516 ], [ 7.349362731205076, 53.306345343562782 ], [ 7.350056051845456, 53.304563522188971 ], [ 7.351174354313173, 53.303200840646412 ], [ 7.354158044058579, 53.301683544959815 ] ], [ [ 8.728139757843735, 53.114837526930444 ], [ 8.735809445149812, 53.110527158201819 ], [ 8.738720416614001, 53.110108375401182 ], [ 8.739137053632248, 53.110220313116997 ], [ 8.73502326051505, 53.11288142233974 ], [ 8.731689453005913, 53.114178777129041 ], [ 8.728139757843735, 53.114837526930444 ] ], [ [ 9.401031255488135, 53.78501236422926 ], [ 9.391957641032434, 53.794334173583366 ], [ 9.393901228858738, 53.789062499734769 ], [ 9.402365803539055, 53.773962021030513 ], [ 9.404904007813684, 53.770393252146903 ], [ 9.405181526906006, 53.77004492313489 ], [ 9.409067868887064, 53.770209551229868 ], [ 9.412338375815466, 53.767792821081969 ], [ 9.41362190262879, 53.761932254070359 ], [ 9.414587735835482, 53.762149572544843 ], [ 9.415831446963864, 53.7626478671055 ], [ 9.415995120878279, 53.765182376065866 ], [ 9.411578177990577, 53.770508050606168 ], [ 9.409777045474357, 53.774365544134696 ], [ 9.401877641639885, 53.781928658181016 ], [ 9.401031255488135, 53.78501236422926 ] ], [ [ 9.444922804643852, 53.716375827782315 ], [ 9.448114037233154, 53.713276744226505 ], [ 9.448604464524465, 53.712995767240955 ], [ 9.45936143358341, 53.708683013510324 ], [ 9.466967821208073, 53.701000452409062 ], [ 9.469155907719141, 53.699707150864469 ], [ 9.473133564162822, 53.698242545557207 ], [ 9.477337956781412, 53.697718143677434 ], [ 9.477786660026482, 53.697839379483867 ], [ 9.478482007738478, 53.702684879004096 ], [ 9.469813465918833, 53.707682847785293 ], [ 9.468980550711819, 53.71250534084885 ], [ 9.447222352229801, 53.719666243002791 ], [ 9.442306756851394, 53.720172762762957 ], [ 9.441834330390066, 53.719986915164156 ], [ 9.441540360899012, 53.71949040845567 ], [ 9.444922804643852, 53.716375827782315 ] ], [ [ 9.526515245182566, 53.689558148689798 ], [ 9.520844459404373, 53.69881987613644 ], [ 9.512078523704872, 53.706743955569266 ], [ 9.499444365565125, 53.711209415981898 ], [ 9.495246648614, 53.711216449579581 ], [ 9.506390929597728, 53.697673558887686 ], [ 9.511396527328031, 53.69147872916011 ], [ 9.511830925956531, 53.690720558407236 ], [ 9.512773036846284, 53.682990908803504 ], [ 9.51309537904865, 53.682407140876876 ], [ 9.526421308296904, 53.663527012162035 ], [ 9.530656218509819, 53.67141234880097 ], [ 9.530254006617213, 53.676440238926034 ], [ 9.527367949071731, 53.686413169132493 ], [ 9.525535344780508, 53.688004613022542 ], [ 9.526515245182566, 53.689558148689798 ] ], [ [ 9.564358234844633, 53.633577943167666 ], [ 9.558140635182326, 53.636599541136093 ], [ 9.554694056285712, 53.643319726024686 ], [ 9.546916842438407, 53.64667320260628 ], [ 9.544909000749954, 53.662508845606908 ], [ 9.542598724251832, 53.664805531550201 ], [ 9.541563511047229, 53.664966702651327 ], [ 9.540313124251384, 53.663674354388093 ], [ 9.540498137279371, 53.657901048594681 ], [ 9.54036664920153, 53.657550572900675 ], [ 9.535055518497416, 53.652110457831498 ], [ 9.534598946184474, 53.645807147382072 ], [ 9.541082621066266, 53.638548255098044 ], [ 9.550706267180544, 53.63192224541541 ], [ 9.553385972584636, 53.626588344776394 ], [ 9.557516932860153, 53.625312924452032 ], [ 9.560371041090832, 53.627129554985117 ], [ 9.563653469432211, 53.630839943708509 ], [ 9.564358234844633, 53.633577943167666 ] ], [ [ 9.564445972703595, 53.6351323125063 ], [ 9.565403461100971, 53.635204076606954 ], [ 9.565508842759016, 53.635603427756052 ], [ 9.564047217804955, 53.637151956897412 ], [ 9.561134577199084, 53.637823104752556 ], [ 9.564445972703595, 53.6351323125063 ] ], [ [ 9.607650757276645, 53.583892941606109 ], [ 9.610837220761198, 53.584377646511314 ], [ 9.593441843965991, 53.594293355553987 ], [ 9.574331522082105, 53.601496458394934 ], [ 9.572621822738938, 53.602157950229355 ], [ 9.571823120440683, 53.601678371459798 ], [ 9.574942350609092, 53.597968459377 ], [ 9.587511300705955, 53.590572237918593 ], [ 9.593073248731514, 53.587640046950696 ], [ 9.596450447630161, 53.586643457829439 ], [ 9.607650757276645, 53.583892941606109 ] ], [ [ 9.645417570764437, 53.582808971656789 ], [ 9.642623543541845, 53.583749055474698 ], [ 9.644516229740191, 53.58221411688811 ], [ 9.645599126798288, 53.582408547616524 ], [ 9.645417570764437, 53.582808971656789 ] ], [ [ 9.771926164360991, 53.553117751782906 ], [ 9.777206540049917, 53.553053975460728 ], [ 9.774230718473007, 53.555214523831353 ], [ 9.765917777583411, 53.55523133305968 ], [ 9.762092113760161, 53.556672811401199 ], [ 9.734923004792904, 53.556507110414884 ], [ 9.728429913110119, 53.558233142345784 ], [ 9.706393718895129, 53.558211206981696 ], [ 9.697523117398077, 53.560844540643075 ], [ 9.696274757674018, 53.56103050695242 ], [ 9.662985205502991, 53.564043760111588 ], [ 9.679678678528205, 53.555703043660571 ], [ 9.688114762686212, 53.556648016193151 ], [ 9.690967440994712, 53.559536218621645 ], [ 9.694553851878936, 53.559647440477193 ], [ 9.698769569659987, 53.557976961467716 ], [ 9.734969973685509, 53.555716276285182 ], [ 9.73984181884498, 53.554775356997254 ], [ 9.744665145579972, 53.552252531129568 ], [ 9.750370740517269, 53.552664637363193 ], [ 9.766585231023669, 53.55074024196864 ], [ 9.771926164360991, 53.553117751782906 ] ], [ [ 9.782301306460226, 53.550300240563729 ], [ 9.782894253766983, 53.550743937282959 ], [ 9.782778262806687, 53.551453352190549 ], [ 9.780240654782517, 53.552324056909754 ], [ 9.778462052082205, 53.551073074762712 ], [ 9.77385950081549, 53.550919055969757 ], [ 9.773352981055325, 53.549875021315302 ], [ 9.776485442948911, 53.54887926586548 ], [ 9.782301306460226, 53.550300240563729 ] ], [ [ 9.952221274192482, 53.530931115378792 ], [ 9.947638034967326, 53.538862943370134 ], [ 9.945292949310272, 53.53988015664396 ], [ 9.942631363446765, 53.538978457689666 ], [ 9.945878267667979, 53.53478836968759 ], [ 9.946112871112234, 53.533781647904902 ], [ 9.945458173655766, 53.532385468414816 ], [ 9.943845271941711, 53.532377004894954 ], [ 9.942658305336579, 53.536412238633943 ], [ 9.942382574096598, 53.53669249975917 ], [ 9.939159154771346, 53.539183854751172 ], [ 9.936151504388533, 53.539867878200084 ], [ 9.935951828813984, 53.539762735761713 ], [ 9.936042547025977, 53.538032412266205 ], [ 9.936292648487097, 53.537706136429051 ], [ 9.942013620932016, 53.532134651992578 ], [ 9.942331075318918, 53.522406340080636 ], [ 9.940133452397049, 53.522230863463619 ], [ 9.940121054343251, 53.519112109935975 ], [ 9.945673346347917, 53.517133236309974 ], [ 9.948186635804632, 53.512935042718084 ], [ 9.954813241737781, 53.510173917192503 ], [ 9.957759141970826, 53.505589842497386 ], [ 9.954759716787578, 53.504043817968011 ], [ 9.959116459057498, 53.500950217578463 ], [ 9.956733107247203, 53.499634861959407 ], [ 9.955001831369486, 53.50029754629486 ], [ 9.950002551376656, 53.504899262990762 ], [ 9.948607802707954, 53.509875416916998 ], [ 9.943565607067171, 53.513680815417331 ], [ 9.942783713097867, 53.506641626609849 ], [ 9.946468353331852, 53.50061809974568 ], [ 9.950920105378714, 53.498422742215951 ], [ 9.955394506851121, 53.493297576921691 ], [ 9.958586216081017, 53.487723350452313 ], [ 9.96175241514203, 53.485120057744496 ], [ 9.965319752304765, 53.482716918151368 ], [ 9.979550242150083, 53.477005958758184 ], [ 9.985810756561136, 53.476659059667895 ], [ 9.997699141102657, 53.473505258660907 ], [ 10.006989956221673, 53.472728252506897 ], [ 10.026097178142436, 53.475642919285406 ], [ 10.034473419612652, 53.473850369898798 ], [ 10.04610526534583, 53.46930062772185 ], [ 10.057663917955438, 53.461270451670089 ], [ 10.071064829978013, 53.4556479450967 ], [ 10.062901258386489, 53.464046121031799 ], [ 10.060914516591765, 53.475460648290323 ], [ 10.050247549884489, 53.485651969862545 ], [ 10.050092459099858, 53.496443509760354 ], [ 10.05849874062443, 53.509483456396424 ], [ 10.057257056568005, 53.511913061238886 ], [ 10.058975339040785, 53.513525008772206 ], [ 10.055275559619474, 53.517956972136687 ], [ 10.045648932252561, 53.524539232499762 ], [ 10.015279650535604, 53.53425574260848 ], [ 9.996219873248663, 53.535086155002091 ], [ 9.990877867020004, 53.53322684804067 ], [ 9.990473270125335, 53.533676147536255 ], [ 9.988152146004893, 53.536525249241038 ], [ 9.962834477629087, 53.543519854157978 ], [ 9.955016135986, 53.542903542464558 ], [ 9.953132272136713, 53.542374610699881 ], [ 9.952411055425841, 53.541430711957958 ], [ 9.952361345399879, 53.538027763670527 ], [ 9.955739020939177, 53.536506176418982 ], [ 9.954370737519582, 53.53427183597654 ], [ 9.955335259514698, 53.52987766302391 ], [ 9.964753031926932, 53.525161743219883 ], [ 9.963696837539146, 53.522343754460792 ], [ 9.961335539803486, 53.521763921068271 ], [ 9.959570169727613, 53.526132345531494 ], [ 9.955277442999716, 53.526109933526641 ], [ 9.952397823700608, 53.527734875364217 ], [ 9.952221274192482, 53.530931115378792 ] ], [ [ 9.724230647526497, 54.337025761729649 ], [ 9.716456532742939, 54.332103252363311 ], [ 9.716534852901304, 54.327422619258584 ], [ 9.715608358738848, 54.326894640775038 ], [ 9.716540932318253, 54.326773643289073 ], [ 9.716686844622359, 54.326817035577733 ], [ 9.740260005395101, 54.337956547456713 ], [ 9.743649959378217, 54.340389847613494 ], [ 9.735411405911748, 54.340401649416719 ], [ 9.724230647526497, 54.337025761729649 ] ], [ [ 10.147526740766523, 54.368242740809933 ], [ 10.146905302937512, 54.368412255821056 ], [ 10.14554512510756, 54.367983221648387 ], [ 10.145041346480923, 54.367819905664192 ], [ 10.138530253968156, 54.367324113916823 ], [ 10.143693566704826, 54.366224050599556 ], [ 10.147844911013806, 54.366210579654648 ], [ 10.148239254737916, 54.366446733529983 ], [ 10.147526740766523, 54.368242740809933 ] ], [ [ 11.04476404232679, 54.44747042661902 ], [ 11.047928929276793, 54.447250604431872 ], [ 11.051135062733124, 54.444814801462087 ], [ 11.053283571879376, 54.445959925310433 ], [ 11.054019570746732, 54.449920535104695 ], [ 11.063745856486207, 54.452559828573271 ], [ 11.072459459736308, 54.45022094284235 ], [ 11.074159979699402, 54.444975256702833 ], [ 11.075835942774575, 54.445719837800425 ], [ 11.076154827982919, 54.448977113003366 ], [ 11.078748822600062, 54.449453115169263 ], [ 11.087137818255712, 54.447762608257904 ], [ 11.085031270576678, 54.445684433289955 ], [ 11.086587548276839, 54.444353342233057 ], [ 11.094793439265914, 54.445235848755487 ], [ 11.096885561819363, 54.443497538380882 ], [ 11.096307277958545, 54.438509106909805 ], [ 11.101150751306307, 54.435516834034786 ], [ 11.101721763248918, 54.432338118209657 ], [ 11.101670145760636, 54.429268837287111 ], [ 11.095082640551595, 54.422317266728612 ], [ 11.097268223349886, 54.418475150707707 ], [ 11.095094442354707, 54.409269213603352 ], [ 11.107718229512727, 54.40701925733299 ], [ 11.119073152404098, 54.402794480680768 ], [ 11.12048506733197, 54.402552842739624 ], [ 11.136427640623197, 54.403094768808614 ], [ 11.158634304929365, 54.401035547053027 ], [ 11.177098155455553, 54.401429057105474 ], [ 11.177561044606534, 54.401554822796868 ], [ 11.180625200292923, 54.403329015222027 ], [ 11.180330634551126, 54.404822111051715 ], [ 11.166433214920914, 54.411346316579397 ], [ 11.165909647612125, 54.41222524649811 ], [ 11.166004538678692, 54.412877440241743 ], [ 11.168471455493375, 54.413758039302252 ], [ 11.172807931540945, 54.418988943285285 ], [ 11.173439741251059, 54.419405341083632 ], [ 11.177476048780704, 54.419945001760482 ], [ 11.185687541646814, 54.420099854225043 ], [ 11.19036173830375, 54.418835401132924 ], [ 11.191965341926959, 54.418819665695082 ], [ 11.195908665852357, 54.41985595269017 ], [ 11.204007029400998, 54.417674064306766 ], [ 11.21126353758234, 54.417097806618642 ], [ 11.211329937226878, 54.416260003596278 ], [ 11.207066058951511, 54.415832161924868 ], [ 11.210993767048762, 54.414208650908563 ], [ 11.210422635496229, 54.413300871638 ], [ 11.193488955351199, 54.412452459313613 ], [ 11.19438207117571, 54.408079266644961 ], [ 11.198066353479476, 54.406061649325693 ], [ 11.19963145262949, 54.406389832624711 ], [ 11.197414040125921, 54.407454252212062 ], [ 11.200983047329828, 54.409120917196731 ], [ 11.212875246795363, 54.41105937978665 ], [ 11.219265460532711, 54.411743760266404 ], [ 11.244302868682496, 54.412026047564098 ], [ 11.250000000099988, 54.411551356609834 ], [ 11.258006930475574, 54.410568833784794 ], [ 11.279138803313288, 54.404921770323483 ], [ 11.28713583934757, 54.403810143523458 ], [ 11.311021566692034, 54.401279329877354 ], [ 11.312983513278539, 54.401904105989786 ], [ 11.313518762780689, 54.40308105954324 ], [ 11.311656713786419, 54.409285426581334 ], [ 11.30774915230171, 54.411661863504321 ], [ 11.305904507886908, 54.416026949684124 ], [ 11.301701546089646, 54.419885516103761 ], [ 11.296780347934885, 54.432551860979629 ], [ 11.296523809126541, 54.43290245538418 ], [ 11.287497400984364, 54.437893271857149 ], [ 11.279567122524668, 54.44597625699879 ], [ 11.276357650785087, 54.451675772518968 ], [ 11.276292204421736, 54.456051110970179 ], [ 11.270636200800027, 54.459418654747139 ], [ 11.26812541505592, 54.463888645045074 ], [ 11.252720713690053, 54.471363544592009 ], [ 11.250000000099988, 54.474609255412872 ], [ 11.242880702382593, 54.488979458535255 ], [ 11.242825150360375, 54.492187500353054 ], [ 11.242795825267251, 54.492187500353054 ], [ 11.242743373208214, 54.493140220544831 ], [ 11.2416435482113, 54.494608402455981 ], [ 11.235305308992849, 54.497797607973268 ], [ 11.23405957259132, 54.499062061065388 ], [ 11.233815908477368, 54.499879837084904 ], [ 11.234994053632704, 54.505258202903917 ], [ 11.233813524374682, 54.506682753306507 ], [ 11.232189535818407, 54.507344246040191 ], [ 11.230694055886033, 54.507511616168244 ], [ 11.22857391855149, 54.507012129106556 ], [ 11.224013328752221, 54.504386425293262 ], [ 11.22338092369074, 54.504263162415157 ], [ 11.217137217608638, 54.504493832224625 ], [ 11.193163156154867, 54.510436057678021 ], [ 11.190008521476216, 54.511674166030048 ], [ 11.187767505366139, 54.515591740566435 ], [ 11.170778870348613, 54.521381616368501 ], [ 11.135920644222438, 54.52420032008871 ], [ 11.095283150696957, 54.530902743366994 ], [ 11.086225628709769, 54.530771731929917 ], [ 11.079807043160486, 54.531278610519507 ], [ 11.072561978852377, 54.532775640883187 ], [ 11.068961858703005, 54.536182642415099 ], [ 11.068373202961084, 54.536245822486762 ], [ 11.06410563027066, 54.535123109743893 ], [ 11.062283873601928, 54.53439855564892 ], [ 11.044050335854365, 54.523532032977016 ], [ 11.037187219015095, 54.518551230454989 ], [ 11.028170347283833, 54.50906383972449 ], [ 11.017065763274388, 54.492187500353054 ], [ 11.016103148741365, 54.492187500353054 ], [ 11.010494113112884, 54.482173561960394 ], [ 11.011849164807188, 54.480578779787038 ], [ 11.009394168506219, 54.476128458561561 ], [ 11.007329344873426, 54.45841574698926 ], [ 11.004268527470686, 54.449916958500978 ], [ 11.004460038100433, 54.449205739553236 ], [ 11.005653500508799, 54.444773554955589 ], [ 11.009015321899653, 54.441296458464876 ], [ 11.043244242927528, 54.42834925621321 ], [ 11.045862078572156, 54.429186820915106 ], [ 11.038341880173732, 54.431112050880586 ], [ 11.032791614341591, 54.436217665812649 ], [ 11.028316855838284, 54.43575513369251 ], [ 11.021834135137226, 54.438074946601546 ], [ 11.022178650124602, 54.443626522745944 ], [ 11.024939417720134, 54.444367528138969 ], [ 11.030492067654848, 54.442624449558878 ], [ 11.032986521710768, 54.445317029657303 ], [ 11.04476404232679, 54.44747042661902 ] ], [ [ 11.082663058853257, 54.438523769456538 ], [ 11.081158041610308, 54.438143849059543 ], [ 11.088609337550963, 54.435596942944699 ], [ 11.091074943154183, 54.437299251659169 ], [ 11.087519168574886, 54.438429951281421 ], [ 11.082663058853257, 54.438523769456538 ] ], [ [ 11.523049116423749, 54.069504618843268 ], [ 11.5133686061763, 54.058655619461376 ], [ 11.511466622786486, 54.054472804276486 ], [ 11.511473536774417, 54.040089011498708 ], [ 11.512222647757085, 54.038529157195001 ], [ 11.513409257331432, 54.038078546487839 ], [ 11.514550924185812, 54.03811144818485 ], [ 11.515014529197288, 54.038395524234147 ], [ 11.515941142969496, 54.046939969504024 ], [ 11.517549753118715, 54.048699140553026 ], [ 11.515334367686989, 54.053486704847728 ], [ 11.51533770597041, 54.054185151623528 ], [ 11.516506553035072, 54.058135509146553 ], [ 11.518536925438809, 54.062919259416446 ], [ 11.524077772671205, 54.068492651314841 ], [ 11.523049116423749, 54.069504618843268 ] ], [ [ 11.495767951030132, 54.027738809798279 ], [ 11.498827457221466, 54.029495358424072 ], [ 11.499047637338663, 54.029897928246896 ], [ 11.498504638378336, 54.030568957391495 ], [ 11.495652079679758, 54.031692028064754 ], [ 11.494101047725337, 54.031249999587828 ], [ 11.488970875905352, 54.028128743247009 ], [ 11.486509442256988, 54.024682521381408 ], [ 11.495906353095791, 54.024364113713034 ], [ 11.495767951030132, 54.027738809798279 ] ], [ [ 10.910450816352125, 53.90879297231794 ], [ 10.9097813367394, 53.90769207442969 ], [ 10.910896539243936, 53.907209158276089 ], [ 10.914750337458202, 53.907629966349987 ], [ 10.914996623995137, 53.908126950598387 ], [ 10.912226677019703, 53.908398151053916 ], [ 10.910450816352125, 53.90879297231794 ] ], [ [ 11.426928520334968, 53.938665747326468 ], [ 11.428192615496869, 53.939034223850399 ], [ 11.428499937222455, 53.942399859266288 ], [ 11.427480459455694, 53.943143248761999 ], [ 11.423158049704341, 53.942118644859647 ], [ 11.426928520334968, 53.938665747326468 ] ], [ [ 11.467836379745279, 53.964843750338844 ], [ 11.467769503459976, 53.964843750338844 ], [ 11.467749238136889, 53.964992642096774 ], [ 11.469790816093337, 53.966492534103281 ], [ 11.469259261905449, 53.967829823287786 ], [ 11.467536568258197, 53.967269658967666 ], [ 11.466346144658814, 53.964843750338844 ], [ 11.466418743330451, 53.964843750338844 ], [ 11.466553807112632, 53.964111328075376 ], [ 11.466823935576258, 53.964041471436872 ], [ 11.467836379745279, 53.964843750338844 ] ], [ [ 13.073927759958337, 54.478770851993261 ], [ 13.076604246688703, 54.478393673629171 ], [ 13.0737606290499, 54.48086190255475 ], [ 13.076560377759222, 54.485299349085722 ], [ 13.074298500975033, 54.492187500353054 ], [ 13.074090718911691, 54.492187500353054 ], [ 13.073610425181016, 54.49260604393379 ], [ 13.073762655222367, 54.49952435486523 ], [ 13.080008625797632, 54.501251816718081 ], [ 13.080231904978575, 54.501592278460976 ], [ 13.080838918581321, 54.507833719150938 ], [ 13.083168506221625, 54.510685920818673 ], [ 13.081957221048981, 54.512179374578636 ], [ 13.085449814657295, 54.512642621659836 ], [ 13.083573103116294, 54.51431143242678 ], [ 13.084230422995688, 54.514809608276835 ], [ 13.088854074156302, 54.514928221660114 ], [ 13.084703802738375, 54.517980455933468 ], [ 13.08941233191365, 54.518060207812312 ], [ 13.092456579307736, 54.516339421627151 ], [ 13.092727780662585, 54.516432642652376 ], [ 13.093864321381375, 54.51728856521521 ], [ 13.092462062474169, 54.52004015432982 ], [ 13.094596743644843, 54.52432382128751 ], [ 13.092890739615939, 54.527619957994716 ], [ 13.104519844215417, 54.529120207032065 ], [ 13.107254743711621, 54.532336950689853 ], [ 13.116947769823867, 54.537756443405215 ], [ 13.113862514243806, 54.540938258294148 ], [ 13.116605758549099, 54.549760103046424 ], [ 13.116304517139895, 54.55693280700342 ], [ 13.112880945599272, 54.563959479046787 ], [ 13.109056353767812, 54.567300677184676 ], [ 13.110377311264074, 54.570818662251497 ], [ 13.117687225685017, 54.57509434233009 ], [ 13.112892151152039, 54.578564166902822 ], [ 13.110988617330804, 54.583614349422817 ], [ 13.114621400857061, 54.584478735505343 ], [ 13.125830054413484, 54.583885550777723 ], [ 13.124657750355027, 54.584691167063738 ], [ 13.130816221391626, 54.591904043736747 ], [ 13.138598441764827, 54.596776366436188 ], [ 13.140496254098935, 54.595634579972057 ], [ 13.140207648164619, 54.593653440054311 ], [ 13.138630151860184, 54.591098427450561 ], [ 13.134055018224672, 54.588768720200335 ], [ 13.140769123696089, 54.584873676379118 ], [ 13.141366124247327, 54.582325219833081 ], [ 13.144557833477393, 54.579898238313149 ], [ 13.142421245744003, 54.574351549084895 ], [ 13.144983053625197, 54.573433160512025 ], [ 13.147103905920574, 54.574641942871381 ], [ 13.145845055604866, 54.588101744300218 ], [ 13.150787949904043, 54.58270454397956 ], [ 13.151263355819196, 54.577481031524485 ], [ 13.14948141573484, 54.575196147384418 ], [ 13.152311563328112, 54.57524955272487 ], [ 13.154979228608568, 54.578323602752164 ], [ 13.157951951121731, 54.579320431093151 ], [ 13.149141668953007, 54.590780734743191 ], [ 13.147048473508335, 54.602118253954302 ], [ 13.144458413425127, 54.604378461596866 ], [ 13.138398647479733, 54.604202151308357 ], [ 13.131512045744444, 54.605159402284585 ], [ 13.122942253981989, 54.603779167774462 ], [ 13.119060278209361, 54.603153943799441 ], [ 13.118140669256604, 54.602750402708978 ], [ 13.116698742153403, 54.602117657703786 ], [ 13.115156054108695, 54.600000739042969 ], [ 13.106803059213803, 54.596349716366433 ], [ 13.097835063837294, 54.590239047893874 ], [ 13.101353168514038, 54.58728504207113 ], [ 13.100052833371706, 54.57968652261502 ], [ 13.101410746708666, 54.573323726508875 ], [ 13.097277641549965, 54.556053042513895 ], [ 13.092399835683864, 54.544773936068282 ], [ 13.085682034898014, 54.536365151730479 ], [ 13.079386353397638, 54.517475009064583 ], [ 13.072015046756974, 54.508025646166743 ], [ 13.064004778997514, 54.492187500353054 ], [ 13.064253806667978, 54.492187500353054 ], [ 13.062847852446509, 54.490519046616782 ], [ 13.064130425079099, 54.487402558481335 ], [ 13.060427308273745, 54.478934049267082 ], [ 13.059531212095862, 54.470101117672584 ], [ 13.06183791199004, 54.466537832854783 ], [ 13.062009454073177, 54.459035753996943 ], [ 13.064577103050908, 54.457476854773176 ], [ 13.066729545832061, 54.457343817163462 ], [ 13.067359805110925, 54.457494854703782 ], [ 13.06578886486426, 54.459828018947974 ], [ 13.070402979613903, 54.462335347698115 ], [ 13.070778966376167, 54.466619252976272 ], [ 13.074674129807249, 54.46901512155074 ], [ 13.072496175957838, 54.472818255558138 ], [ 13.074242830242497, 54.474726199654526 ], [ 13.073927759958337, 54.478770851993261 ] ], [ [ 13.174713253713833, 54.560172200086981 ], [ 13.175215363198447, 54.560335874900773 ], [ 13.177993058732852, 54.563221931546877 ], [ 13.182925343729664, 54.564277053043554 ], [ 13.183296323066827, 54.564575433709365 ], [ 13.184121013074332, 54.569571971669234 ], [ 13.185263634109617, 54.570318103198076 ], [ 13.187854528763637, 54.571099757947536 ], [ 13.195573449455253, 54.571893215399655 ], [ 13.197595238729377, 54.57446265222967 ], [ 13.204413056717215, 54.57702803581526 ], [ 13.215083718738754, 54.585551142871111 ], [ 13.22858071342921, 54.586966156862786 ], [ 13.227354049849623, 54.591475248783809 ], [ 13.22959530338062, 54.594723343707471 ], [ 13.236195921604519, 54.597414612594321 ], [ 13.237740159181101, 54.599381565706722 ], [ 13.230520844261719, 54.608500361202857 ], [ 13.226490378728158, 54.620108247198004 ], [ 13.226995945206795, 54.624511837851173 ], [ 13.230904936613626, 54.625366925843082 ], [ 13.241947412543141, 54.633370518834454 ], [ 13.263552308092528, 54.643503665961532 ], [ 13.26406145117511, 54.643673538902874 ], [ 13.269846558771803, 54.643599152379068 ], [ 13.280746936422076, 54.64626681765958 ], [ 13.282328367260448, 54.646090149441022 ], [ 13.283302545276399, 54.645828962037058 ], [ 13.287261843859085, 54.64070630045552 ], [ 13.285999656159277, 54.638501047685281 ], [ 13.288666725189273, 54.634675502572406 ], [ 13.288713932402175, 54.627825260427528 ], [ 13.284009933111975, 54.622110844040321 ], [ 13.281703949078008, 54.613407135131354 ], [ 13.267616867824358, 54.599821567111803 ], [ 13.262920617992165, 54.597109556261046 ], [ 13.256179928560982, 54.588915943716017 ], [ 13.249637841813069, 54.57104957128081 ], [ 13.24317574526458, 54.562596440473385 ], [ 13.242982745357494, 54.559223651850232 ], [ 13.243321418348842, 54.558734417059782 ], [ 13.245367527089741, 54.557490945151073 ], [ 13.247689842812065, 54.557236552125289 ], [ 13.249240756056111, 54.560230851172946 ], [ 13.255403042016894, 54.561356902199407 ], [ 13.25730514501646, 54.563063621189201 ], [ 13.274037838375705, 54.563502430992457 ], [ 13.278739452663615, 54.564587831763106 ], [ 13.288091778712726, 54.570274710909189 ], [ 13.293333053677486, 54.571561813427081 ], [ 13.300022959292221, 54.571176409863483 ], [ 13.306491970727905, 54.573115825734931 ], [ 13.308663010589555, 54.575780748982481 ], [ 13.316335320318956, 54.579497456342722 ], [ 13.321273803443262, 54.579606413705108 ], [ 13.33459055421082, 54.582589865130217 ], [ 13.33505094054857, 54.584929227501959 ], [ 13.32834291449393, 54.593576312397033 ], [ 13.348793863845856, 54.600649953332777 ], [ 13.353753209443198, 54.605321050026532 ], [ 13.352774620252546, 54.607534646706711 ], [ 13.354191541706314, 54.610402345491821 ], [ 13.354410767642889, 54.610670447782979 ], [ 13.358167529008369, 54.613028049305171 ], [ 13.359375000156319, 54.613002061595921 ], [ 13.364391565118694, 54.612298130754311 ], [ 13.368901133680424, 54.614504218095362 ], [ 13.370137214960607, 54.614218712124 ], [ 13.371066451155798, 54.613778949039386 ], [ 13.372674346344184, 54.609265208522743 ], [ 13.379189610812034, 54.602530002257822 ], [ 13.383337258907432, 54.595533728199086 ], [ 13.383706808322643, 54.581277846895205 ], [ 13.391523719144402, 54.577087879402256 ], [ 13.396963835112956, 54.572319149609143 ], [ 13.407230258170046, 54.572631359150023 ], [ 13.426781654349952, 54.567776918570019 ], [ 13.433397412660554, 54.559597611540653 ], [ 13.447068571857073, 54.551047563494365 ], [ 13.459993005073159, 54.55329227491859 ], [ 13.485317110796188, 54.552677750178134 ], [ 13.49041795752288, 54.550259232177893 ], [ 13.494046807414406, 54.550766825728545 ], [ 13.496722459573959, 54.548231959737279 ], [ 13.501812457778726, 54.548193931904507 ], [ 13.507850527579876, 54.533059835642973 ], [ 13.509769320198018, 54.530089020591959 ], [ 13.512353658794439, 54.529163361000485 ], [ 13.509677052454151, 54.528378128747761 ], [ 13.509702325202113, 54.526090740895143 ], [ 13.507319331322208, 54.52473556959086 ], [ 13.510128140701283, 54.524107456094384 ], [ 13.510349034880107, 54.523866415302962 ], [ 13.512296438529859, 54.521326780206778 ], [ 13.512473225459132, 54.520903230100146 ], [ 13.510777950342231, 54.518820047707152 ], [ 13.51449191566951, 54.51545464971241 ], [ 13.51450431372308, 54.51297426195265 ], [ 13.514107346676838, 54.510252833401523 ], [ 13.513128757486356, 54.509106040411552 ], [ 13.507853746253545, 54.506288409582623 ], [ 13.504565477714664, 54.497523307554786 ], [ 13.500000000100044, 54.492187500353054 ], [ 13.501009702236161, 54.487861752318054 ], [ 13.504266977439158, 54.485334158244996 ], [ 13.506153464610804, 54.481292962900056 ], [ 13.496793865744337, 54.479674578019342 ], [ 13.488748908435468, 54.483047961994032 ], [ 13.479615211173154, 54.483207941493333 ], [ 13.456867456268185, 54.476815700684142 ], [ 13.451300143786739, 54.473252534576886 ], [ 13.448082328137048, 54.474405169563113 ], [ 13.441829920214673, 54.486886143480774 ], [ 13.427147149621362, 54.489624619580525 ], [ 13.419164538712494, 54.492187500353054 ], [ 13.418929338118573, 54.492187500353054 ], [ 13.413354754618354, 54.493635654361981 ], [ 13.407048344205805, 54.506427049968352 ], [ 13.408740043618195, 54.511679052945965 ], [ 13.413960575720068, 54.516150355354625 ], [ 13.414466619738846, 54.51786410794233 ], [ 13.414062142453929, 54.51927924154387 ], [ 13.407302617621838, 54.52831971688147 ], [ 13.396778107124021, 54.537500857878456 ], [ 13.393627643501077, 54.539853453773958 ], [ 13.385983943903909, 54.542789220446195 ], [ 13.379747033099193, 54.546861767956273 ], [ 13.376327753123405, 54.553715825025392 ], [ 13.377001643011511, 54.55903923507276 ], [ 13.373332857825289, 54.559924721948391 ], [ 13.372625708309954, 54.559807777706908 ], [ 13.369783640202911, 54.558847427666706 ], [ 13.363279104647006, 54.555520415434955 ], [ 13.360836028859637, 54.55166375647724 ], [ 13.359375000156319, 54.551618338015885 ], [ 13.35440242283363, 54.549505710919902 ], [ 13.355605959447644, 54.545539378739306 ], [ 13.338611364622864, 54.548660635979729 ], [ 13.348257541452426, 54.552581548799537 ], [ 13.349808811727371, 54.551346540410691 ], [ 13.354176521229533, 54.551349878694111 ], [ 13.354407548969391, 54.551503658267336 ], [ 13.353479742696152, 54.553716063345689 ], [ 13.359134912646255, 54.56222093125109 ], [ 13.359375000156319, 54.56222093125109 ], [ 13.360012173423172, 54.562604307742731 ], [ 13.360425948798536, 54.566897750331009 ], [ 13.361663937540811, 54.569311142195488 ], [ 13.370711922217538, 54.576742171913793 ], [ 13.370808244105206, 54.577272534500025 ], [ 13.368099331419046, 54.579126715325799 ], [ 13.359375000156319, 54.58063614374305 ], [ 13.358739733452012, 54.580822706302968 ], [ 13.353882670449025, 54.580874205080647 ], [ 13.347418546828635, 54.578025340796955 ], [ 13.343830465903466, 54.575479507573277 ], [ 13.344033956402029, 54.573602914742821 ], [ 13.339341878524863, 54.570797324037244 ], [ 13.332616448790134, 54.570844649960691 ], [ 13.331302046452436, 54.56949925428728 ], [ 13.325568556343967, 54.568529128616433 ], [ 13.30049145211899, 54.554866552549527 ], [ 13.29801332975137, 54.552617549560352 ], [ 13.296582460712159, 54.550634146049049 ], [ 13.296937942931777, 54.549811125183339 ], [ 13.303511500555373, 54.546529531412773 ], [ 13.304987073095106, 54.540611505816457 ], [ 13.306970715825855, 54.539222359924054 ], [ 13.302820324798233, 54.528010964334555 ], [ 13.302980542618002, 54.527529478103077 ], [ 13.30410730860558, 54.52645432960378 ], [ 13.311525225309026, 54.523692249897465 ], [ 13.311730027019166, 54.523210048704925 ], [ 13.310768247057013, 54.519839644184287 ], [ 13.306627869980275, 54.519400953990953 ], [ 13.309808254047653, 54.517959117719215 ], [ 13.310240745214287, 54.517233967373784 ], [ 13.310195446362854, 54.516220211993357 ], [ 13.308905243882009, 54.5152144434918 ], [ 13.304756521995955, 54.514086842933636 ], [ 13.302799939865338, 54.514097570946205 ], [ 13.301902652085801, 54.514394641299816 ], [ 13.296065330750537, 54.519826769489896 ], [ 13.295068144479387, 54.520286202546288 ], [ 13.29238271668919, 54.521448373943485 ], [ 13.287531733102981, 54.521803140302666 ], [ 13.290108323140657, 54.526030301957007 ], [ 13.290362476946939, 54.532296777074635 ], [ 13.295914650241059, 54.535714626229094 ], [ 13.294727325705651, 54.537235140589416 ], [ 13.294278979491423, 54.537549019271921 ], [ 13.290966511095689, 54.538412452073089 ], [ 13.288930058375627, 54.541420221166391 ], [ 13.286478758288069, 54.542953848541401 ], [ 13.285757541577368, 54.543139219499437 ], [ 13.276038766076226, 54.54375195458914 ], [ 13.265560031070663, 54.547645449777747 ], [ 13.260208367921905, 54.548444152076002 ], [ 13.258870244166474, 54.548874377850325 ], [ 13.254708647586085, 54.551866174084694 ], [ 13.253298759730001, 54.552147150171038 ], [ 13.237510204332523, 54.554057001729348 ], [ 13.211048364490523, 54.549973726206474 ], [ 13.185957551000342, 54.548078179264678 ], [ 13.17485225202995, 54.545707225508181 ], [ 13.164035201063712, 54.54527270816908 ], [ 13.143870472644267, 54.546568035886139 ], [ 13.140248418030126, 54.540530562335732 ], [ 13.149269342106493, 54.542448878313053 ], [ 13.154963254850429, 54.540401220040451 ], [ 13.158982515730656, 54.536104917608043 ], [ 13.159209251006189, 54.535613655745749 ], [ 13.162344336222134, 54.526669502295874 ], [ 13.163371324227398, 54.522855520665814 ], [ 13.163371205516796, 54.516343355261711 ], [ 13.161739111370935, 54.51282167398125 ], [ 13.157847165714145, 54.512656569245337 ], [ 13.156569838827068, 54.51189363028692 ], [ 13.156111240341659, 54.51128172886888 ], [ 13.155311346441579, 54.507761358799826 ], [ 13.156388044472749, 54.505388855511399 ], [ 13.159986615090247, 54.503332257078171 ], [ 13.161602615868219, 54.502601503956328 ], [ 13.165587663839631, 54.502120971905356 ], [ 13.166106462043672, 54.502252340373275 ], [ 13.163736224147613, 54.50374841655622 ], [ 13.169484853443407, 54.505118131696463 ], [ 13.169512510294226, 54.508460044795243 ], [ 13.180536865783893, 54.505609512269302 ], [ 13.192399621445418, 54.505280971939442 ], [ 13.199870705169019, 54.503434420062547 ], [ 13.209224343328856, 54.508314728741823 ], [ 13.217053770914902, 54.50880730181558 ], [ 13.222977876827599, 54.51073217385084 ], [ 13.229974507917177, 54.510849476022543 ], [ 13.233521938586762, 54.508274555126661 ], [ 13.230269551198944, 54.506559610038153 ], [ 13.233512639596768, 54.504825353807064 ], [ 13.229406714648292, 54.503083944368541 ], [ 13.228682517584161, 54.49679100490107 ], [ 13.226462125626767, 54.494283676150758 ], [ 13.228219151792587, 54.493019104348321 ], [ 13.227991104406101, 54.492519855606929 ], [ 13.227298855757624, 54.492187500353054 ], [ 13.227359652625978, 54.492187500353054 ], [ 13.226881265458076, 54.491490006858442 ], [ 13.226894378472878, 54.486472844746174 ], [ 13.227530360138076, 54.485901356162799 ], [ 13.230880021795656, 54.484107971306003 ], [ 13.237193822836787, 54.483047365743516 ], [ 13.238208174467729, 54.4832191470461 ], [ 13.246201276867566, 54.486814617700475 ], [ 13.246793746634182, 54.486812711137759 ], [ 13.255744576651068, 54.485582351344476 ], [ 13.256565928374982, 54.485313653702235 ], [ 13.257861614022431, 54.483456254202963 ], [ 13.256675362378132, 54.481012463454533 ], [ 13.258446336129623, 54.478114843325443 ], [ 13.264839053579578, 54.48011565231559 ], [ 13.268175840542767, 54.479774952252399 ], [ 13.267032265326918, 54.476748943109385 ], [ 13.257289409578618, 54.473426222442242 ], [ 13.253018855635787, 54.47340357301664 ], [ 13.253594279652475, 54.471697807308033 ], [ 13.242995858372353, 54.472569346598164 ], [ 13.236698865660173, 54.468441844215818 ], [ 13.231117963523332, 54.46814584765292 ], [ 13.230856657408992, 54.467325925850844 ], [ 13.23820424083317, 54.467403650658014 ], [ 13.239256978227104, 54.465036868856544 ], [ 13.237171053801205, 54.462266325630594 ], [ 13.23273861379613, 54.462417840710884 ], [ 13.230136633199095, 54.464153051122537 ], [ 13.224529147102487, 54.464169144490597 ], [ 13.222773313437699, 54.460399866360774 ], [ 13.21807754024627, 54.45916855328619 ], [ 13.208403944886129, 54.460613608231597 ], [ 13.205611705515935, 54.460061312080029 ], [ 13.205899238559198, 54.457720041346988 ], [ 13.203523278276805, 54.456996679753104 ], [ 13.204818248963022, 54.453567147505908 ], [ 13.199291110096794, 54.447487116237596 ], [ 13.197032212766487, 54.447547673886106 ], [ 13.192722558998923, 54.450110435048657 ], [ 13.192377805691251, 54.455028057498907 ], [ 13.180723905883553, 54.454731106755276 ], [ 13.174897432170837, 54.452339053104993 ], [ 13.16918516156602, 54.453255772536011 ], [ 13.161580204762743, 54.435759425257459 ], [ 13.150201439944681, 54.429012418088689 ], [ 13.14996182907521, 54.428646206957069 ], [ 13.150871754128218, 54.422989249154568 ], [ 13.156083226459771, 54.421121239453726 ], [ 13.170919179476641, 54.424895167078319 ], [ 13.182760477314162, 54.422961950233969 ], [ 13.191293120780983, 54.423630475665959 ], [ 13.201706767353414, 54.425888657135829 ], [ 13.207160234657294, 54.430006742717183 ], [ 13.211208820630645, 54.429521441561292 ], [ 13.212220549838605, 54.429147958511464 ], [ 13.213809847946095, 54.422783851193913 ], [ 13.21623587618484, 54.418398856722035 ], [ 13.220157146035547, 54.414001345485815 ], [ 13.233870863849347, 54.409451246277968 ], [ 13.230471252946131, 54.412273049062151 ], [ 13.233305573393636, 54.413121938926508 ], [ 13.234792947736423, 54.410270810149882 ], [ 13.237694144469231, 54.409718752318611 ], [ 13.232435941565598, 54.404675960427312 ], [ 13.233396053285276, 54.40282142167132 ], [ 13.229832053506641, 54.401139259569277 ], [ 13.230817437075132, 54.396384358651289 ], [ 13.235925912750702, 54.392634749594095 ], [ 13.238075852718453, 54.387338757177929 ], [ 13.240938425368086, 54.385246157983943 ], [ 13.249650359476618, 54.383703112908393 ], [ 13.250537156664507, 54.385572552531414 ], [ 13.254379749325949, 54.386093377807299 ], [ 13.261849046096756, 54.383915543567582 ], [ 13.259791016841973, 54.379810452290712 ], [ 13.237442613086159, 54.377313971162948 ], [ 13.236009120724532, 54.373770356316925 ], [ 13.239351630073827, 54.371188759753579 ], [ 13.237145542732776, 54.369993806269122 ], [ 13.234206557386813, 54.369209051556538 ], [ 13.225494146637686, 54.369903326377482 ], [ 13.219722152055851, 54.367668152263604 ], [ 13.217154860108849, 54.368027448508087 ], [ 13.216227650985331, 54.371397853028554 ], [ 13.203501105491796, 54.37052321467479 ], [ 13.199952363610805, 54.372266650285781 ], [ 13.201508641310738, 54.373713851013576 ], [ 13.196957826242851, 54.37546873049763 ], [ 13.18460106848471, 54.374665259993776 ], [ 13.172035932412427, 54.371402621234097 ], [ 13.167683839637562, 54.371457934036414 ], [ 13.15762221829084, 54.374651551627778 ], [ 13.1456414463957, 54.374102831180778 ], [ 13.129143953630603, 54.371798873319449 ], [ 13.128352045710528, 54.371477365687952 ], [ 13.123564958955797, 54.366768956122598 ], [ 13.122060537064215, 54.351829767230072 ], [ 13.116269230440821, 54.344701648062767 ], [ 13.11548554861929, 54.343288660243559 ], [ 13.114055157119822, 54.338797807472872 ], [ 13.114056348721704, 54.332729458397864 ], [ 13.114785432701524, 54.331813454827113 ], [ 13.117187022762948, 54.330500602920665 ], [ 13.125375747492853, 54.328423857874839 ], [ 13.135941028755553, 54.323497414873941 ], [ 13.13659191128778, 54.322097301749125 ], [ 13.131589174300984, 54.319088340154906 ], [ 13.132317423710163, 54.31852543380171 ], [ 13.133223057198393, 54.318449974386851 ], [ 13.137528539010873, 54.320701360579505 ], [ 13.140720248240939, 54.316406249748809 ], [ 13.141270876150088, 54.315756916748455 ], [ 13.148658156548663, 54.312526821755512 ], [ 13.1490476133568, 54.31241512325937 ], [ 13.169652223571291, 54.309656262226781 ], [ 13.183323025737138, 54.301628946918527 ], [ 13.184320211108911, 54.300303459537133 ], [ 13.184050440575561, 54.298415661153911 ], [ 13.18015313136209, 54.296441554834075 ], [ 13.17082464723984, 54.301186442700157 ], [ 13.164985060512265, 54.301187157661218 ], [ 13.163354635508142, 54.304520368920066 ], [ 13.154524802977448, 54.304408073274033 ], [ 13.15585637067494, 54.302853226395428 ], [ 13.152839660521977, 54.302070140824469 ], [ 13.150074005111321, 54.299497008680135 ], [ 13.140128970076034, 54.296245813793462 ], [ 13.137927055589216, 54.289948106120221 ], [ 13.137922048164171, 54.286275506009986 ], [ 13.13941180750902, 54.282527566094416 ], [ 13.139989614729018, 54.281788349452938 ], [ 13.141908407347159, 54.280875801976777 ], [ 13.143366575307255, 54.280867933808224 ], [ 13.152290343824404, 54.285211563063285 ], [ 13.156618237641624, 54.285741329398945 ], [ 13.165101647722906, 54.289267301345035 ], [ 13.180953264481673, 54.288030505103791 ], [ 13.182834147977701, 54.289557218490984 ], [ 13.188325524403467, 54.290715456253395 ], [ 13.188612937836979, 54.293992519239509 ], [ 13.191792368622998, 54.296715259901418 ], [ 13.194242120077831, 54.296684742307093 ], [ 13.200477838381687, 54.294620275705142 ], [ 13.203946233032298, 54.289577245493604 ], [ 13.198542952395314, 54.286823630206527 ], [ 13.196124554004996, 54.283704757968337 ], [ 13.196506142644409, 54.276170372764625 ], [ 13.199961662600629, 54.27024424067929 ], [ 13.209237218023247, 54.26991641531049 ], [ 13.215686559487096, 54.27149665364783 ], [ 13.213886976502806, 54.274984955691309 ], [ 13.215909958278132, 54.277603030555611 ], [ 13.215059042241137, 54.278765558983423 ], [ 13.218467235374703, 54.278956056077277 ], [ 13.219293236593785, 54.277581214801216 ], [ 13.216710448428557, 54.275469541885968 ], [ 13.217095970702587, 54.273540139066199 ], [ 13.224222541237339, 54.26937210603802 ], [ 13.240532636871762, 54.26657557510282 ], [ 13.247932672355034, 54.259218931008888 ], [ 13.264723777580343, 54.25439727341552 ], [ 13.270188570046571, 54.25365674466309 ], [ 13.276173353217814, 54.254691004586334 ], [ 13.277078152135005, 54.25496065640931 ], [ 13.288120508454824, 54.259124040841925 ], [ 13.304798961003314, 54.258572101721199 ], [ 13.312084912988325, 54.257127761736854 ], [ 13.320689440165665, 54.257629156260634 ], [ 13.320365428821503, 54.259155273397312 ], [ 13.314794421025852, 54.259671330467597 ], [ 13.314754009090336, 54.263842701779254 ], [ 13.310379147279946, 54.26548016038123 ], [ 13.32430314997049, 54.270677924346785 ], [ 13.327741741987836, 54.272718549021874 ], [ 13.328448533573123, 54.274955510988093 ], [ 13.335356831452657, 54.278010010653588 ], [ 13.33721053563778, 54.275893449922819 ], [ 13.334181070400177, 54.27299654475479 ], [ 13.334182619932108, 54.269943832941692 ], [ 13.329602361060154, 54.269447565452879 ], [ 13.323537349369246, 54.264766573518727 ], [ 13.323109865627885, 54.261068463239042 ], [ 13.327210307409928, 54.257689714808464 ], [ 13.326632142259655, 54.254820943132074 ], [ 13.322747349810527, 54.250933050719823 ], [ 13.323941946263915, 54.247378349031635 ], [ 13.320883035423719, 54.245160341176927 ], [ 13.318812727725287, 54.24429810087679 ], [ 13.311180711221027, 54.248468637617634 ], [ 13.297116160682378, 54.252348065610875 ], [ 13.295294046083484, 54.255151629244381 ], [ 13.291782856293878, 54.253996849375142 ], [ 13.290629744667058, 54.250970005661316 ], [ 13.294667840048874, 54.249237179352406 ], [ 13.304664730892739, 54.249174832952349 ], [ 13.308999657408435, 54.247980952359228 ], [ 13.312402010344556, 54.245717763464086 ], [ 13.314649939543244, 54.240400672053511 ], [ 13.319066644110478, 54.240161537824861 ], [ 13.322544455562252, 54.237617015812759 ], [ 13.329327941031806, 54.238864540965949 ], [ 13.337780833518707, 54.236543655165633 ], [ 13.359375000156319, 54.234095930782587 ], [ 13.360035062068448, 54.234089851365638 ], [ 13.367759823856886, 54.23151075851473 ], [ 13.386215329573986, 54.22811794288873 ], [ 13.391254543962191, 54.221282958641723 ], [ 13.392256617149258, 54.221086740061139 ], [ 13.393249750175926, 54.221091031625917 ], [ 13.393953561407784, 54.221320748154028 ], [ 13.398591518084118, 54.226441860203863 ], [ 13.399113774181501, 54.226750373531104 ], [ 13.406294941658359, 54.229689717706435 ], [ 13.405641555413524, 54.230276465086888 ], [ 13.405991316146412, 54.230426668955602 ], [ 13.416301369812516, 54.232700943793589 ], [ 13.418404102567365, 54.233963727743856 ], [ 13.42359697781842, 54.238184452050803 ], [ 13.424005150417429, 54.243263959664091 ], [ 13.423331141818778, 54.245496630964908 ], [ 13.41727423661689, 54.25507497822781 ], [ 13.403927922435741, 54.264443755574973 ], [ 13.402974128453309, 54.264651060098402 ], [ 13.395515918524893, 54.264993905944152 ], [ 13.391231417895767, 54.263813972037326 ], [ 13.390548110307122, 54.258662938643681 ], [ 13.37952756884232, 54.253555178828606 ], [ 13.369521140688164, 54.262814164242343 ], [ 13.366705417321327, 54.264280915332165 ], [ 13.361822604929387, 54.262857079890466 ], [ 13.360513567946953, 54.262297510921485 ], [ 13.359950542883382, 54.256927847842007 ], [ 13.360141515718453, 54.256534457399482 ], [ 13.361549973652359, 54.25597596132161 ], [ 13.363978266383867, 54.25752007928827 ], [ 13.365445852044502, 54.257612704962526 ], [ 13.366200566702958, 54.257442712411262 ], [ 13.369794369114857, 54.254376650162385 ], [ 13.366322755790577, 54.250326156726828 ], [ 13.358578443640283, 54.247719764955264 ], [ 13.359917759896746, 54.250208019984257 ], [ 13.353909373119109, 54.25345087096099 ], [ 13.358713745742762, 54.25596296791673 ], [ 13.357649802796232, 54.259414553338956 ], [ 13.354950428319739, 54.260815739354882 ], [ 13.356874108753175, 54.26364362245539 ], [ 13.356706261984527, 54.264073849128863 ], [ 13.352242469814314, 54.269014000495815 ], [ 13.359136820108347, 54.271763443827979 ], [ 13.359375000156319, 54.271763443827979 ], [ 13.360835432609122, 54.272260070146217 ], [ 13.364378213783709, 54.270956158400168 ], [ 13.370276331987156, 54.270954250938075 ], [ 13.372512817312781, 54.275654554014579 ], [ 13.379273533746755, 54.277285456558616 ], [ 13.384600162467621, 54.277207731751446 ], [ 13.385620951445787, 54.279204249176928 ], [ 13.387269854819976, 54.279484868232203 ], [ 13.388243556195334, 54.27938652017184 ], [ 13.391193270453243, 54.277476310683312 ], [ 13.385707021062274, 54.272160172553981 ], [ 13.385177254726557, 54.266673922263806 ], [ 13.387555837431933, 54.267007470018712 ], [ 13.390610337097428, 54.268815755742537 ], [ 13.396839737663811, 54.27295053004292 ], [ 13.39897680293717, 54.276813030097287 ], [ 13.410573602090153, 54.286052942689139 ], [ 13.410743475031495, 54.288070917039249 ], [ 13.413725852666118, 54.290176630147528 ], [ 13.412169814185631, 54.296720743067851 ], [ 13.420877218409089, 54.303155064954353 ], [ 13.427261233119566, 54.306532860103516 ], [ 13.433318018711702, 54.307505726907891 ], [ 13.443089247171145, 54.313212752666516 ], [ 13.444393038408066, 54.313675045567038 ], [ 13.460840940756782, 54.316158533289695 ], [ 13.460842251968415, 54.316406249748809 ], [ 13.460778116816812, 54.316406249748809 ], [ 13.466248869989386, 54.321498632056262 ], [ 13.466479063158317, 54.321778416540724 ], [ 13.46623480279402, 54.325777649518955 ], [ 13.463477015551859, 54.328307270664197 ], [ 13.462972045323738, 54.328520417183654 ], [ 13.455427050817775, 54.32637774913394 ], [ 13.454443812132297, 54.326877236195571 ], [ 13.456848740477142, 54.328613400787958 ], [ 13.456144213384789, 54.330220818436146 ], [ 13.455941557457038, 54.330468058254326 ], [ 13.450902938420029, 54.331503748999012 ], [ 13.454042911451268, 54.332771659084926 ], [ 13.454841255819304, 54.335529327616484 ], [ 13.459775328668627, 54.334062933557675 ], [ 13.462651133942757, 54.331755518702266 ], [ 13.462872624372096, 54.329268216954745 ], [ 13.463344931223673, 54.32928597946443 ], [ 13.467709660372634, 54.330497741277782 ], [ 13.477976918000365, 54.330498933778813 ], [ 13.481061220299125, 54.332745551765925 ], [ 13.484773754805076, 54.335449814957087 ], [ 13.496790170430074, 54.337614536181945 ], [ 13.498992562456863, 54.341070771099226 ], [ 13.501737714224305, 54.341466665254586 ], [ 13.505455971116362, 54.340339541336789 ], [ 13.504891157301074, 54.342991232859163 ], [ 13.506843447866913, 54.34396600712563 ], [ 13.518415212592004, 54.340401649416719 ], [ 13.531240463176971, 54.340153575027614 ], [ 13.539955139318351, 54.342566370641578 ], [ 13.545345663971318, 54.3420436379036 ], [ 13.552036523766617, 54.339575767807617 ], [ 13.562445640453973, 54.344074964488073 ], [ 13.565922736944856, 54.346149444141702 ], [ 13.571302413975275, 54.351651429869719 ], [ 13.571598768468448, 54.351821660741052 ], [ 13.575334668260439, 54.352957606108703 ], [ 13.580575466584662, 54.352928042695112 ], [ 13.58799815149348, 54.351713776269946 ], [ 13.591293334919499, 54.3506708145066 ], [ 13.600207328705324, 54.34654021306045 ], [ 13.603463411407404, 54.344535231216071 ], [ 13.603722334318263, 54.344323873448161 ], [ 13.609863162455099, 54.334680437752127 ], [ 13.61271727068555, 54.331241727024235 ], [ 13.614716052603853, 54.330695629000218 ], [ 13.625621437679172, 54.331858038717655 ], [ 13.623067974607466, 54.332529544503018 ], [ 13.622760176241286, 54.334532260955257 ], [ 13.629481076990089, 54.336629747964594 ], [ 13.630577444993264, 54.338999748439733 ], [ 13.639243602710224, 54.339491129012401 ], [ 13.639932632684975, 54.340468645311773 ], [ 13.635599732341916, 54.343332647883415 ], [ 13.648048877453846, 54.348198533235859 ], [ 13.651372432691801, 54.348330854985136 ], [ 13.655366420823839, 54.34688365425734 ], [ 13.674456715704935, 54.350563406676031 ], [ 13.681540965942929, 54.34969341781715 ], [ 13.682913541826622, 54.349291562955386 ], [ 13.684496760517163, 54.346674322661897 ], [ 13.684502243683596, 54.346360564488521 ], [ 13.681882620186855, 54.344292402572478 ], [ 13.683028459895638, 54.342772603173273 ], [ 13.677740573968435, 54.337698936656636 ], [ 13.660429000498084, 54.332357406169422 ], [ 13.642323135904178, 54.324555635434365 ], [ 13.617620349299784, 54.319813370890472 ], [ 13.612008452028476, 54.319852233294057 ], [ 13.610899448550811, 54.316406249748809 ], [ 13.610865235642223, 54.316159248250756 ], [ 13.614982605362911, 54.315336942346164 ], [ 13.617715120756259, 54.315609216592179 ], [ 13.617568612201808, 54.316406249748809 ], [ 13.617665648151217, 54.316406249748809 ], [ 13.620310902326423, 54.318608760485972 ], [ 13.636081456893692, 54.319783926187426 ], [ 13.649592042139147, 54.323505163432685 ], [ 13.654810548068383, 54.326445579599977 ], [ 13.674938321546335, 54.330142378667915 ], [ 13.677871227475293, 54.329828142954511 ], [ 13.680542349749771, 54.326841830785952 ], [ 13.683554411307114, 54.326182008093269 ], [ 13.694651842108954, 54.325364828324268 ], [ 13.704124212362672, 54.326025247267467 ], [ 13.70372033132827, 54.32048034679076 ], [ 13.69724667039759, 54.317971706828814 ], [ 13.697136521433492, 54.317723751150254 ], [ 13.69945776426448, 54.316406249748809 ], [ 13.700457334638372, 54.316406249748809 ], [ 13.700498104504049, 54.315984129563958 ], [ 13.696372032043826, 54.315063118568105 ], [ 13.686210632714563, 54.314695954155127 ], [ 13.683887362811731, 54.312617539967675 ], [ 13.6855679753819, 54.311524868178196 ], [ 13.684233903971574, 54.310010909875643 ], [ 13.681249857195326, 54.311092138691265 ], [ 13.677858352780788, 54.308012842918401 ], [ 13.656551718287233, 54.303310870700273 ], [ 13.646209717104853, 54.296871543187251 ], [ 13.657428622033308, 54.287913560862307 ], [ 13.662155747389875, 54.287987828675512 ], [ 13.669082045200355, 54.291719078972335 ], [ 13.677139759392389, 54.291823268129406 ], [ 13.691488146760605, 54.289921045519918 ], [ 13.690729856397866, 54.291528106137264 ], [ 13.692584753084077, 54.293251276425337 ], [ 13.702111721178994, 54.295126676754762 ], [ 13.704650640414911, 54.293411731666254 ], [ 13.708026409391266, 54.286946415544662 ], [ 13.707404136991443, 54.280793308964178 ], [ 13.704467177818174, 54.279927849990315 ], [ 13.696601748571936, 54.281228780483957 ], [ 13.695168614140357, 54.284895658208086 ], [ 13.689698458117448, 54.286213159609758 ], [ 13.685804844218239, 54.285645842981239 ], [ 13.685044408073111, 54.283020854129177 ], [ 13.687733769498038, 54.280180454264723 ], [ 13.693978905502263, 54.280126929314406 ], [ 13.7002191545904, 54.277064561480415 ], [ 13.703722357500908, 54.274680614318925 ], [ 13.705897212286629, 54.27075290712105 ], [ 13.710937499566057, 54.268973231529458 ], [ 13.710937499566057, 54.269252061833186 ], [ 13.712173938776289, 54.270897030673439 ], [ 13.712530850918085, 54.271009445030018 ], [ 13.725279330876504, 54.273584127605432 ], [ 13.719584703171677, 54.279899358568684 ], [ 13.714322447922711, 54.29350042370578 ], [ 13.716279626303844, 54.306540846982614 ], [ 13.717180729007566, 54.309831977164151 ], [ 13.719379424820715, 54.313191056522101 ], [ 13.722370266874407, 54.316406249748809 ], [ 13.722417116157089, 54.316406249748809 ], [ 13.722966432854605, 54.317269325519078 ], [ 13.723696946756775, 54.317500829899416 ], [ 13.730722070167417, 54.31761336296637 ], [ 13.732561350126332, 54.329131245710414 ], [ 13.737483978203045, 54.334263443703094 ], [ 13.743687629380702, 54.336686014947645 ], [ 13.758125066718435, 54.339256048028233 ], [ 13.765056014023969, 54.339431762965603 ], [ 13.766646861663332, 54.340809107054667 ], [ 13.765507578911638, 54.3419293160851 ], [ 13.760762810655308, 54.341554164793024 ], [ 13.740984201659728, 54.346334815099738 ], [ 13.723573326847657, 54.356136203223286 ], [ 13.710937499566057, 54.367466449616984 ], [ 13.710937499566057, 54.367745518241236 ], [ 13.709574103062437, 54.368457317251512 ], [ 13.708014964619053, 54.374248862195429 ], [ 13.704072236944228, 54.379814505535023 ], [ 13.679059505292059, 54.394635915615083 ], [ 13.673314452600039, 54.400648355637202 ], [ 13.664777755888906, 54.40226793301872 ], [ 13.658041358022331, 54.398904442486071 ], [ 13.644532918559321, 54.398510217472733 ], [ 13.635105013485656, 54.399732709097293 ], [ 13.630144477186036, 54.398399948898714 ], [ 13.623555541155326, 54.398518442672071 ], [ 13.616047143660808, 54.401284456012945 ], [ 13.609745740673475, 54.404942155256379 ], [ 13.599633813050048, 54.412693261784682 ], [ 13.589515328469702, 54.422696947905933 ], [ 13.581364512862024, 54.433460355211309 ], [ 13.578566670715247, 54.438179612399381 ], [ 13.5797344448888, 54.439304112994591 ], [ 13.572302579700477, 54.45013177416206 ], [ 13.569834232064125, 54.461913943373872 ], [ 13.570363045118484, 54.469970465065103 ], [ 13.57592284646222, 54.477934956433216 ], [ 13.584664941134236, 54.48287475076927 ], [ 13.587545633324396, 54.482274055803146 ], [ 13.58569896183775, 54.483604430999833 ], [ 13.586733221760824, 54.484033465172445 ], [ 13.59006655172999, 54.482822656640451 ], [ 13.587114453369395, 54.484846472986419 ], [ 13.588125705936761, 54.485707163754682 ], [ 13.592642068876387, 54.483561516251086 ], [ 13.595818162278533, 54.483904838737431 ], [ 13.598329544273156, 54.48158740993108 ], [ 13.597517132709527, 54.476051330904227 ], [ 13.601505636775755, 54.483261108513489 ], [ 13.596186041652629, 54.488117456555415 ], [ 13.600852728071061, 54.489846467940311 ], [ 13.602838039044457, 54.492187500353054 ], [ 13.603355526936127, 54.492187500353054 ], [ 13.60644924603605, 54.496755242460608 ], [ 13.606910228624315, 54.497083664079923 ], [ 13.610723138262301, 54.499413609650446 ], [ 13.621900439653757, 54.50207364598208 ], [ 13.625388741697236, 54.503519654208844 ], [ 13.627491354842164, 54.505659341905186 ], [ 13.634120702808218, 54.507866859168246 ], [ 13.636970520373268, 54.510383605618927 ], [ 13.649684548203425, 54.514889717186747 ], [ 13.639410018657543, 54.508795738332765 ], [ 13.636379122598612, 54.506134867430319 ], [ 13.637488245686029, 54.505877375340788 ], [ 13.65299975863212, 54.515549421168828 ], [ 13.668020129325669, 54.520477056670984 ], [ 13.668800711184019, 54.521059513385865 ], [ 13.670936941886396, 54.525058150113694 ], [ 13.677099704487944, 54.530066251556434 ], [ 13.678762674158179, 54.538654804076089 ], [ 13.681964039408967, 54.542549967507171 ], [ 13.676018356961777, 54.554567217702981 ], [ 13.679378152180163, 54.562328338182454 ], [ 13.66080963585614, 54.575135350516121 ], [ 13.649263143879011, 54.578251958261319 ], [ 13.641098022755614, 54.583044767402157 ], [ 13.633392572109528, 54.585028410133134 ], [ 13.607994436893819, 54.585040330646791 ], [ 13.605058670221524, 54.583842754739521 ], [ 13.589336514468584, 54.583954929876256 ], [ 13.551342963906734, 54.580327630415809 ], [ 13.508573532142918, 54.57345354544492 ], [ 13.500365018730633, 54.574607015001732 ], [ 13.498401642222177, 54.574415564626747 ], [ 13.491134047198614, 54.572249532190312 ], [ 13.482857465899372, 54.572355151269278 ], [ 13.467643856978441, 54.575288057198236 ], [ 13.466942668169736, 54.573544144946482 ], [ 13.470041871335297, 54.572116613291087 ], [ 13.462358951404667, 54.569504618743338 ], [ 13.449816346047669, 54.570524454440147 ], [ 13.43650984755152, 54.572853207509638 ], [ 13.431366324396379, 54.574071049639315 ], [ 13.420747041542825, 54.578004955864117 ], [ 13.415850401175135, 54.580402016939615 ], [ 13.401165008158671, 54.58950865270225 ], [ 13.390652656495035, 54.598939656839718 ], [ 13.382791638423498, 54.609718322942285 ], [ 13.381038070150851, 54.613469958172175 ], [ 13.375759958954916, 54.634903907889111 ], [ 13.387251615669697, 54.649607658766627 ], [ 13.40162801781895, 54.653809071031787 ], [ 13.402517080398979, 54.65399503734119 ], [ 13.420660018644924, 54.656592249732626 ], [ 13.421481847908979, 54.656838059628797 ], [ 13.428300857498641, 54.66048145335651 ], [ 13.431053161574141, 54.663108110450992 ], [ 13.432601571105749, 54.665478348347278 ], [ 13.431896805693157, 54.667968750057923 ], [ 13.431712865556449, 54.667968750057923 ], [ 13.431870341343313, 54.67088150937434 ], [ 13.437917947555263, 54.676195144690269 ], [ 13.437921524159151, 54.676466226435195 ], [ 13.42961525893719, 54.683764576474005 ], [ 13.428552746811988, 54.684398055326142 ], [ 13.427575350122368, 54.684391379658507 ], [ 13.406267046487187, 54.68143427387281 ], [ 13.376549721092942, 54.683007120682248 ], [ 13.359375000156319, 54.679966449891879 ], [ 13.353227019711198, 54.679064035077204 ], [ 13.335893750096602, 54.67467224622726 ], [ 13.284891128422998, 54.672401308773544 ], [ 13.27305173894672, 54.667968750057923 ], [ 13.271964550323901, 54.667968750057923 ], [ 13.265586972061215, 54.665735125475749 ], [ 13.254884957874538, 54.660727858603821 ], [ 13.250121951367134, 54.659834146528624 ], [ 13.245237231513102, 54.657224654794106 ], [ 13.242485522788741, 54.653737068610894 ], [ 13.229472041401721, 54.647796154369075 ], [ 13.228574752722807, 54.64575266805133 ], [ 13.220271467854047, 54.64096415047527 ], [ 13.219486951461761, 54.639803051969409 ], [ 13.218778848665067, 54.635494709413422 ], [ 13.220409035348837, 54.626500725428116 ], [ 13.224834680975903, 54.620702147785892 ], [ 13.227087259669418, 54.613061547252698 ], [ 13.221669554806226, 54.602254510237515 ], [ 13.221465111026077, 54.602015257298262 ], [ 13.211228251382749, 54.59189546150634 ], [ 13.196945547798805, 54.582663417083211 ], [ 13.166639923693651, 54.572522759717629 ], [ 13.159876346516228, 54.564998150144504 ], [ 13.15970075118878, 54.564302921143053 ], [ 13.161224127191758, 54.558849930479937 ], [ 13.16314971418808, 54.557911753224971 ], [ 13.163915634399075, 54.557820320051917 ], [ 13.174713253713833, 54.560172200086981 ] ], [ [ 13.529548168413271, 54.326439142252582 ], [ 13.531524062585447, 54.323045611665748 ], [ 13.531240344466369, 54.322605610260837 ], [ 13.523915648788318, 54.316406249748809 ], [ 13.523723244232372, 54.316406249748809 ], [ 13.52318394148574, 54.315742254201723 ], [ 13.518188953057916, 54.315703511408003 ], [ 13.51808071155574, 54.315275430516749 ], [ 13.522499203975144, 54.310069203031389 ], [ 13.524135470075862, 54.30945181844686 ], [ 13.524482012135309, 54.309795856793471 ], [ 13.523913264685461, 54.313767432920827 ], [ 13.526581526216432, 54.316406249748809 ], [ 13.526785731676284, 54.316406249748809 ], [ 13.529326200443904, 54.319372653625123 ], [ 13.537626743279759, 54.322875976145554 ], [ 13.543087720821745, 54.322951913100383 ], [ 13.545578241242936, 54.324894904676228 ], [ 13.546068906854714, 54.325479150142769 ], [ 13.545832752979209, 54.327378034468836 ], [ 13.541627049149042, 54.331817865102437 ], [ 13.529548168413271, 54.326439142252582 ] ], [ [ 13.360862016568888, 54.252552271070499 ], [ 13.359375000156319, 54.252511143274774 ], [ 13.358958124817605, 54.252331733922517 ], [ 13.359375000156319, 54.251953124737099 ], [ 13.362625480081874, 54.25046122050901 ], [ 13.364412665012594, 54.250711321969959 ], [ 13.364495634665957, 54.251162648537559 ], [ 13.360862016568888, 54.252552271070499 ] ], [ [ 13.914206147196012, 54.241804242172179 ], [ 13.91718506783667, 54.24495995064126 ], [ 13.92506719389587, 54.247294574485011 ], [ 13.92608535325644, 54.247596145046089 ], [ 13.92658805809242, 54.247881412697211 ], [ 13.926639825767381, 54.248325182261397 ], [ 13.926746130129857, 54.249236464391345 ], [ 13.922784447444485, 54.251025557683533 ], [ 13.916790246572646, 54.250616550513485 ], [ 13.914350628678619, 54.246871471341422 ], [ 13.908349752139486, 54.244148850289207 ], [ 13.909366845803333, 54.241744041554341 ], [ 13.909007668269396, 54.241465568281455 ], [ 13.907132744580565, 54.241350531501894 ], [ 13.90654253930677, 54.241546869692399 ], [ 13.90649080310817, 54.242674231930437 ], [ 13.90629506116818, 54.242627263037832 ], [ 13.905841946748581, 54.241879701587038 ], [ 13.906579017607669, 54.240927338426104 ], [ 13.907660245523914, 54.240838647285784 ], [ 13.912638425623015, 54.241398453675856 ], [ 13.914206147196012, 54.241804242172179 ] ], [ [ 13.111324906219636, 54.311800956449019 ], [ 13.110911369164398, 54.311377406342388 ], [ 13.114836215618993, 54.304782747925515 ], [ 13.117890715284432, 54.303216457173846 ], [ 13.120607971880531, 54.302322626388275 ], [ 13.121699452068185, 54.302318453533871 ], [ 13.126882672197723, 54.304209351880218 ], [ 13.130003213577481, 54.306852340663056 ], [ 13.130107760664771, 54.307455539341788 ], [ 13.128795743328908, 54.309508920000724 ], [ 13.124515652975163, 54.31134057011127 ], [ 13.123903513236598, 54.31202781223385 ], [ 13.123867511576464, 54.313457250451734 ], [ 13.126932263513311, 54.314949750930339 ], [ 13.126145959268683, 54.315505027435108 ], [ 13.122971177078284, 54.313647746646211 ], [ 13.11380422108806, 54.312961101673693 ], [ 13.111324906219636, 54.311800956449019 ] ], [ [ 13.212771058138003, 54.402622818987879 ], [ 13.207274078935654, 54.399966717190352 ], [ 13.207074403361105, 54.397428512915667 ], [ 13.210151076710986, 54.396561741830908 ], [ 13.210792421932865, 54.396654844145928 ], [ 13.216276764760948, 54.397441148390385 ], [ 13.220456004241271, 54.400502205012799 ], [ 13.220553278510977, 54.400797367004884 ], [ 13.219496250451584, 54.401959300081785 ], [ 13.216994046937884, 54.402611851755637 ], [ 13.212771058138003, 54.402622818987879 ] ], [ [ 13.121920347146386, 54.42889201685324 ], [ 13.117267846633922, 54.430088162838501 ], [ 13.116557240124621, 54.430296659863131 ], [ 13.115871906363509, 54.429583668351768 ], [ 13.116406321294846, 54.427380442653373 ], [ 13.121920943396901, 54.426299333447673 ], [ 13.121920347146386, 54.42889201685324 ] ], [ [ 13.049522281128475, 54.460125565942178 ], [ 13.046604036846873, 54.459648847916014 ], [ 13.047389149489845, 54.457497954666906 ], [ 13.044954776441784, 54.453498840399277 ], [ 13.03504490849582, 54.448334455670704 ], [ 13.033813833741533, 54.446462154405026 ], [ 13.024858713059189, 54.448542118124351 ], [ 13.016917347757442, 54.44649767852502 ], [ 13.011842012099237, 54.44779324546198 ], [ 13.007812499847034, 54.447823643446554 ], [ 13.001303554015976, 54.447222709260757 ], [ 12.993278741520783, 54.444985508974185 ], [ 12.990031361558124, 54.439357637944738 ], [ 12.98517584808701, 54.4376387592215 ], [ 12.984601259540682, 54.441114664110557 ], [ 12.98265385589076, 54.442011475249501 ], [ 12.977053165071595, 54.442211866684488 ], [ 12.973790049671095, 54.441655874319281 ], [ 12.973413347947769, 54.44150364427793 ], [ 12.972415804645777, 54.44022130996558 ], [ 12.968485355414998, 54.440029144629477 ], [ 12.967645764540464, 54.43925404503824 ], [ 12.967265247892954, 54.437791466802821 ], [ 12.968760252083996, 54.43592381503214 ], [ 12.969253778439224, 54.435544132955442 ], [ 12.97175216702891, 54.435452341852169 ], [ 12.97360694410537, 54.432243228042637 ], [ 12.974164843932499, 54.432064652361817 ], [ 12.976721048137961, 54.431986570523975 ], [ 12.981837272372275, 54.43319594823447 ], [ 12.985625743833111, 54.432623147540312 ], [ 12.989250302159803, 54.433455347786264 ], [ 12.991360068512392, 54.434247255706282 ], [ 12.997617244640196, 54.439149856780546 ], [ 13.007812499847034, 54.441685319022326 ], [ 13.007812499847034, 54.441964149326225 ], [ 13.019699454466377, 54.443258047121162 ], [ 13.028797030458691, 54.442129373671719 ], [ 13.037056208077615, 54.443630933920474 ], [ 13.037278175147776, 54.441154956436094 ], [ 13.05116212383308, 54.445968746760343 ], [ 13.051941514089776, 54.446565032350463 ], [ 13.05943000329205, 54.45126771952971 ], [ 13.055829763532927, 54.45293891439951 ], [ 13.049522281128475, 54.460125565942178 ] ], [ [ 13.162815451471886, 54.451813459623509 ], [ 13.166214346515005, 54.455437302989196 ], [ 13.166589022065864, 54.455590605921827 ], [ 13.17154312101826, 54.456977963062684 ], [ 13.182162046841029, 54.456498265582525 ], [ 13.183889627404426, 54.456861853391956 ], [ 13.187924147081844, 54.459361314872979 ], [ 13.188060880005708, 54.459687114069141 ], [ 13.186126112730051, 54.461078166524203 ], [ 13.185891627996398, 54.463090062356571 ], [ 13.186752557984335, 54.464967966398603 ], [ 13.18926584744105, 54.4656527039092 ], [ 13.198513507692269, 54.466935634472065 ], [ 13.203230977027999, 54.468779802246104 ], [ 13.208950877481186, 54.468871116708726 ], [ 13.212888479020251, 54.466358065572308 ], [ 13.2134785655835, 54.465286254457055 ], [ 13.213220000602689, 54.464997649422116 ], [ 13.200497270033168, 54.461812614960309 ], [ 13.199574828215873, 54.4612125162447 ], [ 13.198284625734971, 54.458620309479727 ], [ 13.198277473426742, 54.457936048609895 ], [ 13.199430703764108, 54.456846117954115 ], [ 13.200100302986755, 54.456778645418126 ], [ 13.200665355122112, 54.456828713374478 ], [ 13.200488925223908, 54.460202336568614 ], [ 13.203972101131569, 54.461904525673503 ], [ 13.213211536183508, 54.464188336922405 ], [ 13.216725349295416, 54.463840961191579 ], [ 13.223896145790491, 54.465217351999286 ], [ 13.223861813272151, 54.467423439340394 ], [ 13.226372838235932, 54.469715714108929 ], [ 13.220753669945964, 54.469064951186624 ], [ 13.219488143962792, 54.46710765319574 ], [ 13.215790748644167, 54.467186570503998 ], [ 13.226557135403539, 54.472247958576588 ], [ 13.224681973394411, 54.482008576834403 ], [ 13.220242142760753, 54.482840419150136 ], [ 13.227536677875548, 54.484594464063377 ], [ 13.224624156879429, 54.48622775071027 ], [ 13.212100625243693, 54.484684347704672 ], [ 13.200472950566393, 54.485520243264716 ], [ 13.196784138377325, 54.487708449385593 ], [ 13.198530316021447, 54.490075946148124 ], [ 13.195790648319814, 54.492187500353054 ], [ 13.195120335035483, 54.492187500353054 ], [ 13.195160150720483, 54.492330551014106 ], [ 13.1816160675275, 54.494068145528615 ], [ 13.17014586953627, 54.492187500353054 ], [ 13.169005155963248, 54.492187500353054 ], [ 13.157849549817058, 54.487705350321789 ], [ 13.148624300670917, 54.48176085947614 ], [ 13.145637750182061, 54.478888272875508 ], [ 13.132582902678962, 54.460550427260557 ], [ 13.131166457865788, 54.45884466155195 ], [ 13.124592542311973, 54.454065203746268 ], [ 13.120750546800366, 54.44879984853435 ], [ 13.120482564119186, 54.443063616392976 ], [ 13.121091603894399, 54.442265272024713 ], [ 13.122749805359263, 54.442008137865457 ], [ 13.124741077039062, 54.442127704530094 ], [ 13.126608610099368, 54.443768739735617 ], [ 13.134312033673439, 54.442869543594611 ], [ 13.147024273651425, 54.449000120359415 ], [ 13.154305934971035, 54.447794437063806 ], [ 13.160656333023439, 54.448604702844875 ], [ 13.16343092949387, 54.449511170004484 ], [ 13.164093375508912, 54.450023413050189 ], [ 13.164561510405406, 54.451089024239138 ], [ 13.162815451471886, 54.451813459623509 ] ], [ [ 13.078634738702362, 54.474706650191877 ], [ 13.078858256203546, 54.474375248219133 ], [ 13.08130955719048, 54.474241137718479 ], [ 13.083081364613349, 54.474995255226986 ], [ 13.08434545977525, 54.476280927822586 ], [ 13.082584261654404, 54.476974368072717 ], [ 13.081377268046595, 54.477170228723253 ], [ 13.080214738719405, 54.47672355165065 ], [ 13.078634738702362, 54.474706650191877 ] ], [ [ 13.125490903882167, 54.543940544220845 ], [ 13.122858643111954, 54.549476504537154 ], [ 13.11619031403194, 54.54613983628451 ], [ 13.117023825489298, 54.540426254468116 ], [ 13.118541955746707, 54.539366006835849 ], [ 13.119976401389863, 54.539576173002104 ], [ 13.120220780464706, 54.541884422428211 ], [ 13.120496868735529, 54.542100548401663 ], [ 13.125490903882167, 54.543940544220845 ] ], [ [ 13.302610039921433, 54.537500977488207 ], [ 13.302956342761149, 54.53806924829729 ], [ 13.300161838897793, 54.541038155886213 ], [ 13.298207164229268, 54.538929224104436 ], [ 13.301499962653281, 54.537576318192521 ], [ 13.302610039921433, 54.537500977488207 ] ], [ [ 12.732440352840058, 54.413272857756283 ], [ 12.723642110794913, 54.412394642798631 ], [ 12.717816829583001, 54.407184243358188 ], [ 12.717936873787835, 54.404427051467394 ], [ 12.72587835780007, 54.403809905202991 ], [ 12.731539845487646, 54.404711842477525 ], [ 12.737241148859937, 54.40839362106891 ], [ 12.737910508862967, 54.41147994954008 ], [ 12.736740112266432, 54.412646055471157 ], [ 12.735914349367818, 54.412828922716642 ], [ 12.732440352840058, 54.413272857756283 ] ], [ [ 12.582468152083663, 54.379589557212341 ], [ 12.579831242717773, 54.377285003999873 ], [ 12.579830050216742, 54.376895665902282 ], [ 12.580894947344007, 54.375453352990007 ], [ 12.58329427201312, 54.374786138769423 ], [ 12.583978533782499, 54.37486410099757 ], [ 12.585626244655657, 54.375706553514704 ], [ 12.584563016669961, 54.377823114245473 ], [ 12.586624979559303, 54.380181073697713 ], [ 12.586578846136888, 54.380478024441345 ], [ 12.584601640753306, 54.380921959480816 ], [ 12.582468152083663, 54.379589557212341 ] ], [ [ 12.523816704677301, 54.363474965197554 ], [ 12.526004552867903, 54.361988544136125 ], [ 12.527031660482862, 54.362125754599958 ], [ 12.528585314860493, 54.363168954683601 ], [ 12.528556943048557, 54.365651249905397 ], [ 12.530884623226939, 54.367389559380797 ], [ 12.530902027806405, 54.367735147259282 ], [ 12.52732217297995, 54.368932009104981 ], [ 12.522375702976376, 54.368539214013595 ], [ 12.521882653261912, 54.367947578817848 ], [ 12.525177836687931, 54.366477131514557 ], [ 12.523816704677301, 54.363474965197554 ] ], [ [ 12.528576016769819, 54.35911464722335 ], [ 12.527401208998754, 54.361391067843499 ], [ 12.524853348703232, 54.359636545390345 ], [ 12.527941226706275, 54.355991005880412 ], [ 12.526193737850804, 54.354538440696558 ], [ 12.529039263851018, 54.345685720419738 ], [ 12.530990958166171, 54.345681905495667 ], [ 12.529525876218315, 54.346812606017011 ], [ 12.529541135015393, 54.347080945729033 ], [ 12.531294107037525, 54.350600719547572 ], [ 12.529544949939577, 54.354445815022473 ], [ 12.529657244686064, 54.354637145787763 ], [ 12.534003615074823, 54.354583859157913 ], [ 12.534237503558018, 54.354819059751833 ], [ 12.535555719920524, 54.356151104090316 ], [ 12.53540992722634, 54.356467723906349 ], [ 12.528576016769819, 54.35911464722335 ] ], [ [ 13.768621325913557, 54.200699925860988 ], [ 13.77065515531126, 54.200070858183722 ], [ 13.770913004431634, 54.200193763131836 ], [ 13.774256825891882, 54.203906059317262 ], [ 13.775117158729927, 54.207005858733567 ], [ 13.77513956983546, 54.207635045121322 ], [ 13.774814606109317, 54.208267569792554 ], [ 13.772174000529787, 54.208830356535827 ], [ 13.770144343087111, 54.209030032110377 ], [ 13.768324375169755, 54.208398342009957 ], [ 13.768102050169603, 54.203822374702838 ], [ 13.768621325913557, 54.200699925860988 ] ], [ [ 13.368502617102138, 54.184684752999146 ], [ 13.359375000156319, 54.184988856050836 ], [ 13.356119752024995, 54.184728264897558 ], [ 13.350378155427563, 54.181833028871381 ], [ 13.35499823088378, 54.181140423192062 ], [ 13.357252002078326, 54.182663440365616 ], [ 13.359375000156319, 54.182198643752486 ], [ 13.365922331750369, 54.182147264584728 ], [ 13.370764851816546, 54.180227517785852 ], [ 13.371557951338389, 54.180138945356134 ], [ 13.372211217973359, 54.180649757580284 ], [ 13.371940851189436, 54.181720733225347 ], [ 13.369546651756764, 54.184544801401614 ], [ 13.368502617102138, 54.184684752999146 ] ], [ [ 13.349224925090368, 54.177804231580012 ], [ 13.34788835086681, 54.177041053401979 ], [ 13.34856116786375, 54.176160454341641 ], [ 13.349670648881386, 54.175667643846793 ], [ 13.351589441499698, 54.175513625053895 ], [ 13.352072358552505, 54.175777434880843 ], [ 13.349837541469469, 54.177739143147051 ], [ 13.349224925090368, 54.177804231580012 ] ], [ [ 13.763237237708438, 54.126960635225259 ], [ 13.760971665609986, 54.125684976580544 ], [ 13.762195110516075, 54.125110745064887 ], [ 13.765335440578212, 54.125140309377855 ], [ 13.76619005192947, 54.125310420639437 ], [ 13.766292214014527, 54.126121044350896 ], [ 13.763237237708438, 54.126960635225259 ] ], [ [ 13.774104952881373, 54.116974473293396 ], [ 13.768140078002375, 54.126377820579989 ], [ 13.768218636481038, 54.125790476949021 ], [ 13.767969250880299, 54.122402549138371 ], [ 13.768404006539697, 54.121004223865896 ], [ 13.771770954066369, 54.114647268856402 ], [ 13.775942444987948, 54.113867640279409 ], [ 13.777727365425676, 54.110661506823078 ], [ 13.779210567813436, 54.110635280793758 ], [ 13.778501510836236, 54.112375736051547 ], [ 13.787164449879526, 54.110183357975643 ], [ 13.783404469840548, 54.112584352685701 ], [ 13.780857324506087, 54.114905953447135 ], [ 13.774104952881373, 54.116974473293396 ] ], [ [ 13.958842515769618, 53.943393707253847 ], [ 13.957785010170255, 53.941237569158545 ], [ 13.958231330211788, 53.940734863423188 ], [ 13.959586143585625, 53.940896629875738 ], [ 13.960792303521998, 53.941916346861944 ], [ 13.960684776081735, 53.942333221301283 ], [ 13.958842515769618, 53.943393707253847 ] ], [ [ 14.029731154269484, 53.947080373660469 ], [ 14.028367042804803, 53.949733972644765 ], [ 14.027707934173861, 53.951176762197804 ], [ 14.022929668869153, 53.952038645467098 ], [ 14.022399067962681, 53.949313640312425 ], [ 14.029731154269484, 53.947080373660469 ] ], [ [ 14.034481048661576, 53.946009278405484 ], [ 14.032328009629907, 53.946470021774132 ], [ 14.031046748208894, 53.943745255838905 ], [ 14.031635522661361, 53.94357490535765 ], [ 14.032888531880417, 53.943882942044297 ], [ 14.034553766043587, 53.945454240221181 ], [ 14.034481048661576, 53.946009278405484 ] ], [ [ 13.924358844684946, 54.023022532064203 ], [ 13.930911302414813, 54.024024963181546 ], [ 13.934814334014391, 54.026943206563772 ], [ 13.932177305038579, 54.030039667696599 ], [ 13.929545045167743, 54.031057953861477 ], [ 13.928902149514727, 54.031219243673206 ], [ 13.92352902854185, 54.029397844934749 ], [ 13.915771961307087, 54.022117257405625 ], [ 13.919388174824519, 54.017694830452058 ], [ 13.919880151647703, 54.017400860961004 ], [ 13.92511236684237, 54.015672326217043 ], [ 13.926708340617552, 54.015782713501608 ], [ 13.927270650720004, 54.016304373348305 ], [ 13.927229165893436, 54.019130230275948 ], [ 13.924353241908761, 54.020524859334955 ], [ 13.924358844684946, 54.023022532064203 ] ], [ [ 9.710713267003655, 54.492187500353054 ], [ 9.714075326715033, 54.492187500353054 ], [ 9.712908148792167, 54.493690610133683 ], [ 9.712247610239046, 54.49380731605487 ], [ 9.710527062374183, 54.493194222135742 ], [ 9.710713267003655, 54.492187500353054 ] ], [ [ 8.428876042395473, 55.034103631877201 ], [ 8.435993670971243, 55.037200570549999 ], [ 8.428489446330957, 55.036499619162214 ], [ 8.427339911307854, 55.034958124517971 ], [ 8.428117871642598, 55.034263849697027 ], [ 8.428876042395473, 55.034103631877201 ] ] ] ] } }
]
}
